# char	codepoint	stroke_count
# 출처: Unicode Consortium Unihan Database (Unihan_IRGSources.txt, kTotalStrokes), 2026-09-03 조회.
# populate_hanja_strokes.py가 이 파일을 읽어 vocab idiom.db의 hanja.stroke_count를 채운다.
一	U+4E00	1
丈	U+4E08	3
三	U+4E09	3
上	U+4E0A	3
下	U+4E0B	3
不	U+4E0D	4
世	U+4E16	5
丘	U+4E18	5
中	U+4E2D	4
丹	U+4E39	4
之	U+4E4B	3
乙	U+4E59	1
九	U+4E5D	2
也	U+4E5F	3
亂	U+4E82	13
事	U+4E8B	8
二	U+4E8C	2
五	U+4E94	4
亡	U+4EA1	3
交	U+4EA4	6
人	U+4EBA	2
仙	U+4ED9	5
令	U+4EE4	5
以	U+4EE5	4
休	U+4F11	6
伯	U+4F2F	7
佑	U+4F51	7
佳	U+4F73	8
來	U+4F86	8
信	U+4FE1	9
假	U+5047	11
偸	U+5078	11
傍	U+508D	12
傳	U+50B3	13
價	U+50F9	15
先	U+5148	6
光	U+5149	6
兎	U+514E	7
兢	U+5162	14
入	U+5165	2
內	U+5167	4
兩	U+5169	8
公	U+516C	4
六	U+516D	4
再	U+518D	6
出	U+51FA	5
切	U+5207	4
初	U+521D	7
利	U+5229	7
刮	U+522E	8
刻	U+523B	8
前	U+524D	9
割	U+5272	12
劍	U+528D	15
加	U+52A0	5
助	U+52A9	7
勉	U+52C9	9
動	U+52D5	11
勞	U+52DE	12
勢	U+52E2	13
勵	U+52F5	16
十	U+5341	2
千	U+5343	3
半	U+534A	5
卵	U+5375	7
厚	U+539A	9
及	U+53CA	3
友	U+53CB	4
反	U+53CD	4
口	U+53E3	3
可	U+53EF	5
同	U+540C	6
吐	U+5410	6
吳	U+5433	7
吾	U+543E	7
呑	U+5451	7
命	U+547D	8
和	U+548C	8
唯	U+552F	11
問	U+554F	11
善	U+5584	12
單	U+55AE	12
嘆	U+5606	14
嘗	U+5617	14
四	U+56DB	5
回	U+56DE	6
土	U+571F	3
在	U+5728	6
堂	U+5802	11
塞	U+585E	13
塵	U+5875	14
境	U+5883	14
墨	U+58A8	15
壤	U+58E4	20
夕	U+5915	3
外	U+5916	5
多	U+591A	6
夢	U+5922	13
大	U+5927	3
天	U+5929	4
夫	U+592B	4
失	U+5931	5
奈	U+5948	8
奉	U+5949	8
奔	U+5954	8
奪	U+596A	14
女	U+5973	3
如	U+5982	6
妄	U+5984	6
威	U+5A01	9
孑	U+5B51	3
字	U+5B57	6
孤	U+5B64	8
守	U+5B88	6
家	U+5BB6	10
宿	U+5BBF	11
寒	U+5BD2	12
對	U+5C0D	14
小	U+5C0F	3
巧	U+5DE7	5
差	U+5DEE	9
己	U+5DF1	3
已	U+5DF2	3
年	U+5E74	6
床	U+5E8A	7
康	U+5EB7	11
廬	U+5EEC	19
張	U+5F35	11
强	U+5F3A	12
往	U+5F80	8
待	U+5F85	9
後	U+5F8C	9
徒	U+5F92	10
得	U+5F97	11
從	U+5F9E	11
心	U+5FC3	4
必	U+5FC5	5
忍	U+5FCD	7
忘	U+5FD8	7
思	U+601D	9
恥	U+6065	10
恨	U+6068	9
悔	U+6094	10
患	U+60A3	11
悲	U+60B2	12
情	U+60C5	11
想	U+60F3	13
感	U+611F	13
慨	U+6168	12
慮	U+616E	15
慷	U+6177	14
憂	U+6182	15
憐	U+6190	15
憤	U+61A4	15
我	U+6211	7
戒	U+6212	7
戰	U+6230	16
手	U+624B	4
投	U+6295	7
拒	U+62D2	7
捲	U+6372	11
換	U+63DB	12
援	U+63F4	12
搖	U+6416	13
摸	U+6478	13
撐	U+6490	15
撞	U+649E	15
擇	U+64C7	16
據	U+64DA	16
擧	U+64E7	17
改	U+6539	7
故	U+6545	9
散	U+6563	12
斂	U+6582	17
新	U+65B0	13
於	U+65BC	8
明	U+660E	8
是	U+662F	9
時	U+6642	10
晩	U+6669	12
暗	U+6697	13
暴	U+66B4	15
會	U+6703	13
月	U+6708	4
有	U+6709	6
望	U+671B	11
朝	U+671D	12
木	U+6728	4
未	U+672A	5
杖	U+6756	7
杜	U+675C	7
東	U+6771	8
株	U+682A	10
桑	U+6851	10
棄	U+68C4	12
棒	U+68D2	12
楚	U+695A	13
樹	U+6A39	16
權	U+6B0A	21
歌	U+6B4C	14
歎	U+6B4E	15
正	U+6B63	5
歸	U+6B78	18
死	U+6B7B	6
毛	U+6BDB	4
氣	U+6C23	10
求	U+6C42	7
河	U+6CB3	8
流	U+6D41	10
海	U+6D77	10
淸	U+6DF8	11
添	U+6DFB	11
溫	U+6EAB	13
滅	U+6EC5	13
漸	U+6F38	14
激	U+6FC0	16
烹	U+70F9	11
焉	U+7109	11
無	U+7121	12
焦	U+7126	12
然	U+7136	12
煙	U+7159	13
照	U+7167	13
爭	U+722D	8
爲	U+7232	12
片	U+7247	4
牙	U+7259	4
牛	U+725B	4
物	U+7269	8
牽	U+727D	11
狐	U+72D0	8
狗	U+72D7	8
獨	U+7368	16
玉	U+7389	5
琢	U+7422	12
甘	U+7518	5
生	U+751F	5
田	U+7530	5
甲	U+7532	5
畏	U+754F	9
異	U+7570	11
疑	U+7591	14
病	U+75C5	10
痛	U+75DB	12
白	U+767D	5
百	U+767E	6
益	U+76CA	10
盡	U+76E1	14
目	U+76EE	5
相	U+76F8	9
眼	U+773C	11
着	U+7740	11
矣	U+77E3	7
知	U+77E5	8
石	U+77F3	5
碧	U+78A7	14
磋	U+78CB	14
磨	U+78E8	16
神	U+795E	9
禍	U+798D	12
福	U+798F	13
秀	U+79C0	7
私	U+79C1	7
竊	U+7ACA	22
立	U+7ACB	5
答	U+7B54	12
策	U+7B56	12
糊	U+7CCA	15
紅	U+7D05	9
索	U+7D22	10
絃	U+7D43	11
絶	U+7D76	12
綠	U+7DA0	14
維	U+7DAD	14
緘	U+7DD8	15
緣	U+7DE3	15
縛	U+7E1B	16
繩	U+7E69	19
纖	U+7E96	23
罰	U+7F70	14
羊	U+7F8A	6
群	U+7FA4	13
義	U+7FA9	13
翁	U+7FC1	10
者	U+8005	8
耳	U+8033	6
聲	U+8072	17
肝	U+809D	7
背	U+80CC	9
胎	U+80CE	9
能	U+80FD	10
脣	U+8123	11
腐	U+8150	14
腹	U+8179	13
膽	U+81BD	17
臥	U+81E5	8
自	U+81EA	6
舟	U+821F	6
色	U+8272	6
花	U+82B1	7
芳	U+82B3	7
苛	U+82DB	8
若	U+82E5	8
苦	U+82E6	8
茫	U+832B	9
草	U+8349	9
荷	U+8377	10
莫	U+83AB	10
萬	U+842C	12
薄	U+8584	16
薪	U+85AA	16
藍	U+85CD	17
蘭	U+862D	20
虎	U+864E	8
虛	U+865B	12
蜜	U+871C	14
螂	U+8782	14
螳	U+87B3	17
衆	U+8846	12
衢	U+8862	24
衣	U+8863	6
表	U+8868	8
袖	U+8896	10
裏	U+88CF	13
裳	U+88F3	14
西	U+897F	6
見	U+898B	7
親	U+89AA	16
觀	U+89C0	24
言	U+8A00	7
計	U+8A08	9
誅	U+8A85	13
誇	U+8A87	13
說	U+8AAA	14
論	U+8AD6	15
識	U+8B58	19
變	U+8B8A	23
谷	U+8C37	7
貪	U+8CAA	11
賊	U+8CCA	13
走	U+8D70	7
起	U+8D77	10
越	U+8D8A	12
踏	U+8E0F	15
身	U+8EAB	7
輕	U+8F15	14
轉	U+8F49	18
轍	U+8F4D	19
近	U+8FD1	7
退	U+9000	9
進	U+9032	11
過	U+904E	11
道	U+9053	12
遷	U+9077	15
還	U+9084	16
鄕	U+9115	12
里	U+91CC	7
重	U+91CD	9
金	U+91D1	8
針	U+91DD	10
錦	U+9326	16
門	U+9580	8
關	U+95DC	19
防	U+9632	6
附	U+9644	7
陰	U+9670	10
隔	U+9694	12
雄	U+96C4	12
難	U+96E3	19
雪	U+96EA	11
雲	U+96F2	12
雷	U+96F7	13
霜	U+971C	17
霧	U+9727	18
露	U+9732	21
霹	U+9739	21
靂	U+9742	24
靑	U+9751	8
非	U+975E	8
面	U+9762	9
頃	U+9803	11
顔	U+9854	18
類	U+985E	19
顧	U+9867	21
風	U+98A8	9
飛	U+98DB	9
食	U+98DF	9
餐	U+9910	16
首	U+9996	9
馬	U+99AC	10
駁	U+99C1	14
騎	U+9A0E	18
驚	U+9A5A	22
骨	U+9AA8	10
體	U+9AD4	22
高	U+9AD8	10
魂	U+9B42	13
魄	U+9B44	14
魚	U+9B5A	11
鳴	U+9CF4	14
麥	U+9EA5	11
黑	U+9ED1	12
鼠	U+9F20	13
齒	U+9F52	15
