idiom_id,sentence,context_type,grade_band,source
152,반 아이들 모두가 그 영화가 정말 재미있었다고 입을 모아 말했다.,situation,elem,handwritten-2026-09-03-b2
55,용돈은 얼마를 받든 넉넉할수록 더 좋다고 그는 웃으며 말했다.,situation,elem,handwritten-2026-09-03-b2
60,길을 물었더니 그는 전혀 상관없는 날씨 이야기를 늘어놓았다.,situation,elem,handwritten-2026-09-03-b2
65,아무리 충고해도 그는 한 귀로 듣고 한 귀로 흘려버렸다.,situation,elem,handwritten-2026-09-03-b2
84,그 소문을 듣고도 그녀는 믿어야 할지 말아야 할지 마음을 정하지 못했다.,situation,elem,handwritten-2026-09-03-b2
101,우여곡절이 있었지만 결국 진실은 밝혀지고 억울함은 풀렸다.,situation,elem,handwritten-2026-09-03-b2
102,사장은 그 개발자를 데려오기 위해 세 번이나 직접 찾아가 부탁했다.,situation,elem,handwritten-2026-09-03-b2
103,상황이 불리해지자 그는 뒤도 안 돌아보고 도망치는 것이 최선이라 판단했다.,situation,elem,handwritten-2026-09-03-b2
108,그는 몇 년 전부터 이 기술이 유행할 것을 미리 내다보고 준비해 두었다.,situation,elem,handwritten-2026-09-03-b2
130,유학을 갈지 취업을 할지 그는 두 가지 중 하나를 골라야 했다.,situation,elem,handwritten-2026-09-03-b2
141,그는 전통 방식을 깊이 연구하여 얻은 지혜로 새로운 제품을 개발했다.,situation,elem,handwritten-2026-09-03-b2
165,오랜 세월이 흘러도 그녀를 향한 그의 마음은 조금도 변하지 않았다.,situation,elem,handwritten-2026-09-03-b2
199,누구도 예상 못한 소식에 온 가족이 큰 충격에 휩싸였다.,situation,elem,handwritten-2026-09-03-b2
200,그의 실력은 어느새 자신을 가르쳤던 선생님을 뛰어넘을 정도로 성장했다.,situation,elem,handwritten-2026-09-03-b2
38,그 방대한 자료 중에서 이 정도 오류는 극히 일부에 지나지 않았다.,situation,mid,handwritten-2026-09-03-b2
40,한때 권력을 휘두르던 그 정치인도 오래지 않아 자리에서 물러났다.,situation,mid,handwritten-2026-09-03-b2
46,타지에서 크게 성공한 그는 자랑스러운 모습으로 고향 마을에 돌아왔다.,situation,mid,handwritten-2026-09-03-b2
59,가격이 똑같다면 그녀는 당연히 더 예쁘고 품질 좋은 것을 골랐다.,situation,mid,handwritten-2026-09-03-b2
62,행사 준비로 그는 아침부터 저녁까지 여기저기 뛰어다니느라 정신이 없었다.,situation,mid,handwritten-2026-09-03-b2
72,집이 불에 타 무너진 것을 본 그는 한동안 아무 말도 못 하고 멍하니 서 있었다.,situation,mid,handwritten-2026-09-03-b2
76,그는 개인의 이익을 모두 내려놓고 오직 회사와 동료들을 위해 헌신했다.,situation,mid,handwritten-2026-09-03-b2
87,죽을 위기에서 자신을 구해 준 그 은혜를 그는 평생 잊지 못했다.,situation,mid,handwritten-2026-09-03-b2
97,이런 실수는 이 회사에서 한두 번 있는 일이 아니라 흔하게 벌어지고 있었다.,situation,mid,handwritten-2026-09-03-b2
120,협력업체가 무너지자 그 회사도 결국 함께 어려움을 겪게 되었다.,situation,mid,handwritten-2026-09-03-b2
122,회의에서는 누구의 말이 맞고 틀린지를 놓고 한참 동안 논쟁이 이어졌다.,situation,mid,handwritten-2026-09-03-b2
216,그는 자신의 실력이 아니라 윗사람의 이름을 내세워 아랫사람들에게 큰소리를 쳤다.,situation,mid,handwritten-2026-09-03-b2
2,아름답기로 소문났던 그녀는 젊은 나이에 병을 얻어 세상을 떠났다.,situation,mid,handwritten-2026-09-03-b2
51,경기 침체에 더해 이웃 나라와의 갈등까지 겹쳐 나라 전체가 어려움에 빠졌다.,situation,mid,handwritten-2026-09-03-b2
53,그는 큰 프로젝트든 사소한 잡무든 가리지 않고 무엇이든 척척 해냈다.,situation,mid,handwritten-2026-09-03-b2
58,주변 사람들이 모두 뜻을 바꿀 때도 그만은 끝까지 자신의 신념을 지켰다.,situation,mid,handwritten-2026-09-03-b2
79,참혹한 사고 현장은 눈을 뜨고 차마 지켜볼 수 없을 정도였다.,situation,mid,handwritten-2026-09-03-b2
123,많이 알고 있는 탓에 오히려 이것저것 걱정거리만 늘어난 것 같다고 그는 한탄했다.,situation,mid,handwritten-2026-09-03-b2
161,학교는 규칙을 어긴 학생 한 명을 엄하게 처벌하여 다른 학생들에게 경각심을 주었다.,situation,mid,handwritten-2026-09-03-b2
172,위기 상황에서도 팀원들은 힘을 모으기는커녕 자기들끼리 다투기 시작했다.,situation,mid,handwritten-2026-09-03-b2
196,마지막 순간 예상치 못한 도움 덕분에 그는 기적처럼 위기를 벗어났다.,situation,mid,handwritten-2026-09-03-b2
13,전쟁이 끝난 뒤 거리마다 웃음소리가 넘치는 평화로운 풍경이 이어졌다.,situation,high,handwritten-2026-09-03-b2
17,큰돈을 벌 기회 앞에서도 그는 먼저 그것이 옳은 일인지를 따져 보았다.,situation,high,handwritten-2026-09-03-b2
34,어느새 십 년이 훌쩍 지나 있었으며 그는 시간이 얼마나 빨리 흘렀는지 새삼 놀랐다.,situation,high,handwritten-2026-09-03-b2
69,마지막 자금마저 바닥나자 그는 이제 더 손쓸 방법이 없다고 느꼈다.,situation,high,handwritten-2026-09-03-b2
109,백발을 휘날리며 나타난 노학자의 모습은 보는 이를 압도할 만큼 기품이 넘쳤다.,situation,high,handwritten-2026-09-03-b2
124,복잡하고 시끄러운 도시를 떠나 그는 조용한 산속으로 들어가 살기로 했다.,situation,high,handwritten-2026-09-03-b2
135,옛날에는 아내가 무조건 남편의 뜻을 따라야 한다는 생각이 당연하게 여겨졌다.,situation,high,handwritten-2026-09-03-b2
146,그가 남긴 업적은 수백 년이 지난 지금까지도 사람들 입에 오르내리며 칭송받는다.,situation,high,handwritten-2026-09-03-b2
193,아무리 꼼꼼한 그였지만 이번 계약서에서 사소한 조항 하나를 놓치고 말았다.,situation,high,handwritten-2026-09-03-b2
222,신입사원의 실력이 빠르게 늘어나는 것을 보고 선배들도 내심 긴장하기 시작했다.,situation,high,handwritten-2026-09-03-b2
