doc_id,level,quarter,week,book_title,review_status,n_vocab,n_ox,n_qa,n_essay,b1_unknown,b2_empty,b3_label_as_question,b4_dup_order,b5_font_broken,w1_table_noconfig,w2_rows_int,w3_reading_type_odd,w4_reading_type_null,w5_missing_parts,w6_no_cover_message,n_images,n_images_linked,grade,blockers
L1-Q1-W01,L1,1분기(고전),1,우리는 친구,pending,5,0,6,1,1,0,0,0,2,0,0,0,6,1,0,3,0,unusable,B1
L1-Q1-W02,L1,1분기(고전),2,아낌없이 주는 나무,pending,5,0,6,1,0,0,0,0,0,0,0,6,0,1,0,4,0,needs_review,
L1-Q1-W03,L1,1분기(고전),3,크리스마스 선물,pending,5,0,9,1,2,0,1,1,0,0,0,0,9,1,0,4,0,unusable,B1;B3;B4
L1-Q1-W04,L1,1분기(고전),4,행복한 왕자,pending,5,0,7,1,2,0,0,0,0,0,0,0,7,1,0,3,0,unusable,B1
L1-Q1-W05,L1,1분기(고전),5,이건 내 모자가 아니야,pending,5,0,2,1,0,0,0,0,0,0,0,0,2,1,0,4,0,needs_review,
L1-Q1-W06,L1,1분기(고전),6,브레멘 음악대,pending,5,0,2,1,1,0,0,0,2,0,0,0,2,1,0,4,0,unusable,B1
L1-Q1-W07,L1,1분기(고전),7,치과의사 드소토 선생님,pending,5,0,6,1,0,0,0,0,0,1,0,0,6,1,0,4,0,needs_review,
L1-Q1-W08,L1,1분기(고전),8,아름다운 실수,pending,5,0,6,1,0,0,0,0,0,1,0,0,6,1,0,4,0,needs_review,
L1-Q1-W09,L1,1분기(고전),9,장화 신은 고양이,pending,5,0,6,1,0,0,0,1,0,0,0,0,6,1,0,4,0,unusable,B4
L1-Q1-W10,L1,1분기(고전),10,이솝 이야기,pending,5,0,6,1,2,0,0,0,0,1,0,0,6,1,0,4,0,unusable,B1
L1-Q1-W11,L1,1분기(고전),11,이솝 이야기,pending,5,0,7,1,0,0,0,0,0,2,0,0,7,1,0,4,0,needs_review,
L1-Q1-W12,L1,1분기(고전),12,우리들의 특별한 버스,pending,5,0,7,1,2,0,0,0,0,0,0,0,7,1,0,5,0,unusable,B1
L1-Q2-W05,L1,2분기(탐구),5,농부달력,pending,5,0,9,1,1,0,0,0,0,0,0,6,0,1,0,3,0,unusable,B1
L1-Q2-W08,L1,2분기(탐구),8,미미의 스웨터,pending,5,0,9,1,0,0,0,0,0,0,0,7,0,1,0,2,0,needs_review,
L1-Q3-W01,L1,3분기(문학),1,책 먹는 여우,pending,5,5,6,1,0,0,0,0,0,0,0,0,6,0,0,2,0,needs_review,
L1-Q3-W02,L1,3분기(문학),2,윌리의 호주머니,pending,5,5,7,1,1,0,0,0,0,0,0,0,7,0,0,4,0,unusable,B1
L1-Q3-W03,L1,3분기(문학),3,학교에 간 공룡 앨리사우루스,pending,5,5,7,1,1,0,0,0,7,0,0,0,7,0,0,4,0,unusable,B1
L1-Q3-W04,L1,3분기(문학),4,글자동물원,pending,5,0,0,0,0,0,0,0,0,0,0,0,0,3,0,1,0,needs_review,
L1-Q3-W05,L1,3분기(문학),5,슈퍼 토끼,pending,5,5,7,1,0,0,0,0,3,0,0,0,7,0,0,5,0,needs_review,
L1-Q3-W06,L1,3분기(문학),6,프레드릭,pending,5,5,6,1,1,0,0,0,4,0,0,0,6,0,0,3,0,unusable,B1
L1-Q3-W07,L1,3분기(문학),7,까만 아기 양,pending,5,5,9,1,2,0,0,0,1,0,0,0,9,0,0,3,0,unusable,B1
L1-Q3-W08,L1,3분기(문학),8,나는 개다,pending,5,5,9,1,1,0,0,0,6,1,0,0,9,0,0,5,0,unusable,B1
L1-Q3-W09,L1,3분기(문학),9,이 세상에서 제일 예쁜 못난이,pending,5,5,8,1,1,0,0,0,4,1,0,0,8,0,0,3,0,unusable,B1
L1-Q3-W10,L1,3분기(문학),10,에드와르도 세상에서 가장 못된 아이,pending,5,5,8,1,0,0,0,0,5,1,0,0,8,0,0,5,0,needs_review,
L1-Q3-W11,L1,3분기(문학),11,폭풍우 치는 밤에,pending,5,5,12,1,6,0,0,3,2,0,0,0,12,0,0,5,0,unusable,B1;B4
L1-Q3-W12,L1,3분기(문학),12,생각을 모으는 사람,pending,5,5,7,1,3,0,0,0,3,0,0,0,7,0,0,5,0,unusable,B1
L1-Q3-W13,L1,3분기(문학),13,개구리네 한솥밥,pending,5,5,7,1,1,0,0,0,3,2,0,0,7,0,0,5,0,unusable,B1
L1-Q4-W01,L1,4분기(인문예술),1,"한글, 우리말을 담는 그릇",approved,5,5,6,1,2,0,0,0,2,0,0,0,6,0,0,5,0,unusable,B1
L1-Q4-W02,L1,4분기(인문예술),2,한지돌이,pending,5,5,10,1,3,1,1,3,1,0,0,4,6,0,0,5,0,unusable,B1;B2;B3;B4
L1-Q4-W03,L1,4분기(인문예술),3,팥죽할멈과 호랑이,pending,5,5,6,1,0,0,0,0,0,1,0,0,6,0,0,4,0,needs_review,
L1-Q4-W04,L1,4분기(인문예술),4,분홍 토끼의 추석,pending,5,5,6,1,0,0,0,0,2,1,0,0,6,0,0,5,0,needs_review,
L1-Q4-W06,L1,4분기(인문예술),6,임금님의 집 창덕궁,pending,5,5,7,1,0,0,0,0,0,1,0,0,7,0,0,5,0,needs_review,
L1-Q4-W07,L1,4분기(인문예술),7,반구대 암각화 바위에 새긴 고래 이야기,pending,5,5,7,1,2,0,0,0,1,0,0,0,7,0,0,2,0,unusable,B1
L1-Q4-W08,L1,4분기(인문예술),8,세계의 문화,pending,5,5,7,1,0,0,0,0,5,0,0,0,7,0,0,5,0,needs_review,
L1-Q4-W09,L1,4분기(인문예술),9,세계 음식 지도책 - 롤프의 세계 음식 여행,pending,5,5,7,1,0,0,0,0,2,0,0,0,7,0,0,6,0,needs_review,
L1-Q4-W10,L1,4분기(인문예술),10,유럽 문화의 기둥 : 그리스와 로마,pending,5,5,7,1,0,0,0,0,2,1,0,6,0,0,0,4,0,needs_review,
L1-Q4-W11,L1,4분기(인문예술),11,느끼는 대로,pending,5,5,7,1,0,0,0,0,0,0,0,0,7,0,0,4,0,needs_review,
L1-Q4-W12,L1,4분기(인문예술),12,음악이 가득한 집,pending,5,5,7,1,1,0,0,0,2,0,0,0,7,0,0,5,0,unusable,B1
L1-Q4-W13,L1,4분기(인문예술),13,고양이가 들려주는 철학 동화,pending,5,5,7,1,0,0,0,0,6,0,0,0,7,0,0,6,0,needs_review,
L2-Q1-W01,L2,1분기(고전),1,피터 팬,pending,5,0,7,1,1,0,0,0,1,0,0,0,7,1,0,4,0,unusable,B1
L2-Q1-W02,L2,1분기(고전),2,피터 팬,pending,5,0,9,1,2,0,0,0,4,0,0,0,9,1,0,5,0,unusable,B1
L2-Q1-W03,L2,1분기(고전),3,당나귀 실베스터와 요술 조약돌,pending,5,0,7,1,0,0,0,0,3,0,0,0,7,1,0,4,0,needs_review,
L2-Q1-W04,L2,1분기(고전),4,눈의 여왕,pending,5,0,7,1,0,0,0,0,7,0,0,0,7,1,0,3,0,needs_review,
L2-Q1-W05,L2,1분기(고전),5,장난을 배우고 싶은 꼬마 이다,pending,5,0,8,1,1,0,0,1,6,0,0,0,8,1,0,3,0,unusable,B1;B4
L2-Q1-W06,L2,1분기(고전),6,멋진 여우씨,pending,5,0,14,1,7,0,0,5,13,0,0,0,14,1,0,5,0,unusable,B1;B4
L2-Q1-W07,L2,1분기(고전),7,멋진 여우씨,pending,5,0,8,1,1,0,0,1,16,1,0,0,8,1,0,2,0,unusable,B1;B4
L2-Q1-W08,L2,1분기(고전),8,거인의 정원,pending,5,0,7,1,0,0,0,0,0,0,0,0,7,1,0,3,0,needs_review,
L2-Q1-W09,L2,1분기(고전),9,오필리아의 그림자 극장,pending,4,0,7,1,0,0,0,0,6,0,0,0,7,1,0,6,0,needs_review,
L2-Q1-W10,L2,1분기(고전),10,꽃들에게 희망을,pending,5,0,7,1,0,0,0,0,3,0,0,0,7,1,0,3,0,needs_review,
L2-Q1-W11,L2,1분기(고전),11,꽃들에게 희망을,pending,5,0,7,1,1,0,0,0,2,1,0,0,7,1,0,4,0,unusable,B1
L2-Q1-W12,L2,1분기(고전),12,리디아의 정원,pending,5,0,8,1,2,0,0,1,1,0,0,0,8,1,0,3,0,unusable,B1;B4
L2-Q2-W01,L2,2분기(탐구),1,달라서 오히려 좋아,pending,5,0,8,1,1,0,0,0,2,0,0,0,0,1,0,1,0,unusable,B1
L2-Q2-W02,L2,2분기(탐구),2,발레 하는 할아버지,pending,5,0,14,1,7,0,0,6,1,1,0,0,14,1,0,3,0,unusable,B1;B4
L2-Q2-W03,L2,2분기(탐구),3,다음 왕따는 누구,pending,5,0,14,1,7,0,0,7,6,0,0,0,14,1,0,2,0,unusable,B1;B4
L2-Q2-W04,L2,2분기(탐구),4,이럴 땐 어떻게 말할까?,pending,5,0,17,1,6,0,0,4,2,0,0,0,17,1,0,2,0,unusable,B1;B4
L2-Q2-W05,L2,2분기(탐구),5,진짜 투명 인간,pending,5,0,18,1,9,0,0,6,4,0,0,0,18,1,0,4,0,unusable,B1;B4
L2-Q2-W06,L2,2분기(탐구),6,비닐봉지가 코끼리를 잡아먹었어요,pending,5,0,17,1,8,0,0,7,11,1,0,0,17,1,0,5,0,unusable,B1;B4
L2-Q2-W07,L2,2분기(탐구),7,할머니의 용궁여행,pending,5,0,18,1,10,0,4,5,12,0,0,0,0,1,0,2,0,unusable,B1;B3;B4
L2-Q2-W08,L2,2분기(탐구),8,"야옹아, 가족이 되어줄게",pending,5,0,22,1,8,2,6,7,14,0,0,0,22,1,0,5,0,unusable,B1;B2;B3;B4
L2-Q2-W09,L2,2분기(탐구),9,썩 괜찮은 발명,pending,5,0,17,1,9,0,1,6,2,0,0,0,17,1,0,3,0,unusable,B1;B3;B4
L2-Q2-W10,L2,2분기(탐구),10,유쾌발랄 회장선거,pending,5,0,18,1,6,1,1,4,19,1,0,0,18,1,0,1,0,unusable,B1;B2;B3;B4
L2-Q2-W11,L2,2분기(탐구),11,100원 부자,pending,5,0,15,1,7,0,0,6,5,1,0,0,15,1,0,3,0,unusable,B1;B4
L2-Q2-W12,L2,2분기(탐구),12,"안녕, 나는 명왕성이야!",pending,0,0,16,1,7,0,0,2,3,0,0,0,16,2,0,2,0,unusable,B1;B4
L2-Q2-W13,L2,2분기(탐구),13,내 이름은 태풍,pending,5,0,14,1,8,0,0,5,8,0,0,0,14,1,0,3,0,unusable,B1;B4
L2-Q4-W01,L2,4분기(인문예술),1,우리나라를 소개합니다,pending,5,5,9,1,1,0,0,0,13,2,0,0,9,0,0,6,0,unusable,B1
L2-Q4-W02,L2,4분기(인문예술),2,열두 해의 대장 십이지신 동물 이야기,pending,5,5,7,1,0,0,0,0,9,2,0,0,7,0,0,6,0,needs_review,
L2-Q4-W03,L2,4분기(인문예술),3,신통방통 지혜가 담긴 우리의 세시 풍속과 전통놀이,pending,5,5,8,1,2,0,0,0,13,1,0,0,8,0,0,6,0,unusable,B1
L2-Q4-W04,L2,4분기(인문예술),4,신통방통 지혜가 담긴 우리의 세시 풍속과 전통놀이,pending,5,5,15,1,9,0,0,4,9,1,0,0,15,0,0,3,0,unusable,B1;B4
L2-Q4-W06,L2,4분기(인문예술),6,대대손손 물려줄 우리 국보와 보물,pending,5,5,13,1,5,0,2,4,5,0,0,0,13,0,0,4,0,unusable,B1;B3;B4
L2-Q4-W07,L2,4분기(인문예술),7,여기는 모두섬 문화를 배웁니다,pending,5,5,7,1,0,0,0,0,3,0,0,0,7,0,0,4,0,needs_review,
L2-Q4-W08,L2,4분기(인문예술),8,여기는 모두섬 문화를 배웁니다,pending,5,5,7,1,0,0,0,0,1,0,0,0,7,0,0,5,0,needs_review,
L2-Q4-W09,L2,4분기(인문예술),9,고양이네 음악회,pending,5,5,8,1,0,0,0,0,5,0,0,0,8,0,0,7,0,needs_review,
L2-Q4-W10,L2,4분기(인문예술),10,옛이야기 들으러 미술관 갈까?,pending,5,5,7,1,0,0,0,0,11,1,0,0,7,0,0,6,0,needs_review,
L2-Q4-W11,L2,4분기(인문예술),11,옛이야기 들으러 미술관 갈까?,pending,5,5,7,1,1,0,0,0,5,0,0,0,7,0,0,5,0,unusable,B1
L2-Q4-W12,L2,4분기(인문예술),12,명화로 배우는 미술의 모든 것,pending,5,5,7,1,0,0,0,0,3,0,0,0,7,0,0,6,0,needs_review,
L2-Q4-W13,L2,4분기(인문예술),13,명화로 배우는 미술의 모든 것,pending,5,5,8,1,0,0,0,0,6,0,0,0,8,0,0,5,0,needs_review,
L3-Q1-W01,L3,1분기(고전),1,난 뭐든지 할 수 있어,pending,4,5,7,1,1,0,0,0,2,1,0,0,0,0,0,4,0,unusable,B1
L3-Q1-W02,L3,1분기(고전),2,난 뭐든지 할 수 있어,pending,4,5,7,1,1,0,0,0,0,0,0,0,0,0,0,3,0,unusable,B1
L3-Q1-W03,L3,1분기(고전),3,해저 2만 리,pending,4,5,8,1,1,0,0,0,2,0,0,0,0,0,0,5,0,unusable,B1
L3-Q1-W04,L3,1분기(고전),4,해저 2만 리,pending,4,5,11,1,2,0,0,1,4,0,0,0,0,0,0,5,0,unusable,B1;B4
L3-Q1-W05,L3,1분기(고전),5,크리스마스 선물,pending,4,5,8,1,1,0,0,0,1,1,0,0,2,0,0,3,0,unusable,B1
L3-Q1-W06,L3,1분기(고전),6,걸리버 여행기,pending,4,5,8,1,1,0,0,1,2,1,0,0,0,0,0,7,0,unusable,B1;B4
L3-Q1-W07,L3,1분기(고전),7,걸리버 여행기,pending,4,5,12,1,3,0,0,2,2,0,0,0,0,0,0,7,0,unusable,B1;B4
L3-Q1-W08,L3,1분기(고전),8,플란더스의 개,pending,4,5,12,1,3,0,0,4,5,0,0,0,0,0,0,5,0,unusable,B1;B4
L3-Q1-W09,L3,1분기(고전),9,"조금만, 조금만 더",pending,4,5,14,1,6,0,0,5,8,0,0,0,0,0,0,5,0,unusable,B1;B4
L3-Q1-W10,L3,1분기(고전),10,"인어 공주, 미운 아기 오리",pending,4,5,9,1,1,0,0,1,10,0,0,0,0,0,0,5,0,unusable,B1;B4
L3-Q1-W11,L3,1분기(고전),11,"인어 공주, 미운 아기 오리",pending,4,5,11,1,2,0,0,2,5,0,0,0,0,0,0,6,0,unusable,B1;B4
L3-Q1-W12,L3,1분기(고전),12,사람은 무엇으로 사는가,pending,4,5,15,1,5,0,0,4,7,1,0,0,0,0,0,4,0,unusable,B1;B4
L3-Q2-W13,L3,2분기(탐구),13,모빌리티가 뭐예요?,pending,0,0,0,0,0,0,0,0,0,0,0,0,0,4,0,0,0,needs_review,
L3-Q3-W01,L3,3분기(문학),1,냄비와 국자 전쟁,pending,4,5,10,1,3,0,0,1,3,1,0,0,0,0,0,2,0,unusable,B1;B4
L3-Q3-W02,L3,3분기(문학),2,프린들을 주세요,pending,4,5,9,1,1,0,0,1,0,1,0,0,0,0,0,2,0,unusable,B1;B4
L3-Q3-W03,L3,3분기(문학),3,내 이름은 삐삐 롱스타킹,pending,4,5,12,1,3,0,0,3,2,0,0,0,0,0,0,2,0,unusable,B1;B4
L3-Q3-W04,L3,3분기(문학),4,"콩, 너는 죽었다",pending,0,0,0,0,0,0,0,0,0,0,0,0,0,4,0,1,0,needs_review,
L3-Q3-W05,L3,3분기(문학),5,옹고집전,pending,4,5,10,1,0,0,0,0,0,1,0,0,0,0,0,1,0,needs_review,
L3-Q3-W06,L3,3분기(문학),6,찰리와 초콜릿 공장,pending,4,5,6,1,0,0,0,0,4,0,0,0,0,0,0,4,0,ready,
L3-Q3-W07,L3,3분기(문학),7,찰리와 초콜릿 공장,pending,4,5,9,1,2,0,0,0,11,0,0,0,0,0,0,5,0,unusable,B1
L3-Q3-W08,L3,3분기(문학),8,초희의 글방 동무,pending,4,5,10,1,1,0,0,0,0,0,0,0,0,0,0,1,0,unusable,B1
L3-Q3-W09,L3,3분기(문학),9,강림도령,pending,4,5,7,1,1,0,0,1,11,1,0,2,0,0,0,3,0,unusable,B1;B4
L3-Q3-W10,L3,3분기(문학),10,박문수전,pending,4,5,11,1,3,0,1,2,1,0,0,0,0,0,0,3,0,unusable,B1;B3;B4
L3-Q3-W11,L3,3분기(문학),11,얼굴 빨개지는 아이,pending,4,5,8,1,1,0,0,1,0,0,0,0,0,0,0,3,0,unusable,B1;B4
L3-Q3-W12,L3,3분기(문학),12,숨은 신발 찾기,pending,4,5,9,1,1,0,0,1,5,0,0,0,0,0,0,3,0,unusable,B1;B4
L3-Q3-W13,L3,3분기(문학),13,일주일의 학교,pending,4,5,10,1,1,0,0,1,2,1,0,0,0,0,0,2,0,unusable,B1;B4
L3-Q4-W01,L3,4분기(인문예술),1,고구려를 아로새긴 비석,approved,4,5,8,1,0,0,0,0,3,1,0,0,0,0,0,5,1,needs_review,
L3-Q4-W02,L3,4분기(인문예술),2,초정리 편지,approved,4,5,9,1,1,0,0,0,2,1,0,0,0,0,0,5,2,unusable,B1
L3-Q4-W03,L3,4분기(인문예술),3,초정리 편지,pending,4,5,7,1,0,0,0,0,6,1,0,0,0,0,0,2,0,needs_review,
L3-Q4-W04,L3,4분기(인문예술),4,거상 김만덕,pending,4,5,8,1,0,0,0,0,2,0,0,0,0,0,0,4,0,ready,
L3-Q4-W06,L3,4분기(인문예술),6,열두 달 세시 풍속 이야기,pending,0,0,9,1,0,0,0,0,3,0,0,0,0,2,0,2,0,needs_review,
L3-Q4-W07,L3,4분기(인문예술),7,빼앗긴 나라의 위대한 영웅들,pending,4,5,7,1,2,0,0,0,2,0,0,0,0,0,0,2,0,unusable,B1
L3-Q4-W08,L3,4분기(인문예술),8,빼앗긴 나라의 위대한 영웅들,pending,4,5,9,1,1,0,0,0,3,1,0,0,0,0,0,3,0,unusable,B1
L3-Q4-W09,L3,4분기(인문예술),9,그림 속에서 만난 화가들,pending,4,5,10,1,1,0,0,0,9,2,0,0,0,0,0,7,0,unusable,B1
L3-Q4-W10,L3,4분기(인문예술),10,그림 속에서 만난 화가들,pending,4,5,8,1,2,0,0,0,13,0,0,0,0,0,0,6,0,unusable,B1
L3-Q4-W11,L3,4분기(인문예술),11,색깔 속에 숨은 세상 이야기,pending,4,5,9,1,3,0,0,0,4,0,0,0,0,0,0,7,0,unusable,B1
L3-Q4-W12,L3,4분기(인문예술),12,이모와 함께 도란도란 음악 여행,pending,4,5,7,1,1,0,0,0,3,1,0,0,0,0,0,5,0,unusable,B1
L3-Q4-W13,L3,4분기(인문예술),13,이모와 함께 도란도란 음악 여행,pending,4,5,7,1,1,0,0,0,2,3,0,0,0,0,0,4,0,unusable,B1
L4-Q1-W01,L4,1분기(고전),1,마법의 수프,pending,4,5,7,1,0,0,0,0,3,0,0,0,0,0,0,5,0,ready,
L4-Q1-W02,L4,1분기(고전),2,키다리 아저씨,pending,4,5,7,1,0,0,0,0,3,0,0,0,0,0,0,3,0,ready,
L4-Q1-W03,L4,1분기(고전),3,키다리 아저씨,pending,4,5,10,1,2,0,0,2,4,0,0,0,0,0,0,5,0,unusable,B1;B4
L4-Q1-W04,L4,1분기(고전),4,크리스마스 캐럴,pending,4,5,7,1,0,0,0,0,0,1,0,0,0,0,0,2,0,needs_review,
L4-Q1-W05,L4,1분기(고전),5,크리스마스 캐럴,pending,4,5,7,1,0,0,0,0,13,0,0,0,0,0,0,3,0,ready,
L4-Q1-W06,L4,1분기(고전),6,나무를 심은 사람,pending,4,5,5,1,1,0,0,0,2,0,0,0,0,0,0,3,0,unusable,B1
L4-Q1-W07,L4,1분기(고전),7,바보 이반의 이야기 - 톨스토이 동화집,pending,4,5,10,1,1,0,0,0,4,0,0,0,0,0,0,4,0,unusable,B1
L4-Q1-W08,L4,1분기(고전),8,바보 이반의 이야기 - 톨스토이 동화집,pending,4,5,10,1,3,0,0,2,4,0,0,0,0,0,0,4,0,unusable,B1;B4
L4-Q1-W09,L4,1분기(고전),9,톰 소여의 모험,pending,4,5,11,1,2,0,0,2,7,1,0,0,0,0,0,6,0,unusable,B1;B4
L4-Q1-W10,L4,1분기(고전),10,톰 소여의 모험,pending,4,5,12,1,3,0,0,3,7,0,0,0,0,0,0,5,0,unusable,B1;B4
L4-Q1-W11,L4,1분기(고전),11,앤서니 브라운이 그린 이상한 나라의 앨리스,pending,4,5,11,1,1,0,0,0,8,0,0,0,0,0,0,7,0,unusable,B1
L4-Q1-W12,L4,1분기(고전),12,앤서니 브라운이 그린 이상한 나라의 앨리스,pending,4,5,11,1,2,0,0,0,24,2,0,0,0,0,0,6,0,unusable,B1
L4-Q2-W04,L4,2분기(탐구),4,안녕! 미래 도시,pending,0,0,0,1,0,0,0,0,0,0,0,0,0,3,1,1,0,needs_review,
L4-Q3-W01,L4,3분기(문학),1,박씨부인전,pending,4,0,9,1,1,0,0,1,6,2,0,0,0,1,0,4,0,unusable,B1;B4
L4-Q3-W02,L4,3분기(문학),2,홍길동전,pending,4,5,14,1,5,0,0,2,6,1,0,0,0,0,0,3,0,unusable,B1;B4
L4-Q3-W03,L4,3분기(문학),3,임진록,pending,4,5,16,1,7,0,0,4,7,2,0,0,0,0,0,4,0,unusable,B1;B4
L4-Q3-W04,L4,3분기(문학),4,임진록,pending,4,5,10,1,3,0,0,2,7,1,0,0,0,0,0,5,0,unusable,B1;B4
L4-Q3-W05,L4,3분기(문학),5,봄 편지: 서덕출 동시집,pending,4,0,0,0,0,0,0,0,0,0,0,0,0,3,0,2,0,needs_review,
L4-Q3-W06,L4,3분기(문학),6,별똥 떨어진 곳,pending,4,0,0,0,0,0,0,0,0,0,0,0,0,3,0,2,0,needs_review,
L4-Q3-W07,L4,3분기(문학),7,마당을 나온 암탉,pending,4,5,8,1,0,0,0,0,5,0,0,0,0,0,0,4,0,ready,
L4-Q3-W08,L4,3분기(문학),8,마당을 나온 암탉,pending,4,5,7,1,0,0,0,0,1,1,0,0,0,0,0,4,0,needs_review,
L4-Q3-W09,L4,3분기(문학),9,푸른 사자 와니니,pending,4,5,13,1,2,0,0,2,1,0,0,0,0,0,0,1,0,unusable,B1;B4
L4-Q3-W10,L4,3분기(문학),10,푸른 사자 와니니,pending,4,5,13,1,1,0,0,1,0,0,0,0,0,0,0,1,0,unusable,B1;B4
L4-Q3-W11,L4,3분기(문학),11,에드워드 툴레인의 신기한 여행,pending,4,5,9,1,3,0,0,1,13,0,0,0,0,0,0,3,0,unusable,B1;B4
L4-Q3-W12,L4,3분기(문학),12,에드워드 툴레인의 신기한 여행,pending,4,5,10,1,1,0,0,1,0,0,0,0,0,0,0,4,0,unusable,B1;B4
L4-Q3-W13,L4,3분기(문학),13,말대꾸하면 안 돼요,pending,0,0,0,0,0,0,0,0,0,0,0,0,0,4,0,1,0,needs_review,
L4-Q4-W01,L4,4분기(인문예술),1,스토리텔링 초등한국사교과서 1권,pending,4,5,14,1,7,0,0,3,7,0,0,0,0,0,0,6,0,unusable,B1;B4
L4-Q4-W02,L4,4분기(인문예술),2,스토리텔링 초등한국사교과서 1권,pending,4,5,7,1,1,0,0,0,3,0,0,0,0,0,0,4,0,unusable,B1
L4-Q4-W03,L4,4분기(인문예술),3,스토리텔링 초등한국사교과서 2권,pending,4,5,12,1,4,0,0,3,18,2,0,0,0,0,0,5,0,unusable,B1;B4
L4-Q4-W04,L4,4분기(인문예술),4,스토리텔링 초등한국사교과서 2권,pending,4,5,10,1,1,0,0,0,6,1,0,0,0,0,0,3,0,unusable,B1
L4-Q4-W06,L4,4분기(인문예술),6,스토리텔링 초등한국사교과서 3권,pending,4,5,9,1,0,0,0,0,0,2,0,0,0,0,0,6,0,needs_review,
L4-Q4-W07,L4,4분기(인문예술),7,스토리텔링 초등한국사교과서 3권,pending,4,5,10,1,3,0,0,2,4,0,0,0,0,0,0,5,0,unusable,B1;B4
L4-Q4-W08,L4,4분기(인문예술),8,어린이 대학 - 역사,pending,4,5,9,1,0,0,0,0,3,0,0,0,0,0,0,3,0,ready,
L4-Q4-W09,L4,4분기(인문예술),9,세계사가 한눈에 쏙 어린이 서양 미술사,pending,4,5,8,1,1,0,0,0,6,1,0,0,0,0,0,4,0,unusable,B1
L4-Q4-W10,L4,4분기(인문예술),10,세계사가 한눈에 쏙 어린이 서양 미술사,pending,4,5,8,1,0,0,0,1,2,1,0,0,0,0,0,7,0,unusable,B4
L4-Q4-W11,L4,4분기(인문예술),11,"빈센트 반 고흐, 세상을 노랗게 물들이다",pending,4,5,8,1,0,0,0,0,3,0,0,0,0,0,0,5,0,ready,
L4-Q4-W12,L4,4분기(인문예술),12,이데아의 숲에서 정의를 찾다,pending,4,5,11,1,3,0,0,1,6,0,0,0,0,0,0,6,0,unusable,B1;B4
L4-Q4-W13,L4,4분기(인문예술),13,이데아의 숲에서 정의를 찾다,pending,4,5,8,1,0,0,0,0,8,1,0,0,0,0,0,3,0,needs_review,
L5-Q1-W01,L5,1분기(고전),1,오즈의 마법사,pending,4,5,7,1,0,0,0,0,3,0,0,0,0,0,0,2,0,ready,
L5-Q1-W02,L5,1분기(고전),2,오즈의 마법사,pending,4,5,8,1,1,0,0,1,7,0,0,0,0,0,0,2,0,unusable,B1;B4
L5-Q1-W03,L5,1분기(고전),3,파랑새,pending,4,5,7,1,0,0,0,0,1,1,0,0,0,0,0,3,0,needs_review,
L5-Q1-W04,L5,1분기(고전),4,파랑새,pending,4,5,8,1,0,0,0,0,1,0,0,0,0,0,0,3,0,ready,
L5-Q1-W05,L5,1분기(고전),5,지킬 박사와 하이드,pending,4,5,9,1,0,0,0,0,4,1,0,0,0,0,0,4,0,needs_review,
L5-Q1-W06,L5,1분기(고전),6,나의 라임 오렌지 나무,pending,4,5,8,1,0,0,0,0,5,0,0,0,8,0,0,4,0,needs_review,
L5-Q1-W07,L5,1분기(고전),7,나의 라임 오렌지 나무,pending,4,5,8,1,0,0,0,0,6,1,0,0,8,0,0,3,0,needs_review,
L5-Q1-W08,L5,1분기(고전),8,왕자와 거지,pending,4,5,9,1,1,0,0,1,11,1,0,0,0,0,0,2,0,unusable,B1;B4
L5-Q1-W09,L5,1분기(고전),9,왕자와 거지,pending,4,5,11,1,2,0,0,2,26,0,0,0,0,0,0,2,0,unusable,B1;B4
L5-Q1-W10,L5,1분기(고전),10,80일간의 세계 일주,pending,4,5,10,1,1,0,0,1,18,1,0,0,0,0,0,3,0,unusable,B1;B4
L5-Q1-W11,L5,1분기(고전),11,80일간의 세계 일주,pending,4,5,10,1,1,0,0,1,16,1,0,0,0,0,0,2,0,unusable,B1;B4
L5-Q1-W12,L5,1분기(고전),12,80일간의 세계 일주,pending,4,5,8,1,0,0,0,0,4,0,0,0,1,0,0,2,0,needs_review,
L5-Q2-W06,L5,2분기(탐구),6,누가 내 시간을 훔쳐갔지?,pending,0,6,0,1,0,0,0,0,0,0,0,0,0,2,0,0,0,needs_review,
L5-Q2-W12,L5,2분기(탐구),12,인공지능 윤리 수업,pending,0,0,0,0,0,0,0,0,0,0,0,0,0,4,0,0,0,needs_review,
L5-Q2-W13,L5,2분기(탐구),13,인공지능 윤리 수업 (연장),pending,0,0,0,0,0,0,0,0,0,0,0,0,0,4,0,0,0,needs_review,
L5-Q3-W01,L5,3분기(문학),1,김유정 소설집,pending,4,5,6,1,0,0,0,0,11,0,0,0,6,0,0,1,0,needs_review,
L5-Q3-W02,L5,3분기(문학),2,김유정 소설집,pending,4,5,7,1,0,0,0,0,10,1,0,0,7,0,0,1,0,needs_review,
L5-Q3-W03,L5,3분기(문학),3,산새알 물새알: 박목월 동시집,pending,4,0,11,1,5,0,1,0,7,1,0,0,0,1,0,4,0,unusable,B1;B3
L5-Q3-W04,L5,3분기(문학),4,별을 사랑하는 아이들아 : 윤동주 동시집,pending,4,0,14,1,7,1,2,4,6,0,0,0,0,1,0,5,0,unusable,B1;B2;B3;B4
L5-Q3-W05,L5,3분기(문학),5,임경업전,pending,4,5,12,1,1,0,0,0,1,0,0,0,3,0,0,2,0,unusable,B1
L5-Q3-W06,L5,3분기(문학),6,안네의 일기,pending,4,5,9,1,2,0,0,2,1,1,0,0,0,0,0,3,0,unusable,B1;B4
L5-Q3-W07,L5,3분기(문학),7,안네의 일기,pending,4,5,7,1,0,0,0,0,0,1,0,0,0,0,0,1,0,needs_review,
L5-Q3-W08,L5,3분기(문학),8,몽실 언니,pending,4,0,8,1,3,0,0,2,2,1,0,0,0,1,0,3,0,unusable,B1;B4
L5-Q3-W09,L5,3분기(문학),9,몽실 언니,pending,4,0,7,1,0,0,0,0,3,0,0,0,0,1,0,3,0,needs_review,
L5-Q3-W10,L5,3분기(문학),10,긴긴밤,pending,4,5,14,1,0,2,2,1,0,0,0,0,0,0,0,2,0,unusable,B2;B3;B4
L5-Q3-W11,L5,3분기(문학),11,모모,pending,4,0,10,1,2,0,0,2,0,0,0,0,0,1,0,4,0,unusable,B1;B4
L5-Q3-W12,L5,3분기(문학),12,모모,pending,4,0,10,1,2,0,0,2,8,0,0,0,0,1,0,4,0,unusable,B1;B4
L5-Q3-W13,L5,3분기(문학),13,모모,pending,4,0,8,1,0,0,0,0,0,0,0,0,0,1,0,4,0,needs_review,
L5-Q4-W01,L5,4분기(인문예술),1,두근두근 한국사 1권,approved,4,5,9,1,0,0,0,0,3,1,0,0,0,0,0,6,0,needs_review,
L5-Q4-W02,L5,4분기(인문예술),2,두근두근 한국사 1권,approved,4,5,7,1,1,0,0,0,0,0,0,0,0,0,0,8,2,unusable,B1
L5-Q4-W03,L5,4분기(인문예술),3,두근두근 한국사 2권,pending,4,5,19,1,7,5,5,5,9,0,0,0,0,0,0,5,0,unusable,B1;B2;B3;B4
L5-Q4-W04,L5,4분기(인문예술),4,두근두근 한국사 2권,pending,4,5,7,1,1,0,0,0,1,0,0,0,0,0,0,5,0,unusable,B1
L5-Q4-W06,L5,4분기(인문예술),6,신화의 숲,pending,4,5,11,1,2,0,0,0,4,1,0,0,0,0,0,2,0,unusable,B1
L5-Q4-W07,L5,4분기(인문예술),7,신화의 숲,pending,5,5,12,1,3,0,0,0,3,0,0,2,0,0,0,2,0,unusable,B1
L5-Q4-W08,L5,4분기(인문예술),8,"선생님, 건축이 뭐예요",pending,4,5,6,1,2,0,0,0,5,1,0,0,0,0,0,6,0,unusable,B1
L5-Q4-W09,L5,4분기(인문예술),9,디자인은 어디에나 있어!,pending,4,5,15,1,10,0,0,6,0,0,0,0,0,0,0,4,0,unusable,B1;B4
L5-Q4-W10,L5,4분기(인문예술),10,나의 행복과 모두의 행복,approved,4,5,8,1,0,0,0,0,1,0,0,0,0,0,0,6,0,ready,
L5-Q4-W11,L5,4분기(인문예술),11,나의 행복과 모두의 행복,approved,4,5,8,1,0,0,0,0,2,0,1,0,0,0,0,5,0,needs_review,
L5-Q4-W12,L5,4분기(인문예술),12,10대를 위한 정의란 무엇인가,pending,4,5,8,1,1,0,0,0,5,1,0,0,0,0,0,5,0,unusable,B1
L5-Q4-W13,L5,4분기(인문예술),13,10대를 위한 정의란 무엇인가,pending,4,5,8,1,2,0,0,0,0,2,0,0,0,0,0,4,0,unusable,B1
L6-Q1-W01,L6,1분기(고전),1,어린왕자,pending,0,0,8,1,0,0,0,0,11,0,0,0,8,2,0,4,0,needs_review,
L6-Q1-W02,L6,1분기(고전),2,프랑켄슈타인,pending,4,5,7,1,0,0,0,0,11,2,0,0,7,0,0,5,0,needs_review,
L6-Q1-W03,L6,1분기(고전),3,프랑켄슈타인,pending,4,4,8,1,0,0,0,0,6,0,0,0,8,0,0,3,0,needs_review,
L6-Q1-W04,L6,1분기(고전),4,올리버 트위스트,pending,4,5,8,1,0,0,0,0,6,0,0,0,8,0,0,3,0,needs_review,
L6-Q1-W05,L6,1분기(고전),5,올리버 트위스트,pending,4,5,7,1,1,0,0,0,8,1,0,0,7,0,0,2,0,unusable,B1
L6-Q1-W06,L6,1분기(고전),6,공부가 되는 셰익스피어 4대 비극,pending,4,5,8,1,0,0,0,0,14,1,0,0,8,0,0,4,0,needs_review,
L6-Q1-W07,L6,1분기(고전),7,공부가 되는 셰익스피어 4대 비극,pending,4,5,8,1,2,0,0,0,6,0,0,0,8,0,0,1,0,unusable,B1
L6-Q1-W08,L6,1분기(고전),8,돈 키호테,pending,4,5,7,1,0,0,0,0,8,0,0,0,7,0,0,4,0,needs_review,
L6-Q1-W09,L6,1분기(고전),9,돈 키호테,pending,4,5,12,1,4,0,0,5,8,1,0,0,12,0,0,3,0,unusable,B1;B4
L6-Q1-W10,L6,1분기(고전),10,레 미제라블,pending,4,5,8,1,0,0,0,0,8,0,0,0,8,0,0,3,0,needs_review,
L6-Q1-W11,L6,1분기(고전),11,레 미제라블,pending,4,5,8,1,1,0,0,1,3,0,0,0,8,0,0,3,0,unusable,B1;B4
L6-Q1-W12,L6,1분기(고전),12,레 미제라블,pending,4,5,8,1,0,0,0,0,5,0,0,0,8,0,0,2,0,needs_review,
L6-Q2-W06,L6,2분기(탐구),6,꼬리에 꼬리를 무는 자원 전쟁 이야기,pending,0,0,0,0,0,0,0,0,0,0,0,0,0,4,0,0,0,needs_review,
L6-Q3-W01,L6,3분기(문학),1,국어 교과서 작품 읽기 : 중1 소설,pending,0,0,8,1,0,0,0,0,1,0,0,0,8,2,0,1,0,needs_review,
L6-Q3-W02,L6,3분기(문학),2,국어 교과서 작품 읽기 : 중1 소설,pending,0,0,7,1,0,0,0,0,3,0,0,0,7,2,0,2,0,needs_review,
L6-Q3-W03,L6,3분기(문학),3,운수 좋은 날,pending,4,5,9,1,1,0,0,1,2,1,0,0,0,0,0,1,0,unusable,B1;B4
L6-Q3-W04,L6,3분기(문학),4,수난이대,pending,4,5,9,1,1,0,0,1,9,1,0,0,0,0,0,5,0,unusable,B1;B4
L6-Q3-W05,L6,3분기(문학),5,아몬드,pending,4,5,7,1,1,0,0,0,2,0,0,0,7,0,0,1,0,unusable,B1
L6-Q3-W06,L6,3분기(문학),6,아몬드,pending,4,5,6,1,0,0,0,0,1,0,0,0,6,0,0,1,0,needs_review,
L6-Q3-W07,L6,3분기(문학),7,꿈 하늘,pending,4,0,11,1,2,0,0,1,7,0,0,0,11,1,0,5,0,unusable,B1;B4
L6-Q3-W08,L6,3분기(문학),8,전우치전,pending,4,5,6,1,0,0,0,0,6,1,0,0,6,0,0,1,0,needs_review,
L6-Q3-W09,L6,3분기(문학),9,최척전,pending,4,5,10,1,2,0,0,2,2,1,0,0,0,0,0,1,0,unusable,B1;B4
L6-Q3-W10,L6,3분기(문학),10,금수회의록,pending,0,0,7,1,0,0,0,0,4,1,0,0,7,2,0,1,0,needs_review,
L6-Q3-W11,L6,3분기(문학),11,의자를 신고 달리는,pending,0,0,7,1,0,0,0,0,9,0,0,0,7,2,0,1,0,needs_review,
L6-Q3-W12,L6,3분기(문학),12,들꽃 - 나태주 대표 시선집,pending,0,0,7,1,0,0,0,0,13,0,0,0,7,2,0,3,0,needs_review,
L6-Q3-W13,L6,3분기(문학),13,"국어 교과서 작품 읽기 : 중1 수필, 비문학",pending,4,5,7,1,0,0,0,0,3,1,0,0,7,0,0,1,0,needs_review,
L6-Q4-W01,L6,4분기(인문예술),1,곰브리치 세계사,pending,4,5,8,1,1,0,0,0,7,1,0,0,0,0,0,4,0,unusable,B1
L6-Q4-W02,L6,4분기(인문예술),2,곰브리치 세계사,pending,4,5,8,1,1,0,0,0,5,1,0,0,0,0,0,1,0,unusable,B1
L6-Q4-W03,L6,4분기(인문예술),3,곰브리치 세계사,pending,4,5,7,1,0,0,0,0,9,0,0,0,0,0,0,4,0,ready,
L6-Q4-W04,L6,4분기(인문예술),4,곰브리치 세계사,pending,4,5,7,1,0,0,0,0,8,0,0,0,0,0,0,5,0,ready,
L6-Q4-W06,L6,4분기(인문예술),6,한눈에 반한 세계 미술관,pending,4,5,8,1,1,0,0,0,6,2,0,0,0,0,0,7,0,unusable,B1
L6-Q4-W07,L6,4분기(인문예술),7,한눈에 반한 세계 미술관,pending,4,5,8,1,3,0,0,0,7,2,0,0,0,0,0,6,0,unusable,B1
L6-Q4-W08,L6,4분기(인문예술),8,인공지능 윤리를 부탁해,pending,4,5,9,1,0,0,0,0,4,1,0,0,0,0,0,2,0,needs_review,
L6-Q4-W09,L6,4분기(인문예술),9,인공지능 윤리를 부탁해,pending,4,4,9,1,0,0,0,0,2,2,0,0,0,0,0,5,0,needs_review,
L6-Q4-W10,L6,4분기(인문예술),10,위대하고 어리석은 인간의 이성,pending,4,5,7,1,0,0,0,0,4,1,0,0,0,0,0,2,0,needs_review,
L6-Q4-W11,L6,4분기(인문예술),11,위대하고 어리석은 인간의 이성,pending,4,5,10,1,2,0,0,0,7,0,0,0,0,0,0,3,0,unusable,B1
L6-Q4-W12,L6,4분기(인문예술),12,10대를 위한 논어 수업,pending,4,5,8,1,0,0,0,0,0,2,0,0,0,0,0,1,0,needs_review,
L6-Q4-W13,L6,4분기(인문예술),13,10대를 위한 논어 수업,pending,4,5,7,1,0,0,0,0,0,0,0,0,0,0,0,1,0,ready,
L7-Q1-W08,L7,1분기(고전),8,젊은 예술가의 초상,pending,0,0,0,1,0,0,0,0,0,0,0,0,0,3,0,2,0,needs_review,
L7-Q1-W09,L7,1분기(고전),9,젊은 예술가의 초상 (연장),pending,0,0,7,1,0,0,0,0,7,1,0,0,7,2,0,3,0,needs_review,
L7-Q2-W04,L7,2분기(탐구),4,하리하라의 과학배틀,pending,0,0,0,1,0,0,0,0,0,0,0,0,0,3,1,8,0,needs_review,
L7-Q2-W05,L7,2분기(탐구),5,하리하라의 과학배틀 (연장),pending,0,0,0,0,0,0,0,0,0,0,0,0,0,4,0,0,0,needs_review,
L7-Q2-W07,L7,2분기(탐구),7,거짓말쟁이의 뇌를 해부한다면 (연장),pending,0,0,3,1,2,0,0,0,2,0,0,0,0,2,0,0,0,unusable,B1
L7-Q3-W01,L7,3분기(문학),1,국어 교과서 작품 읽기 : 중2 소설,pending,0,0,8,1,0,0,0,0,7,0,0,0,8,2,0,1,0,needs_review,
L7-Q3-W02,L7,3분기(문학),2,국어 교과서 작품 읽기 : 중2 소설 (연장),pending,0,0,8,1,0,0,0,0,6,1,0,0,8,2,0,1,0,needs_review,
L7-Q3-W03,L7,3분기(문학),3,나목 도둑맞은 가난,pending,0,0,7,1,0,0,0,0,3,1,0,7,0,2,0,2,0,needs_review,
L7-Q3-W07,L7,3분기(문학),7,체리새우: 비밀글입니다,pending,0,0,6,1,0,0,0,0,1,0,0,0,6,2,0,2,0,needs_review,
L7-Q4-W01,L7,4분기(인문예술),1,청소년을 위한 주제로 보는 조선왕조실록,pending,0,0,8,1,1,0,0,0,8,0,0,0,8,2,0,3,0,unusable,B1
L7-Q4-W02,L7,4분기(인문예술),2,청소년을 위한 주제로 보는 조선왕조실록,pending,0,0,7,1,0,0,0,0,14,0,0,0,7,2,0,4,0,needs_review,
L7-Q4-W03,L7,4분기(인문예술),3,세계사 추리반,pending,0,0,8,1,3,0,0,0,17,0,0,0,8,2,0,4,0,unusable,B1
L7-Q4-W04,L7,4분기(인문예술),4,세계사 추리반,pending,0,0,9,1,1,0,1,1,7,0,0,0,9,2,0,1,0,unusable,B1;B3;B4
L7-Q4-W06,L7,4분기(인문예술),6,하멜표류기,pending,0,0,12,1,4,0,0,0,16,0,0,0,12,2,0,2,0,unusable,B1
L7-Q4-W07,L7,4분기(인문예술),7,건축가 아빠가 들려주는 건축 이야기,pending,0,0,7,1,1,0,0,0,3,0,0,0,7,2,0,5,0,unusable,B1
L7-Q4-W08,L7,4분기(인문예술),8,건축가 아빠가 들려주는 건축 이야기,pending,0,0,8,1,0,0,0,0,3,1,0,0,8,2,0,4,0,needs_review,
L7-Q4-W09,L7,4분기(인문예술),9,예술에 대한 여덟 가지 답변의 역사,pending,0,0,8,1,2,0,0,0,0,0,0,0,8,2,0,5,0,unusable,B1
L7-Q4-W10,L7,4분기(인문예술),10,예술에 대한 여덟 가지 답변의 역사,pending,0,0,7,1,0,0,0,0,1,0,0,0,7,2,0,7,0,needs_review,
L7-Q4-W11,L7,4분기(인문예술),11,플라톤의 국가 정의를 꿈꾸다,pending,0,0,10,1,1,0,0,0,7,0,0,0,10,2,0,4,0,unusable,B1
L7-Q4-W12,L7,4분기(인문예술),12,플라톤의 국가 정의를 꿈꾸다,pending,0,0,10,1,2,0,0,0,15,1,0,0,10,2,0,6,0,unusable,B1
L7-Q4-W13,L7,4분기(인문예술),13,14살에 처음 만나는 동양철학자들,pending,0,0,9,1,0,0,0,1,12,0,0,0,9,2,0,3,0,unusable,B4
L8-Q1-W01,L8,1분기(고전),1,변신,pending,0,0,8,1,0,0,0,0,7,2,0,0,8,2,0,3,0,needs_review,
L8-Q1-W02,L8,1분기(고전),2,이방인,pending,0,0,9,1,1,0,0,0,6,0,0,0,9,2,0,1,0,unusable,B1
L8-Q1-W03,L8,1분기(고전),3,이방인,pending,0,0,8,1,0,0,0,0,3,0,0,0,8,2,0,1,0,needs_review,
L8-Q1-W04,L8,1분기(고전),4,호밀밭의 파수꾼,pending,0,0,9,1,0,0,0,0,2,1,0,0,9,2,0,1,0,needs_review,
L8-Q1-W05,L8,1분기(고전),5,호밀밭의 파수꾼,pending,0,0,9,1,0,0,0,0,4,1,0,0,9,2,0,1,0,needs_review,
L8-Q1-W06,L8,1분기(고전),6,야간비행,pending,0,0,7,1,0,0,0,0,12,1,0,0,7,2,0,2,0,needs_review,
L8-Q1-W07,L8,1분기(고전),7,아Q정전,pending,0,0,7,1,0,0,0,0,8,2,0,0,7,2,0,1,0,needs_review,
L8-Q1-W08,L8,1분기(고전),8,아Q정전,pending,0,0,9,1,1,0,0,0,4,0,0,0,9,2,0,1,0,unusable,B1
L8-Q1-W09,L8,1분기(고전),9,도련님,pending,0,0,8,1,0,0,0,0,3,0,0,0,8,2,0,1,0,needs_review,
L8-Q1-W10,L8,1분기(고전),10,도련님,pending,0,0,8,1,1,0,0,0,4,0,0,0,8,2,0,1,0,unusable,B1
L8-Q1-W11,L8,1분기(고전),11,1984,pending,0,0,7,1,0,0,0,0,5,1,0,0,7,2,0,2,0,needs_review,
L8-Q1-W12,L8,1분기(고전),12,1984,pending,0,0,6,1,0,0,0,0,3,0,0,0,6,2,0,1,0,needs_review,
L8-Q2-W05,L8,2분기(탐구),5,탐정이 된 과학자들,pending,0,0,0,1,0,0,0,0,0,0,0,0,0,3,0,0,0,needs_review,
L8-Q2-W06,L8,2분기(탐구),6,탐정이 된 과학자들 (연장),pending,0,0,0,1,0,0,0,0,0,0,0,0,0,3,0,0,0,needs_review,
L8-Q2-W10,L8,2분기(탐구),10,십 대를 위한 영화 속 우주 인문학 특강,pending,0,0,0,1,0,0,0,0,0,0,0,0,0,3,0,0,0,needs_review,
L8-Q2-W11,L8,2분기(탐구),11,십 대를 위한 영화 속 우주 인문학 특강 (연장),pending,0,0,0,1,0,0,0,0,0,0,0,0,0,3,0,0,0,needs_review,
L8-Q2-W13,L8,2분기(탐구),13,통계 모르고 뉴스 볼 수 있어?,pending,6,0,8,1,3,0,0,0,9,2,0,0,8,1,0,7,0,unusable,B1
L8-Q3-W06,L8,3분기(문학),6,한국 단편소설선,pending,1,0,0,1,0,0,0,0,0,0,0,0,0,2,0,2,0,needs_review,
L8-Q3-W07,L8,3분기(문학),7,한국 단편소설선 (연장),pending,1,0,7,1,0,0,0,0,8,0,0,0,7,1,0,2,0,needs_review,
L8-Q4-W01,L8,4분기(인문예술),1,미술관에 가고 싶어지는 미술책,pending,0,0,9,1,1,0,0,1,1,1,0,1,0,2,0,8,0,unusable,B1;B4
L8-Q4-W02,L8,4분기(인문예술),2,전쟁으로 읽는 한국사,pending,0,0,9,1,2,0,0,2,6,2,0,0,0,2,0,5,0,unusable,B1;B4
L8-Q4-W07,L8,4분기(인문예술),7,조선 사람들의 근대생활 탐구,pending,0,0,0,1,0,0,0,0,0,0,0,0,0,3,0,1,0,needs_review,
L8-Q4-W08,L8,4분기(인문예술),8,"세계사, 최대한 쉽게 설명해 드립니다",pending,0,0,9,1,2,0,0,0,3,1,0,0,0,2,0,7,0,unusable,B1
L8-Q4-W09,L8,4분기(인문예술),9,"세계사, 최대한 쉽게 설명해 드립니다",pending,0,0,8,1,1,0,0,0,4,1,0,0,0,2,0,7,0,unusable,B1
L8-Q4-W10,L8,4분기(인문예술),10,유토피아,pending,0,0,8,1,0,0,0,0,3,5,0,0,0,2,0,6,0,needs_review,
L8-Q4-W11,L8,4분기(인문예술),11,유토피아,pending,0,0,9,1,0,0,0,0,0,0,0,0,0,2,0,2,0,needs_review,
L8-Q4-W12,L8,4분기(인문예술),12,파놉티콘,pending,0,0,20,1,12,0,9,6,0,0,0,0,0,2,0,4,0,unusable,B1;B3;B4
L9-Q1-W03,L9,1분기(고전),3,젊은 베르테르의 슬픔,pending,0,0,9,1,0,0,0,1,400,0,0,0,9,2,0,1,0,unusable,B4;B5
L9-Q1-W04,L9,1분기(고전),4,멋진 신세계,pending,0,0,9,1,0,0,0,0,5,3,0,0,9,2,0,4,0,needs_review,
L9-Q1-W05,L9,1분기(고전),5,멋진 신세계,pending,0,0,9,1,1,0,0,0,8,1,0,0,9,2,0,4,0,unusable,B1
L9-Q1-W06,L9,1분기(고전),6,데미안,pending,0,0,8,1,0,0,0,0,6,1,0,0,8,2,0,5,0,needs_review,
L9-Q1-W07,L9,1분기(고전),7,데미안,pending,0,0,8,1,0,0,0,0,3,2,0,0,8,2,0,4,0,needs_review,
L9-Q1-W08,L9,1분기(고전),8,처음 읽는 월든,pending,0,0,9,1,0,0,0,0,2,1,0,0,9,2,0,4,0,needs_review,
L9-Q1-W09,L9,1분기(고전),9,처음 읽는 월든,pending,0,0,9,1,0,0,0,0,3,0,0,0,9,2,0,3,0,needs_review,
L9-Q1-W10,L9,1분기(고전),10,페테르부르크 이야기,pending,0,0,9,1,0,0,0,0,3,1,0,0,9,2,0,8,0,needs_review,
L9-Q1-W11,L9,1분기(고전),11,페스트,pending,0,0,8,1,1,0,0,0,10,2,0,0,8,2,0,5,0,unusable,B1
L9-Q1-W12,L9,1분기(고전),12,페스트,pending,0,0,8,1,0,0,0,0,8,0,0,0,8,2,0,4,0,needs_review,
L9-Q2-W04,L9,2분기(탐구),4,10대를 위한 세계 분쟁지역 이야기 (연장),pending,0,0,10,1,3,0,0,3,4,0,0,0,0,2,0,6,0,unusable,B1;B4
L9-Q2-W13,L9,2분기(탐구),13,미래세대를 위한 의료 기술 문해력,pending,0,0,0,1,0,0,0,0,0,0,0,0,0,3,0,0,0,needs_review,
L9-Q3-W01,L9,3분기(문학),1,한국 대표 단편문학선 1,pending,0,0,0,1,0,0,0,0,0,0,0,0,0,3,0,1,0,needs_review,
L9-Q3-W02,L9,3분기(문학),2,한국 대표 단편문학선 2,pending,0,0,0,1,0,0,0,0,0,0,0,0,0,3,0,1,0,needs_review,
L9-Q3-W06,L9,3분기(문학),6,열하일기: 삶과 문명의 눈부신 비전,pending,0,0,9,1,0,0,0,0,13,2,0,0,9,2,0,4,0,needs_review,
L9-Q3-W07,L9,3분기(문학),7,열하일기: 삶과 문명의 눈부신 비전,pending,0,0,16,1,8,0,6,4,8,1,0,0,16,2,0,4,0,unusable,B1;B3;B4
L9-Q3-W08,L9,3분기(문학),8,만세전 / 두 파산,pending,0,0,8,1,0,0,0,0,4,0,0,0,8,2,0,6,0,needs_review,
L9-Q3-W09,L9,3분기(문학),9,만세전 / 두 파산,pending,0,0,10,1,0,0,0,0,14,0,0,0,10,2,0,3,0,needs_review,
L9-Q3-W10,L9,3분기(문학),10,독 짓는 늙은이: 황순원 단편선,pending,0,0,10,1,0,0,0,0,6,1,0,0,10,2,0,6,0,needs_review,
L9-Q3-W11,L9,3분기(문학),11,독 짓는 늙은이: 황순원 단편선,pending,0,0,10,1,0,0,0,0,0,0,0,0,10,2,0,5,0,needs_review,
L9-Q3-W12,L9,3분기(문학),12,신경림의 시인을 찾아서 1,pending,0,0,8,1,0,0,0,0,4,0,0,0,8,2,0,6,0,needs_review,
L9-Q3-W13,L9,3분기(문학),13,신경림의 시인을 찾아서 1,pending,0,0,10,1,1,0,0,0,2,3,0,0,10,2,0,2,0,unusable,B1
L9-Q4-W01,L9,4분기(인문예술),1,벤담 & 싱어: 매사에 공평하라,pending,0,0,8,1,0,0,0,0,52,2,0,0,8,2,0,1,0,needs_review,
L9-Q4-W02,L9,4분기(인문예술),2,벤담 & 싱어: 매사에 공평하라,pending,0,0,7,1,0,0,0,0,7,1,0,0,7,2,0,1,0,needs_review,
L9-Q4-W07,L9,4분기(인문예술),7,공정하다는 착각,pending,0,0,7,1,0,0,0,0,300,0,0,0,7,2,0,2,0,unusable,B5
L9-Q4-W08,L9,4분기(인문예술),8,공정하다는 착각,pending,0,0,7,1,0,0,0,0,275,1,0,0,7,2,0,2,0,unusable,B5
L9-Q4-W09,L9,4분기(인문예술),9,군주론,pending,0,0,11,1,0,0,0,0,6,2,0,0,11,2,0,3,0,needs_review,
