content_id,lemma,pos,공식등급_확인상태,내부_변환등급,신뢰도,경계_동형이의_위험,우선순위_검토목록,사람_판정
SC_V191_B001_018,장터,명사,"미확인(김광해 계열로 문서상 기록됨 - 국립국어원 2023 공식 4만 어휘 목록과의 동일성 미확인, 1절 참고)",L0,상,없음,78(뜻풀이위험),
SC_V191_B001_043,등교,명사,"미확인(김광해 계열로 문서상 기록됨 - 국립국어원 2023 공식 4만 어휘 목록과의 동일성 미확인, 1절 참고)",L0,상,없음,78(뜻풀이위험),
SC_V192_B002_013,거름,명사,"미확인(김광해 계열로 문서상 기록됨 - 국립국어원 2023 공식 4만 어휘 목록과의 동일성 미확인, 1절 참고)",L0,상,없음,78(뜻풀이위험),
SC_V192_B002_014,거만하다,형용사,"미확인(김광해 계열로 문서상 기록됨 - 국립국어원 2023 공식 4만 어휘 목록과의 동일성 미확인, 1절 참고)",L0,상,없음,78(뜻풀이위험),
SC_V192_B002_018,겉보기,명사,"미확인(김광해 계열로 문서상 기록됨 - 국립국어원 2023 공식 4만 어휘 목록과의 동일성 미확인, 1절 참고)",L0,상,없음,78(뜻풀이위험),
SC_V192_B002_030,고등학교,명사,"미확인(김광해 계열로 문서상 기록됨 - 국립국어원 2023 공식 4만 어휘 목록과의 동일성 미확인, 1절 참고)",L0,상,없음,78(뜻풀이위험),
SC_V193_B003_024,기껏,부사,"미확인(김광해 계열로 문서상 기록됨 - 국립국어원 2023 공식 4만 어휘 목록과의 동일성 미확인, 1절 참고)",L0,상,없음,78(뜻풀이위험),
SC_V193_B003_032,꾀꼴꾀꼴,부사,"미확인(김광해 계열로 문서상 기록됨 - 국립국어원 2023 공식 4만 어휘 목록과의 동일성 미확인, 1절 참고)",L0,상,없음,78(뜻풀이위험),
SC_V193_B003_044,날아오르다,동사,"미확인(김광해 계열로 문서상 기록됨 - 국립국어원 2023 공식 4만 어휘 목록과의 동일성 미확인, 1절 참고)",L0,상,없음,78(뜻풀이위험),
SC_V194_B004_021,대롱대롱,부사,"미확인(김광해 계열로 문서상 기록됨 - 국립국어원 2023 공식 4만 어휘 목록과의 동일성 미확인, 1절 참고)",L0,상,없음,78(뜻풀이위험),
SC_V194_B004_022,대피하다,동사,"미확인(김광해 계열로 문서상 기록됨 - 국립국어원 2023 공식 4만 어휘 목록과의 동일성 미확인, 1절 참고)",L0,상,없음,78(뜻풀이위험),
SC_V194_B004_039,뒤처리,명사,"미확인(김광해 계열로 문서상 기록됨 - 국립국어원 2023 공식 4만 어휘 목록과의 동일성 미확인, 1절 참고)",L0,상,없음,78(뜻풀이위험),
SC_V194_B004_041,들락거리다,동사,"미확인(김광해 계열로 문서상 기록됨 - 국립국어원 2023 공식 4만 어휘 목록과의 동일성 미확인, 1절 참고)",L0,상,없음,78(뜻풀이위험),
SC_V194_B004_043,등교하다,동사,"미확인(김광해 계열로 문서상 기록됨 - 국립국어원 2023 공식 4만 어휘 목록과의 동일성 미확인, 1절 참고)",L0,상,없음,78(뜻풀이위험),
SC_V194_B004_044,등장인물,명사,"미확인(김광해 계열로 문서상 기록됨 - 국립국어원 2023 공식 4만 어휘 목록과의 동일성 미확인, 1절 참고)",L0,상,없음,78(뜻풀이위험),
SC_V194_B004_049,따끈하다,형용사,"미확인(김광해 계열로 문서상 기록됨 - 국립국어원 2023 공식 4만 어휘 목록과의 동일성 미확인, 1절 참고)",L0,상,없음,78(뜻풀이위험),
SC_V195_B005_006,떳떳하다,형용사,"미확인(김광해 계열로 문서상 기록됨 - 국립국어원 2023 공식 4만 어휘 목록과의 동일성 미확인, 1절 참고)",L0,상,없음,78(뜻풀이위험),
SC_V195_B005_008,뜻깊다,형용사,"미확인(김광해 계열로 문서상 기록됨 - 국립국어원 2023 공식 4만 어휘 목록과의 동일성 미확인, 1절 참고)",L0,상,없음,78(뜻풀이위험),
SC_V195_B005_011,리더,명사,"미확인(김광해 계열로 문서상 기록됨 - 국립국어원 2023 공식 4만 어휘 목록과의 동일성 미확인, 1절 참고)",L0,상,없음,78(뜻풀이위험),
SC_V195_B005_012,리을,명사,"미확인(김광해 계열로 문서상 기록됨 - 국립국어원 2023 공식 4만 어휘 목록과의 동일성 미확인, 1절 참고)",L0,상,없음,207(레벨보류),
SC_V195_B005_022,만지작거리다,동사,"미확인(김광해 계열로 문서상 기록됨 - 국립국어원 2023 공식 4만 어휘 목록과의 동일성 미확인, 1절 참고)",L0,상,없음,78(뜻풀이위험),
SC_V195_B005_024,망토,명사,"미확인(김광해 계열로 문서상 기록됨 - 국립국어원 2023 공식 4만 어휘 목록과의 동일성 미확인, 1절 참고)",L0,상,없음,78(뜻풀이위험),
SC_V195_B005_033,명품,명사,"미확인(김광해 계열로 문서상 기록됨 - 국립국어원 2023 공식 4만 어휘 목록과의 동일성 미확인, 1절 참고)",L0,상,없음,78(뜻풀이위험),
SC_V195_B005_040,무뚝뚝하다,형용사,"미확인(김광해 계열로 문서상 기록됨 - 국립국어원 2023 공식 4만 어휘 목록과의 동일성 미확인, 1절 참고)",L0,상,없음,78(뜻풀이위험),
SC_V195_B005_041,무인도,명사,"미확인(김광해 계열로 문서상 기록됨 - 국립국어원 2023 공식 4만 어휘 목록과의 동일성 미확인, 1절 참고)",L0,상,없음,78(뜻풀이위험),
SC_V195_B005_044,문지기,명사,"미확인(김광해 계열로 문서상 기록됨 - 국립국어원 2023 공식 4만 어휘 목록과의 동일성 미확인, 1절 참고)",L0,상,없음,78(뜻풀이위험),
SC_V196_B006_013,배신하다,동사,"미확인(김광해 계열로 문서상 기록됨 - 국립국어원 2023 공식 4만 어휘 목록과의 동일성 미확인, 1절 참고)",L0,상,없음,78(뜻풀이위험),
SC_V196_B006_015,병균,명사,"미확인(김광해 계열로 문서상 기록됨 - 국립국어원 2023 공식 4만 어휘 목록과의 동일성 미확인, 1절 참고)",L0,상,없음,78(뜻풀이위험),
SC_V196_B006_029,부랴부랴,부사,"미확인(김광해 계열로 문서상 기록됨 - 국립국어원 2023 공식 4만 어휘 목록과의 동일성 미확인, 1절 참고)",L0,상,없음,78(뜻풀이위험),
SC_V196_B006_030,부상자,명사,"미확인(김광해 계열로 문서상 기록됨 - 국립국어원 2023 공식 4만 어휘 목록과의 동일성 미확인, 1절 참고)",L0,상,없음,78(뜻풀이위험),
SC_V196_B006_034,불길하다,형용사,"미확인(김광해 계열로 문서상 기록됨 - 국립국어원 2023 공식 4만 어휘 목록과의 동일성 미확인, 1절 참고)",L0,상,없음,78(뜻풀이위험),
SC_V196_B006_035,불안감,명사,"미확인(김광해 계열로 문서상 기록됨 - 국립국어원 2023 공식 4만 어휘 목록과의 동일성 미확인, 1절 참고)",L0,상,없음,78(뜻풀이위험),
SC_V196_B006_036,붉어지다,동사,"미확인(김광해 계열로 문서상 기록됨 - 국립국어원 2023 공식 4만 어휘 목록과의 동일성 미확인, 1절 참고)",L0,상,없음,78(뜻풀이위험),
SC_V196_B006_043,비틀비틀,부사,"미확인(김광해 계열로 문서상 기록됨 - 국립국어원 2023 공식 4만 어휘 목록과의 동일성 미확인, 1절 참고)",L0,상,없음,78(뜻풀이위험),
SC_V196_B006_048,삐걱거리다,동사,"미확인(김광해 계열로 문서상 기록됨 - 국립국어원 2023 공식 4만 어휘 목록과의 동일성 미확인, 1절 참고)",L0,상,없음,78(뜻풀이위험),
SC_V196_B006_049,삐걱삐걱,부사,"미확인(김광해 계열로 문서상 기록됨 - 국립국어원 2023 공식 4만 어휘 목록과의 동일성 미확인, 1절 참고)",L0,상,없음,78(뜻풀이위험),
SC_V197_B007_027,솜이불,명사,"미확인(김광해 계열로 문서상 기록됨 - 국립국어원 2023 공식 4만 어휘 목록과의 동일성 미확인, 1절 참고)",L0,상,없음,78(뜻풀이위험),
SC_V197_B007_028,솥뚜껑,명사,"미확인(김광해 계열로 문서상 기록됨 - 국립국어원 2023 공식 4만 어휘 목록과의 동일성 미확인, 1절 참고)",L0,상,없음,78(뜻풀이위험),
SC_V198_B008_001,신기록,명사,"미확인(김광해 계열로 문서상 기록됨 - 국립국어원 2023 공식 4만 어휘 목록과의 동일성 미확인, 1절 참고)",L0,상,없음,78(뜻풀이위험),
SC_V198_B008_024,안절부절못하다,동사,"미확인(김광해 계열로 문서상 기록됨 - 국립국어원 2023 공식 4만 어휘 목록과의 동일성 미확인, 1절 참고)",L0,상,없음,78(뜻풀이위험),
SC_V198_B008_027,알록달록,부사,"미확인(김광해 계열로 문서상 기록됨 - 국립국어원 2023 공식 4만 어휘 목록과의 동일성 미확인, 1절 참고)",L0,상,없음,78(뜻풀이위험),
SC_V198_B008_032,애타다,동사,"미확인(김광해 계열로 문서상 기록됨 - 국립국어원 2023 공식 4만 어휘 목록과의 동일성 미확인, 1절 참고)",L0,상,없음,78(뜻풀이위험),
SC_V199_B009_004,여백,명사,"미확인(김광해 계열로 문서상 기록됨 - 국립국어원 2023 공식 4만 어휘 목록과의 동일성 미확인, 1절 참고)",L0,상,없음,78(뜻풀이위험),
SC_V199_B009_027,오순도순,부사,"미확인(김광해 계열로 문서상 기록됨 - 국립국어원 2023 공식 4만 어휘 목록과의 동일성 미확인, 1절 참고)",L0,상,없음,78(뜻풀이위험),
SC_V199_B009_028,오죽하다,형용사,"미확인(김광해 계열로 문서상 기록됨 - 국립국어원 2023 공식 4만 어휘 목록과의 동일성 미확인, 1절 참고)",L0,상,없음,78(뜻풀이위험),
SC_V199_B009_042,울퉁불퉁,부사,"미확인(김광해 계열로 문서상 기록됨 - 국립국어원 2023 공식 4만 어휘 목록과의 동일성 미확인, 1절 참고)",L0,상,없음,78(뜻풀이위험),
SC_V1910_B010_008,의외로,부사,"미확인(김광해 계열로 문서상 기록됨 - 국립국어원 2023 공식 4만 어휘 목록과의 동일성 미확인, 1절 참고)",L0,상,없음,78(뜻풀이위험),
SC_V1910_B010_010,이발소,명사,"미확인(김광해 계열로 문서상 기록됨 - 국립국어원 2023 공식 4만 어휘 목록과의 동일성 미확인, 1절 참고)",L0,상,없음,78(뜻풀이위험),
SC_V1910_B010_012,이응,명사,"미확인(김광해 계열로 문서상 기록됨 - 국립국어원 2023 공식 4만 어휘 목록과의 동일성 미확인, 1절 참고)",L0,상,없음,207(레벨보류),
SC_V1910_B010_014,인내심,명사,"미확인(김광해 계열로 문서상 기록됨 - 국립국어원 2023 공식 4만 어휘 목록과의 동일성 미확인, 1절 참고)",L0,상,없음,78(뜻풀이위험),
SC_V1910_B010_021,자욱하다,형용사,"미확인(김광해 계열로 문서상 기록됨 - 국립국어원 2023 공식 4만 어휘 목록과의 동일성 미확인, 1절 참고)",L0,상,없음,78(뜻풀이위험),
SC_V1910_B010_024,작별,명사,"미확인(김광해 계열로 문서상 기록됨 - 국립국어원 2023 공식 4만 어휘 목록과의 동일성 미확인, 1절 참고)",L0,상,없음,78(뜻풀이위험),
SC_V1910_B010_035,재촉하다,동사,"미확인(김광해 계열로 문서상 기록됨 - 국립국어원 2023 공식 4만 어휘 목록과의 동일성 미확인, 1절 참고)",L0,상,없음,78(뜻풀이위험),
SC_V1910_B010_047,전학,명사,"미확인(김광해 계열로 문서상 기록됨 - 국립국어원 2023 공식 4만 어휘 목록과의 동일성 미확인, 1절 참고)",L0,상,없음,78(뜻풀이위험),
SC_V1910_B010_048,점선,명사,"미확인(김광해 계열로 문서상 기록됨 - 국립국어원 2023 공식 4만 어휘 목록과의 동일성 미확인, 1절 참고)",L0,상,없음,78(뜻풀이위험),
SC_V1911_B011_002,정정당당하다,형용사,"미확인(김광해 계열로 문서상 기록됨 - 국립국어원 2023 공식 4만 어휘 목록과의 동일성 미확인, 1절 참고)",L0,상,없음,78(뜻풀이위험),
SC_V1911_B011_005,조마조마,부사,"미확인(김광해 계열로 문서상 기록됨 - 국립국어원 2023 공식 4만 어휘 목록과의 동일성 미확인, 1절 참고)",L0,상,없음,78(뜻풀이위험),
SC_V1911_B011_006,조마조마하다,형용사,"미확인(김광해 계열로 문서상 기록됨 - 국립국어원 2023 공식 4만 어휘 목록과의 동일성 미확인, 1절 참고)",L0,상,없음,78(뜻풀이위험),
SC_V1911_B011_011,종알거리다,동사,"미확인(김광해 계열로 문서상 기록됨 - 국립국어원 2023 공식 4만 어휘 목록과의 동일성 미확인, 1절 참고)",L0,상,없음,78(뜻풀이위험),
SC_V1911_B011_012,종알대다,동사,"미확인(김광해 계열로 문서상 기록됨 - 국립국어원 2023 공식 4만 어휘 목록과의 동일성 미확인, 1절 참고)",L0,상,없음,78(뜻풀이위험),
SC_V1911_B011_016,중지하다,동사,"미확인(김광해 계열로 문서상 기록됨 - 국립국어원 2023 공식 4만 어휘 목록과의 동일성 미확인, 1절 참고)",L0,상,없음,78(뜻풀이위험),
SC_V1911_B011_025,진공청소기,명사,"미확인(김광해 계열로 문서상 기록됨 - 국립국어원 2023 공식 4만 어휘 목록과의 동일성 미확인, 1절 참고)",L0,상,없음,78(뜻풀이위험),
SC_V1911_B011_033,쪼글쪼글,부사,"미확인(김광해 계열로 문서상 기록됨 - 국립국어원 2023 공식 4만 어휘 목록과의 동일성 미확인, 1절 참고)",L0,상,없음,78(뜻풀이위험),
SC_V1912_B012_014,최우수,명사,"미확인(김광해 계열로 문서상 기록됨 - 국립국어원 2023 공식 4만 어휘 목록과의 동일성 미확인, 1절 참고)",L0,상,없음,78(뜻풀이위험),
SC_V1912_B012_049,특산물,명사,"미확인(김광해 계열로 문서상 기록됨 - 국립국어원 2023 공식 4만 어휘 목록과의 동일성 미확인, 1절 참고)",L0,상,없음,78(뜻풀이위험),
SC_V1913_B013_015,포도밭,명사,"미확인(김광해 계열로 문서상 기록됨 - 국립국어원 2023 공식 4만 어휘 목록과의 동일성 미확인, 1절 참고)",L0,상,없음,78(뜻풀이위험),
SC_V1913_B013_021,푹신푹신하다,형용사,"미확인(김광해 계열로 문서상 기록됨 - 국립국어원 2023 공식 4만 어휘 목록과의 동일성 미확인, 1절 참고)",L0,상,없음,78(뜻풀이위험),
SC_V1913_B013_022,풍족하다,형용사,"미확인(김광해 계열로 문서상 기록됨 - 국립국어원 2023 공식 4만 어휘 목록과의 동일성 미확인, 1절 참고)",L0,상,없음,78(뜻풀이위험),
SC_V1913_B013_033,한껏,부사,"미확인(김광해 계열로 문서상 기록됨 - 국립국어원 2023 공식 4만 어휘 목록과의 동일성 미확인, 1절 참고)",L0,상,없음,78(뜻풀이위험),
SC_V1913_B013_042,헐레벌떡,부사,"미확인(김광해 계열로 문서상 기록됨 - 국립국어원 2023 공식 4만 어휘 목록과의 동일성 미확인, 1절 참고)",L0,상,없음,78(뜻풀이위험),
SC_V1914_B014_008,훌라후프,명사,"미확인(김광해 계열로 문서상 기록됨 - 국립국어원 2023 공식 4만 어휘 목록과의 동일성 미확인, 1절 참고)",L0,상,없음,78(뜻풀이위험),
SC_V1914_B014_012,휴대용,명사,"미확인(김광해 계열로 문서상 기록됨 - 국립국어원 2023 공식 4만 어휘 목록과의 동일성 미확인, 1절 참고)",L0,상,없음,78(뜻풀이위험),
SC_V1914_B014_015,흐릿하다,형용사,"미확인(김광해 계열로 문서상 기록됨 - 국립국어원 2023 공식 4만 어휘 목록과의 동일성 미확인, 1절 참고)",L0,상,없음,78(뜻풀이위험),
SC_V1914_B014_016,흐뭇하다,형용사,"미확인(김광해 계열로 문서상 기록됨 - 국립국어원 2023 공식 4만 어휘 목록과의 동일성 미확인, 1절 참고)",L0,상,없음,78(뜻풀이위험),
SC_V1914_B014_017,흙냄새,명사,"미확인(김광해 계열로 문서상 기록됨 - 국립국어원 2023 공식 4만 어휘 목록과의 동일성 미확인, 1절 참고)",L0,상,없음,78(뜻풀이위험),
SC_V1914_B014_024,희한하다,형용사,"미확인(김광해 계열로 문서상 기록됨 - 국립국어원 2023 공식 4만 어휘 목록과의 동일성 미확인, 1절 참고)",L0,상,없음,78(뜻풀이위험),
SC_V1914_B014_026,가건물,명사,"미확인(김광해 계열로 문서상 기록됨 - 국립국어원 2023 공식 4만 어휘 목록과의 동일성 미확인, 1절 참고)",경계(L3~L4),중,원천 4등급는 정책상 경계(L3~L4) 두 밴드에 걸침 - 세부레벨 강제분할 안 함,207(레벨보류),
SC_V1914_B014_036,가락가락,부사,"미확인(김광해 계열로 문서상 기록됨 - 국립국어원 2023 공식 4만 어휘 목록과의 동일성 미확인, 1절 참고)",경계(L3~L4),중,원천 4등급는 정책상 경계(L3~L4) 두 밴드에 걸침 - 세부레벨 강제분할 안 함,207(레벨보류),
SC_V1915_B015_001,가무잡잡하다,형용사,"미확인(김광해 계열로 문서상 기록됨 - 국립국어원 2023 공식 4만 어휘 목록과의 동일성 미확인, 1절 참고)",경계(L1~L2),중,원천 3등급는 정책상 경계(L1~L2) 두 밴드에 걸침 - 세부레벨 강제분할 안 함,207(레벨보류),
SC_V1915_B015_006,가스관,명사,"미확인(김광해 계열로 문서상 기록됨 - 국립국어원 2023 공식 4만 어휘 목록과의 동일성 미확인, 1절 참고)",경계(L3~L4),중,원천 4등급는 정책상 경계(L3~L4) 두 밴드에 걸침 - 세부레벨 강제분할 안 함,207(레벨보류),
SC_V1915_B015_010,가슴둘레,명사,"미확인(김광해 계열로 문서상 기록됨 - 국립국어원 2023 공식 4만 어휘 목록과의 동일성 미확인, 1절 참고)",경계(L3~L4),중,원천 4등급는 정책상 경계(L3~L4) 두 밴드에 걸침 - 세부레벨 강제분할 안 함,207(레벨보류),
SC_V1916_B016_030,감격스럽다,형용사,"미확인(김광해 계열로 문서상 기록됨 - 국립국어원 2023 공식 4만 어휘 목록과의 동일성 미확인, 1절 참고)",경계(L1~L2),중,원천 3등급는 정책상 경계(L1~L2) 두 밴드에 걸침 - 세부레벨 강제분할 안 함,207(레벨보류),
SC_V1916_B016_034,감내하다,동사,"미확인(김광해 계열로 문서상 기록됨 - 국립국어원 2023 공식 4만 어휘 목록과의 동일성 미확인, 1절 참고)",경계(L3~L4),중,원천 4등급는 정책상 경계(L3~L4) 두 밴드에 걸침 - 세부레벨 강제분할 안 함,207(레벨보류),
SC_V1917_B017_001,갑작스레,부사,"미확인(김광해 계열로 문서상 기록됨 - 국립국어원 2023 공식 4만 어휘 목록과의 동일성 미확인, 1절 참고)",경계(L3~L4),중,원천 4등급는 정책상 경계(L3~L4) 두 밴드에 걸침 - 세부레벨 강제분할 안 함,207(레벨보류),
SC_V1917_B017_004,값나가다,동사,"미확인(김광해 계열로 문서상 기록됨 - 국립국어원 2023 공식 4만 어휘 목록과의 동일성 미확인, 1절 참고)",경계(L3~L4),중,원천 4등급는 정책상 경계(L3~L4) 두 밴드에 걸침 - 세부레벨 강제분할 안 함,207(레벨보류),
SC_V1917_B017_039,개최지,명사,"미확인(김광해 계열로 문서상 기록됨 - 국립국어원 2023 공식 4만 어휘 목록과의 동일성 미확인, 1절 참고)",경계(L3~L4),중,원천 4등급는 정책상 경계(L3~L4) 두 밴드에 걸침 - 세부레벨 강제분할 안 함,207(레벨보류),
SC_V1918_B018_018,거뭇거뭇,부사,"미확인(김광해 계열로 문서상 기록됨 - 국립국어원 2023 공식 4만 어휘 목록과의 동일성 미확인, 1절 참고)",경계(L3~L4),중,원천 4등급는 정책상 경계(L3~L4) 두 밴드에 걸침 - 세부레벨 강제분할 안 함,207(레벨보류),
SC_V1919_B019_005,건어물,명사,"미확인(김광해 계열로 문서상 기록됨 - 국립국어원 2023 공식 4만 어휘 목록과의 동일성 미확인, 1절 참고)",경계(L3~L4),중,원천 4등급는 정책상 경계(L3~L4) 두 밴드에 걸침 - 세부레벨 강제분할 안 함,207(레벨보류),
SC_V1921_B021_040,고갯짓,명사,"미확인(김광해 계열로 문서상 기록됨 - 국립국어원 2023 공식 4만 어휘 목록과의 동일성 미확인, 1절 참고)",경계(L3~L4),중,원천 4등급는 정책상 경계(L3~L4) 두 밴드에 걸침 - 세부레벨 강제분할 안 함,207(레벨보류),
SC_V1921_B021_045,고기반찬,명사,"미확인(김광해 계열로 문서상 기록됨 - 국립국어원 2023 공식 4만 어휘 목록과의 동일성 미확인, 1절 참고)",경계(L3~L4),중,원천 4등급는 정책상 경계(L3~L4) 두 밴드에 걸침 - 세부레벨 강제분할 안 함,207(레벨보류),
SC_V1922_B022_029,고민스럽다,형용사,"미확인(김광해 계열로 문서상 기록됨 - 국립국어원 2023 공식 4만 어휘 목록과의 동일성 미확인, 1절 참고)",경계(L1~L2),중,원천 3등급는 정책상 경계(L1~L2) 두 밴드에 걸침 - 세부레벨 강제분할 안 함,207(레벨보류),
SC_V1923_B023_025,곱슬곱슬하다,형용사,"미확인(김광해 계열로 문서상 기록됨 - 국립국어원 2023 공식 4만 어휘 목록과의 동일성 미확인, 1절 참고)",경계(L1~L2),중,원천 3등급는 정책상 경계(L1~L2) 두 밴드에 걸침 - 세부레벨 강제분할 안 함,207(레벨보류),
SC_V1930_B030_024,기우뚱,부사,"미확인(김광해 계열로 문서상 기록됨 - 국립국어원 2023 공식 4만 어휘 목록과의 동일성 미확인, 1절 참고)",경계(L3~L4),중,원천 4등급는 정책상 경계(L3~L4) 두 밴드에 걸침 - 세부레벨 강제분할 안 함,207(레벨보류),
SC_V1930_B030_029,기입하다,동사,"미확인(김광해 계열로 문서상 기록됨 - 국립국어원 2023 공식 4만 어휘 목록과의 동일성 미확인, 1절 참고)",경계(L3~L4),중,원천 4등급는 정책상 경계(L3~L4) 두 밴드에 걸침 - 세부레벨 강제분할 안 함,207(레벨보류),
SC_V1931_B031_034,꺾꽂이하다,동사,"미확인(김광해 계열로 문서상 기록됨 - 국립국어원 2023 공식 4만 어휘 목록과의 동일성 미확인, 1절 참고)",경계(L3~L4),중,원천 4등급는 정책상 경계(L3~L4) 두 밴드에 걸침 - 세부레벨 강제분할 안 함,207(레벨보류),
SC_V1931_B031_050,꽃가루,명사,"미확인(김광해 계열로 문서상 기록됨 - 국립국어원 2023 공식 4만 어휘 목록과의 동일성 미확인, 1절 참고)",경계(L1~L2),중,원천 3등급는 정책상 경계(L1~L2) 두 밴드에 걸침 - 세부레벨 강제분할 안 함,207(레벨보류),
SC_V1932_B032_028,꿇어앉다,동사,"미확인(김광해 계열로 문서상 기록됨 - 국립국어원 2023 공식 4만 어휘 목록과의 동일성 미확인, 1절 참고)",경계(L3~L4),중,원천 4등급는 정책상 경계(L3~L4) 두 밴드에 걸침 - 세부레벨 강제분할 안 함,207(레벨보류),
SC_V1933_B033_018,나무하다,동사,"미확인(김광해 계열로 문서상 기록됨 - 국립국어원 2023 공식 4만 어휘 목록과의 동일성 미확인, 1절 참고)",경계(L3~L4),중,원천 4등급는 정책상 경계(L3~L4) 두 밴드에 걸침 - 세부레벨 강제분할 안 함,207(레벨보류),
SC_V1933_B033_049,남녀평등,명사,"미확인(김광해 계열로 문서상 기록됨 - 국립국어원 2023 공식 4만 어휘 목록과의 동일성 미확인, 1절 참고)",경계(L1~L2),중,원천 3등급는 정책상 경계(L1~L2) 두 밴드에 걸침 - 세부레벨 강제분할 안 함,207(레벨보류),
SC_V1935_B035_029,넝쿨,명사,"미확인(김광해 계열로 문서상 기록됨 - 국립국어원 2023 공식 4만 어휘 목록과의 동일성 미확인, 1절 참고)",경계(L1~L2),중,원천 3등급는 정책상 경계(L1~L2) 두 밴드에 걸침 - 세부레벨 강제분할 안 함,207(레벨보류),
SC_V1935_B035_036,노닐다,동사,"미확인(김광해 계열로 문서상 기록됨 - 국립국어원 2023 공식 4만 어휘 목록과의 동일성 미확인, 1절 참고)",경계(L3~L4),중,원천 4등급는 정책상 경계(L3~L4) 두 밴드에 걸침 - 세부레벨 강제분할 안 함,207(레벨보류),
SC_V1935_B035_038,노동력,명사,"미확인(김광해 계열로 문서상 기록됨 - 국립국어원 2023 공식 4만 어휘 목록과의 동일성 미확인, 1절 참고)",경계(L1~L2),중,원천 3등급는 정책상 경계(L1~L2) 두 밴드에 걸침 - 세부레벨 강제분할 안 함,17(L2_PROVISIONAL_AUTO),
SC_V1937_B037_048,느닷없이,부사,"미확인(김광해 계열로 문서상 기록됨 - 국립국어원 2023 공식 4만 어휘 목록과의 동일성 미확인, 1절 참고)",경계(L3~L4),중,원천 4등급는 정책상 경계(L3~L4) 두 밴드에 걸침 - 세부레벨 강제분할 안 함,207(레벨보류),
SC_V1941_B041_015,대팻밥,명사,"미확인(김광해 계열로 문서상 기록됨 - 국립국어원 2023 공식 4만 어휘 목록과의 동일성 미확인, 1절 참고)",경계(L3~L4),중,원천 4등급는 정책상 경계(L3~L4) 두 밴드에 걸침 - 세부레벨 강제분할 안 함,207(레벨보류),
SC_V1941_B041_047,덩굴,명사,"미확인(김광해 계열로 문서상 기록됨 - 국립국어원 2023 공식 4만 어휘 목록과의 동일성 미확인, 1절 참고)",경계(L1~L2),중,원천 3등급는 정책상 경계(L1~L2) 두 밴드에 걸침 - 세부레벨 강제분할 안 함,207(레벨보류),
SC_V1943_B043_018,동급생,명사,"미확인(김광해 계열로 문서상 기록됨 - 국립국어원 2023 공식 4만 어휘 목록과의 동일성 미확인, 1절 참고)",경계(L3~L4),중,원천 4등급는 정책상 경계(L3~L4) 두 밴드에 걸침 - 세부레벨 강제분할 안 함,207(레벨보류),
SC_V1945_B045_050,등산복,명사,"미확인(김광해 계열로 문서상 기록됨 - 국립국어원 2023 공식 4만 어휘 목록과의 동일성 미확인, 1절 참고)",경계(L3~L4),중,원천 4등급는 정책상 경계(L3~L4) 두 밴드에 걸침 - 세부레벨 강제분할 안 함,207(레벨보류),
SC_V1946_B046_014,따끈히,부사,"미확인(김광해 계열로 문서상 기록됨 - 국립국어원 2023 공식 4만 어휘 목록과의 동일성 미확인, 1절 참고)",경계(L3~L4),중,원천 4등급는 정책상 경계(L3~L4) 두 밴드에 걸침 - 세부레벨 강제분할 안 함,207(레벨보류),
SC_V1948_B048_024,마른걸레,명사,"미확인(김광해 계열로 문서상 기록됨 - 국립국어원 2023 공식 4만 어휘 목록과의 동일성 미확인, 1절 참고)",경계(L3~L4),중,원천 4등급는 정책상 경계(L3~L4) 두 밴드에 걸침 - 세부레벨 강제분할 안 함,207(레벨보류),
SC_V1949_B049_003,만날,부사,"미확인(김광해 계열로 문서상 기록됨 - 국립국어원 2023 공식 4만 어휘 목록과의 동일성 미확인, 1절 참고)",경계(L3~L4),중,원천 4등급는 정책상 경계(L3~L4) 두 밴드에 걸침 - 세부레벨 강제분할 안 함,207(레벨보류),
SC_V1951_B051_044,멸치젓,명사,"미확인(김광해 계열로 문서상 기록됨 - 국립국어원 2023 공식 4만 어휘 목록과의 동일성 미확인, 1절 참고)",경계(L3~L4),중,원천 4등급는 정책상 경계(L3~L4) 두 밴드에 걸침 - 세부레벨 강제분할 안 함,207(레벨보류),
SC_V1952_B052_033,모방하다,동사,"미확인(김광해 계열로 문서상 기록됨 - 국립국어원 2023 공식 4만 어휘 목록과의 동일성 미확인, 1절 참고)",경계(L3~L4),중,원천 4등급는 정책상 경계(L3~L4) 두 밴드에 걸침 - 세부레벨 강제분할 안 함,207(레벨보류),
SC_V1953_B053_005,목례,명사,"미확인(김광해 계열로 문서상 기록됨 - 국립국어원 2023 공식 4만 어휘 목록과의 동일성 미확인, 1절 참고)",경계(L3~L4),중,원천 4등급는 정책상 경계(L3~L4) 두 밴드에 걸침 - 세부레벨 강제분할 안 함,207(레벨보류),
SC_V1954_B054_045,묵묵하다,형용사,"미확인(김광해 계열로 문서상 기록됨 - 국립국어원 2023 공식 4만 어휘 목록과의 동일성 미확인, 1절 참고)",경계(L3~L4),중,원천 4등급는 정책상 경계(L3~L4) 두 밴드에 걸침 - 세부레벨 강제분할 안 함,207(레벨보류),
SC_V1955_B055_041,물안개,명사,"미확인(김광해 계열로 문서상 기록됨 - 국립국어원 2023 공식 4만 어휘 목록과의 동일성 미확인, 1절 참고)",경계(L3~L4),중,원천 4등급는 정책상 경계(L3~L4) 두 밴드에 걸침 - 세부레벨 강제분할 안 함,207(레벨보류),
SC_V1959_B059_035,방위판,명사,"미확인(김광해 계열로 문서상 기록됨 - 국립국어원 2023 공식 4만 어휘 목록과의 동일성 미확인, 1절 참고)",경계(L3~L4),중,원천 4등급는 정책상 경계(L3~L4) 두 밴드에 걸침 - 세부레벨 강제분할 안 함,207(레벨보류),
SC_V1962_B062_025,볏짚,명사,"미확인(김광해 계열로 문서상 기록됨 - 국립국어원 2023 공식 4만 어휘 목록과의 동일성 미확인, 1절 참고)",경계(L3~L4),중,원천 4등급는 정책상 경계(L3~L4) 두 밴드에 걸침 - 세부레벨 강제분할 안 함,207(레벨보류),
SC_V1962_B062_036,보관소,명사,"미확인(김광해 계열로 문서상 기록됨 - 국립국어원 2023 공식 4만 어휘 목록과의 동일성 미확인, 1절 참고)",경계(L3~L4),중,원천 4등급는 정책상 경계(L3~L4) 두 밴드에 걸침 - 세부레벨 강제분할 안 함,207(레벨보류),
SC_V1963_B063_009,보잘것없다,형용사,"미확인(김광해 계열로 문서상 기록됨 - 국립국어원 2023 공식 4만 어휘 목록과의 동일성 미확인, 1절 참고)",경계(L3~L4),중,원천 4등급는 정책상 경계(L3~L4) 두 밴드에 걸침 - 세부레벨 강제분할 안 함,207(레벨보류),
SC_V1964_B064_008,부단히,부사,"미확인(김광해 계열로 문서상 기록됨 - 국립국어원 2023 공식 4만 어휘 목록과의 동일성 미확인, 1절 참고)",경계(L3~L4),중,원천 4등급는 정책상 경계(L3~L4) 두 밴드에 걸침 - 세부레벨 강제분할 안 함,207(레벨보류),
SC_V1964_B064_039,부엌방,명사,"미확인(김광해 계열로 문서상 기록됨 - 국립국어원 2023 공식 4만 어휘 목록과의 동일성 미확인, 1절 참고)",경계(L3~L4),중,원천 4등급는 정책상 경계(L3~L4) 두 밴드에 걸침 - 세부레벨 강제분할 안 함,207(레벨보류),
SC_V1965_B065_030,분모,명사,"미확인(김광해 계열로 문서상 기록됨 - 국립국어원 2023 공식 4만 어휘 목록과의 동일성 미확인, 1절 참고)",경계(L1~L2),중,원천 3등급는 정책상 경계(L1~L2) 두 밴드에 걸침 - 세부레벨 강제분할 안 함,207(레벨보류),
SC_V1965_B065_036,분지르다,동사,"미확인(김광해 계열로 문서상 기록됨 - 국립국어원 2023 공식 4만 어휘 목록과의 동일성 미확인, 1절 참고)",경계(L3~L4),중,원천 4등급는 정책상 경계(L3~L4) 두 밴드에 걸침 - 세부레벨 강제분할 안 함,207(레벨보류),
SC_V1966_B066_006,불만스럽다,형용사,"미확인(김광해 계열로 문서상 기록됨 - 국립국어원 2023 공식 4만 어휘 목록과의 동일성 미확인, 1절 참고)",경계(L1~L2),중,원천 3등급는 정책상 경계(L1~L2) 두 밴드에 걸침 - 세부레벨 강제분할 안 함,207(레벨보류),
SC_V1966_B066_007,불만족,명사,"미확인(김광해 계열로 문서상 기록됨 - 국립국어원 2023 공식 4만 어휘 목록과의 동일성 미확인, 1절 참고)",경계(L3~L4),중,원천 4등급는 정책상 경계(L3~L4) 두 밴드에 걸침 - 세부레벨 강제분할 안 함,207(레벨보류),
SC_V1966_B066_010,불볕더위,명사,"미확인(김광해 계열로 문서상 기록됨 - 국립국어원 2023 공식 4만 어휘 목록과의 동일성 미확인, 1절 참고)",경계(L3~L4),중,원천 4등급는 정책상 경계(L3~L4) 두 밴드에 걸침 - 세부레벨 강제분할 안 함,207(레벨보류),
SC_V1966_B066_011,불성실하다,형용사,"미확인(김광해 계열로 문서상 기록됨 - 국립국어원 2023 공식 4만 어휘 목록과의 동일성 미확인, 1절 참고)",경계(L1~L2),중,원천 3등급는 정책상 경계(L1~L2) 두 밴드에 걸침 - 세부레벨 강제분할 안 함,207(레벨보류),
SC_V1966_B066_037,브랜드,명사,"미확인(김광해 계열로 문서상 기록됨 - 국립국어원 2023 공식 4만 어휘 목록과의 동일성 미확인, 1절 참고)",경계(L1~L2),중,원천 3등급는 정책상 경계(L1~L2) 두 밴드에 걸침 - 세부레벨 강제분할 안 함,17(L2_PROVISIONAL_AUTO),
SC_V1967_B067_002,비단옷,명사,"미확인(김광해 계열로 문서상 기록됨 - 국립국어원 2023 공식 4만 어휘 목록과의 동일성 미확인, 1절 참고)",경계(L3~L4),중,원천 4등급는 정책상 경계(L3~L4) 두 밴드에 걸침 - 세부레벨 강제분할 안 함,207(레벨보류),
SC_V1967_B067_016,비범하다,형용사,"미확인(김광해 계열로 문서상 기록됨 - 국립국어원 2023 공식 4만 어휘 목록과의 동일성 미확인, 1절 참고)",경계(L3~L4),중,원천 4등급는 정책상 경계(L3~L4) 두 밴드에 걸침 - 세부레벨 강제분할 안 함,207(레벨보류),
SC_V1967_B067_030,비취색,명사,"미확인(김광해 계열로 문서상 기록됨 - 국립국어원 2023 공식 4만 어휘 목록과의 동일성 미확인, 1절 참고)",경계(L3~L4),중,원천 4등급는 정책상 경계(L3~L4) 두 밴드에 걸침 - 세부레벨 강제분할 안 함,207(레벨보류),
SC_V1968_B068_037,뿔나다,동사,"미확인(김광해 계열로 문서상 기록됨 - 국립국어원 2023 공식 4만 어휘 목록과의 동일성 미확인, 1절 참고)",경계(L3~L4),중,원천 4등급는 정책상 경계(L3~L4) 두 밴드에 걸침 - 세부레벨 강제분할 안 함,207(레벨보류),
SC_V1969_B069_034,사이트,명사,"미확인(김광해 계열로 문서상 기록됨 - 국립국어원 2023 공식 4만 어휘 목록과의 동일성 미확인, 1절 참고)",경계(L1~L2),중,원천 3등급는 정책상 경계(L1~L2) 두 밴드에 걸침 - 세부레벨 강제분할 안 함,17(L2_PROVISIONAL_AUTO),
SC_V1969_B069_046,사치스럽다,형용사,"미확인(김광해 계열로 문서상 기록됨 - 국립국어원 2023 공식 4만 어휘 목록과의 동일성 미확인, 1절 참고)",경계(L1~L2),중,원천 3등급는 정책상 경계(L1~L2) 두 밴드에 걸침 - 세부레벨 강제분할 안 함,207(레벨보류),
SC_V1971_B071_036,상품권,명사,"미확인(김광해 계열로 문서상 기록됨 - 국립국어원 2023 공식 4만 어휘 목록과의 동일성 미확인, 1절 참고)",경계(L1~L2),중,원천 3등급는 정책상 경계(L1~L2) 두 밴드에 걸침 - 세부레벨 강제분할 안 함,17(L2_PROVISIONAL_AUTO),
SC_V1972_B072_001,새우구이,명사,"미확인(김광해 계열로 문서상 기록됨 - 국립국어원 2023 공식 4만 어휘 목록과의 동일성 미확인, 1절 참고)",경계(L1~L2),중,원천 3등급는 정책상 경계(L1~L2) 두 밴드에 걸침 - 세부레벨 강제분할 안 함,207(레벨보류),
SC_V1972_B072_004,새우튀김,명사,"미확인(김광해 계열로 문서상 기록됨 - 국립국어원 2023 공식 4만 어휘 목록과의 동일성 미확인, 1절 참고)",경계(L3~L4),중,원천 4등급는 정책상 경계(L3~L4) 두 밴드에 걸침 - 세부레벨 강제분할 안 함,207(레벨보류),
SC_V1972_B072_019,샘플,명사,"미확인(김광해 계열로 문서상 기록됨 - 국립국어원 2023 공식 4만 어휘 목록과의 동일성 미확인, 1절 참고)",경계(L1~L2),중,원천 3등급는 정책상 경계(L1~L2) 두 밴드에 걸침 - 세부레벨 강제분할 안 함,17(L2_PROVISIONAL_AUTO),
SC_V1972_B072_033,생방송,명사,"미확인(김광해 계열로 문서상 기록됨 - 국립국어원 2023 공식 4만 어휘 목록과의 동일성 미확인, 1절 참고)",경계(L1~L2),중,원천 3등급는 정책상 경계(L1~L2) 두 밴드에 걸침 - 세부레벨 강제분할 안 함,17(L2_PROVISIONAL_AUTO),
SC_V1973_B073_017,서너,관형사,"미확인(김광해 계열로 문서상 기록됨 - 국립국어원 2023 공식 4만 어휘 목록과의 동일성 미확인, 1절 참고)",경계(L3~L4),중,원천 4등급는 정책상 경계(L3~L4) 두 밴드에 걸침 - 세부레벨 강제분할 안 함,207(레벨보류),
SC_V1974_B074_032,섧다,형용사,"미확인(김광해 계열로 문서상 기록됨 - 국립국어원 2023 공식 4만 어휘 목록과의 동일성 미확인, 1절 참고)",경계(L3~L4),중,원천 4등급는 정책상 경계(L3~L4) 두 밴드에 걸침 - 세부레벨 강제분할 안 함,207(레벨보류),
SC_V1974_B074_043,성대히,부사,"미확인(김광해 계열로 문서상 기록됨 - 국립국어원 2023 공식 4만 어휘 목록과의 동일성 미확인, 1절 참고)",경계(L3~L4),중,원천 4등급는 정책상 경계(L3~L4) 두 밴드에 걸침 - 세부레벨 강제분할 안 함,207(레벨보류),
SC_V1975_B075_012,세관원,명사,"미확인(김광해 계열로 문서상 기록됨 - 국립국어원 2023 공식 4만 어휘 목록과의 동일성 미확인, 1절 참고)",경계(L3~L4),중,원천 4등급는 정책상 경계(L3~L4) 두 밴드에 걸침 - 세부레벨 강제분할 안 함,207(레벨보류),
SC_V1975_B075_032,센서,명사,"미확인(김광해 계열로 문서상 기록됨 - 국립국어원 2023 공식 4만 어휘 목록과의 동일성 미확인, 1절 참고)",경계(L1~L2),중,원천 3등급는 정책상 경계(L1~L2) 두 밴드에 걸침 - 세부레벨 강제분할 안 함,17(L2_PROVISIONAL_AUTO),
SC_V1978_B078_018,수도권,명사,"미확인(김광해 계열로 문서상 기록됨 - 국립국어원 2023 공식 4만 어휘 목록과의 동일성 미확인, 1절 참고)",경계(L1~L2),중,원천 3등급는 정책상 경계(L1~L2) 두 밴드에 걸침 - 세부레벨 강제분할 안 함,207(레벨보류),
SC_V1978_B078_021,수두룩하다,형용사,"미확인(김광해 계열로 문서상 기록됨 - 국립국어원 2023 공식 4만 어휘 목록과의 동일성 미확인, 1절 참고)",경계(L1~L2),중,원천 3등급는 정책상 경계(L1~L2) 두 밴드에 걸침 - 세부레벨 강제분할 안 함,207(레벨보류),
SC_V1982_B082_023,신소재,명사,"미확인(김광해 계열로 문서상 기록됨 - 국립국어원 2023 공식 4만 어휘 목록과의 동일성 미확인, 1절 참고)",경계(L3~L4),중,원천 4등급는 정책상 경계(L3~L4) 두 밴드에 걸침 - 세부레벨 강제분할 안 함,207(레벨보류),
SC_V1983_B083_018,실종되다,동사,"미확인(김광해 계열로 문서상 기록됨 - 국립국어원 2023 공식 4만 어휘 목록과의 동일성 미확인, 1절 참고)",경계(L3~L4),중,원천 4등급는 정책상 경계(L3~L4) 두 밴드에 걸침 - 세부레벨 강제분할 안 함,207(레벨보류),
SC_V1983_B083_038,심히,부사,"미확인(김광해 계열로 문서상 기록됨 - 국립국어원 2023 공식 4만 어휘 목록과의 동일성 미확인, 1절 참고)",경계(L1~L2),중,원천 3등급는 정책상 경계(L1~L2) 두 밴드에 걸침 - 세부레벨 강제분할 안 함,207(레벨보류),
SC_V1984_B084_002,싹싹하다,형용사,"미확인(김광해 계열로 문서상 기록됨 - 국립국어원 2023 공식 4만 어휘 목록과의 동일성 미확인, 1절 참고)",경계(L3~L4),중,원천 4등급는 정책상 경계(L3~L4) 두 밴드에 걸침 - 세부레벨 강제분할 안 함,207(레벨보류),
SC_V1984_B084_003,싼값,명사,"미확인(김광해 계열로 문서상 기록됨 - 국립국어원 2023 공식 4만 어휘 목록과의 동일성 미확인, 1절 참고)",경계(L3~L4),중,원천 4등급는 정책상 경계(L3~L4) 두 밴드에 걸침 - 세부레벨 강제분할 안 함,207(레벨보류),
SC_V1985_B085_015,아이디,명사,"미확인(김광해 계열로 문서상 기록됨 - 국립국어원 2023 공식 4만 어휘 목록과의 동일성 미확인, 1절 참고)",경계(L1~L2),중,원천 3등급는 정책상 경계(L1~L2) 두 밴드에 걸침 - 세부레벨 강제분할 안 함,207(레벨보류),
SC_V1985_B085_020,아지랑이,명사,"미확인(김광해 계열로 문서상 기록됨 - 국립국어원 2023 공식 4만 어휘 목록과의 동일성 미확인, 1절 참고)",경계(L1~L2),중,원천 3등급는 정책상 경계(L1~L2) 두 밴드에 걸침 - 세부레벨 강제분할 안 함,207(레벨보류),
SC_V1986_B086_018,알파벳,명사,"미확인(김광해 계열로 문서상 기록됨 - 국립국어원 2023 공식 4만 어휘 목록과의 동일성 미확인, 1절 참고)",경계(L1~L2),중,원천 3등급는 정책상 경계(L1~L2) 두 밴드에 걸침 - 세부레벨 강제분할 안 함,17(L2_PROVISIONAL_AUTO),
SC_V1986_B086_048,애니메이션,명사,"미확인(김광해 계열로 문서상 기록됨 - 국립국어원 2023 공식 4만 어휘 목록과의 동일성 미확인, 1절 참고)",경계(L1~L2),중,원천 3등급는 정책상 경계(L1~L2) 두 밴드에 걸침 - 세부레벨 강제분할 안 함,17(L2_PROVISIONAL_AUTO),
SC_V1989_B089_029,업그레이드,명사,"미확인(김광해 계열로 문서상 기록됨 - 국립국어원 2023 공식 4만 어휘 목록과의 동일성 미확인, 1절 참고)",경계(L1~L2),중,원천 3등급는 정책상 경계(L1~L2) 두 밴드에 걸침 - 세부레벨 강제분할 안 함,17(L2_PROVISIONAL_AUTO),
SC_V1989_B089_030,업소,명사,"미확인(김광해 계열로 문서상 기록됨 - 국립국어원 2023 공식 4만 어휘 목록과의 동일성 미확인, 1절 참고)",경계(L3~L4),중,원천 4등급는 정책상 경계(L3~L4) 두 밴드에 걸침 - 세부레벨 강제분할 안 함,207(레벨보류),
SC_V1989_B089_041,에취,부사,"미확인(김광해 계열로 문서상 기록됨 - 국립국어원 2023 공식 4만 어휘 목록과의 동일성 미확인, 1절 참고)",경계(L3~L4),중,원천 4등급는 정책상 경계(L3~L4) 두 밴드에 걸침 - 세부레벨 강제분할 안 함,207(레벨보류),
SC_V1989_B089_048,여관업,명사,"미확인(김광해 계열로 문서상 기록됨 - 국립국어원 2023 공식 4만 어휘 목록과의 동일성 미확인, 1절 참고)",경계(L3~L4),중,원천 4등급는 정책상 경계(L3~L4) 두 밴드에 걸침 - 세부레벨 강제분할 안 함,207(레벨보류),
SC_V1989_B089_049,여느,관형사,"미확인(김광해 계열로 문서상 기록됨 - 국립국어원 2023 공식 4만 어휘 목록과의 동일성 미확인, 1절 참고)",경계(L3~L4),중,원천 4등급는 정책상 경계(L3~L4) 두 밴드에 걸침 - 세부레벨 강제분할 안 함,207(레벨보류),
SC_V1990_B090_005,여름내,부사,"미확인(김광해 계열로 문서상 기록됨 - 국립국어원 2023 공식 4만 어휘 목록과의 동일성 미확인, 1절 참고)",경계(L3~L4),중,원천 4등급는 정책상 경계(L3~L4) 두 밴드에 걸침 - 세부레벨 강제분할 안 함,207(레벨보류),
SC_V1992_B092_007,예견하다,동사,"미확인(김광해 계열로 문서상 기록됨 - 국립국어원 2023 공식 4만 어휘 목록과의 동일성 미확인, 1절 참고)",경계(L3~L4),중,원천 4등급는 정책상 경계(L3~L4) 두 밴드에 걸침 - 세부레벨 강제분할 안 함,207(레벨보류),
SC_V1992_B092_009,예금되다,동사,"미확인(김광해 계열로 문서상 기록됨 - 국립국어원 2023 공식 4만 어휘 목록과의 동일성 미확인, 1절 참고)",경계(L3~L4),중,원천 4등급는 정책상 경계(L3~L4) 두 밴드에 걸침 - 세부레벨 강제분할 안 함,207(레벨보류),
SC_V1992_B092_034,옛길,명사,"미확인(김광해 계열로 문서상 기록됨 - 국립국어원 2023 공식 4만 어휘 목록과의 동일성 미확인, 1절 참고)",경계(L3~L4),중,원천 4등급는 정책상 경계(L3~L4) 두 밴드에 걸침 - 세부레벨 강제분할 안 함,207(레벨보류),
SC_V1992_B092_035,옛사람,명사,"미확인(김광해 계열로 문서상 기록됨 - 국립국어원 2023 공식 4만 어휘 목록과의 동일성 미확인, 1절 참고)",경계(L3~L4),중,원천 4등급는 정책상 경계(L3~L4) 두 밴드에 걸침 - 세부레벨 강제분할 안 함,207(레벨보류),
SC_V1994_B094_009,완벽히,부사,"미확인(김광해 계열로 문서상 기록됨 - 국립국어원 2023 공식 4만 어휘 목록과의 동일성 미확인, 1절 참고)",경계(L3~L4),중,원천 4등급는 정책상 경계(L3~L4) 두 밴드에 걸침 - 세부레벨 강제분할 안 함,207(레벨보류),
SC_V1994_B094_037,외딴길,명사,"미확인(김광해 계열로 문서상 기록됨 - 국립국어원 2023 공식 4만 어휘 목록과의 동일성 미확인, 1절 참고)",경계(L3~L4),중,원천 4등급는 정책상 경계(L3~L4) 두 밴드에 걸침 - 세부레벨 강제분할 안 함,207(레벨보류),
SC_V1995_B095_031,우물쭈물하다,동사,"미확인(김광해 계열로 문서상 기록됨 - 국립국어원 2023 공식 4만 어휘 목록과의 동일성 미확인, 1절 참고)",경계(L1~L2),중,원천 3등급는 정책상 경계(L1~L2) 두 밴드에 걸침 - 세부레벨 강제분할 안 함,207(레벨보류),
SC_V1997_B097_003,월평균,명사,"미확인(김광해 계열로 문서상 기록됨 - 국립국어원 2023 공식 4만 어휘 목록과의 동일성 미확인, 1절 참고)",경계(L3~L4),중,원천 4등급는 정책상 경계(L3~L4) 두 밴드에 걸침 - 세부레벨 강제분할 안 함,207(레벨보류),
SC_V1997_B097_039,유대감,명사,"미확인(김광해 계열로 문서상 기록됨 - 국립국어원 2023 공식 4만 어휘 목록과의 동일성 미확인, 1절 참고)",경계(L3~L4),중,원천 4등급는 정책상 경계(L3~L4) 두 밴드에 걸침 - 세부레벨 강제분할 안 함,207(레벨보류),
SC_V1998_B098_040,은구슬,명사,"미확인(김광해 계열로 문서상 기록됨 - 국립국어원 2023 공식 4만 어휘 목록과의 동일성 미확인, 1절 참고)",경계(L3~L4),중,원천 4등급는 정책상 경계(L3~L4) 두 밴드에 걸침 - 세부레벨 강제분할 안 함,207(레벨보류),
SC_V19100_B100_005,의좋다,형용사,"미확인(김광해 계열로 문서상 기록됨 - 국립국어원 2023 공식 4만 어휘 목록과의 동일성 미확인, 1절 참고)",경계(L3~L4),중,원천 4등급는 정책상 경계(L3~L4) 두 밴드에 걸침 - 세부레벨 강제분할 안 함,207(레벨보류),
SC_V19101_B101_001,이자율,명사,"미확인(김광해 계열로 문서상 기록됨 - 국립국어원 2023 공식 4만 어휘 목록과의 동일성 미확인, 1절 참고)",경계(L3~L4),중,원천 4등급는 정책상 경계(L3~L4) 두 밴드에 걸침 - 세부레벨 강제분할 안 함,207(레벨보류),
SC_V19101_B101_016,인간관계,명사,"미확인(김광해 계열로 문서상 기록됨 - 국립국어원 2023 공식 4만 어휘 목록과의 동일성 미확인, 1절 참고)",경계(L1~L2),중,원천 3등급는 정책상 경계(L1~L2) 두 밴드에 걸침 - 세부레벨 강제분할 안 함,17(L2_PROVISIONAL_AUTO),
SC_V19102_B102_042,잇몸,명사,"미확인(김광해 계열로 문서상 기록됨 - 국립국어원 2023 공식 4만 어휘 목록과의 동일성 미확인, 1절 참고)",경계(L1~L2),중,원천 3등급는 정책상 경계(L1~L2) 두 밴드에 걸침 - 세부레벨 강제분할 안 함,207(레벨보류),
SC_V19103_B103_013,자부심,명사,"미확인(김광해 계열로 문서상 기록됨 - 국립국어원 2023 공식 4만 어휘 목록과의 동일성 미확인, 1절 참고)",경계(L1~L2),중,원천 3등급는 정책상 경계(L1~L2) 두 밴드에 걸침 - 세부레벨 강제분할 안 함,17(L2_PROVISIONAL_AUTO),
SC_V19103_B103_016,자서전,명사,"미확인(김광해 계열로 문서상 기록됨 - 국립국어원 2023 공식 4만 어휘 목록과의 동일성 미확인, 1절 참고)",경계(L1~L2),중,원천 3등급는 정책상 경계(L1~L2) 두 밴드에 걸침 - 세부레벨 강제분할 안 함,17(L2_PROVISIONAL_AUTO),
SC_V19104_B104_007,잔가지,명사,"미확인(김광해 계열로 문서상 기록됨 - 국립국어원 2023 공식 4만 어휘 목록과의 동일성 미확인, 1절 참고)",경계(L3~L4),중,원천 4등급는 정책상 경계(L3~L4) 두 밴드에 걸침 - 세부레벨 강제분할 안 함,207(레벨보류),
SC_V19106_B106_012,적응력,명사,"미확인(김광해 계열로 문서상 기록됨 - 국립국어원 2023 공식 4만 어휘 목록과의 동일성 미확인, 1절 참고)",경계(L1~L2),중,원천 3등급는 정책상 경계(L1~L2) 두 밴드에 걸침 - 세부레벨 강제분할 안 함,17(L2_PROVISIONAL_AUTO),
SC_V19108_B108_027,제멋,명사,"미확인(김광해 계열로 문서상 기록됨 - 국립국어원 2023 공식 4만 어휘 목록과의 동일성 미확인, 1절 참고)",경계(L3~L4),중,원천 4등급는 정책상 경계(L3~L4) 두 밴드에 걸침 - 세부레벨 강제분할 안 함,207(레벨보류),
SC_V19108_B108_045,제휴,명사,"미확인(김광해 계열로 문서상 기록됨 - 국립국어원 2023 공식 4만 어휘 목록과의 동일성 미확인, 1절 참고)",경계(L3~L4),중,원천 4등급는 정책상 경계(L3~L4) 두 밴드에 걸침 - 세부레벨 강제분할 안 함,207(레벨보류),
SC_V19109_B109_020,조심성,명사,"미확인(김광해 계열로 문서상 기록됨 - 국립국어원 2023 공식 4만 어휘 목록과의 동일성 미확인, 1절 참고)",경계(L1~L2),중,원천 3등급는 정책상 경계(L1~L2) 두 밴드에 걸침 - 세부레벨 강제분할 안 함,17(L2_PROVISIONAL_AUTO),
SC_V19112_B112_014,지느러미,명사,"미확인(김광해 계열로 문서상 기록됨 - 국립국어원 2023 공식 4만 어휘 목록과의 동일성 미확인, 1절 참고)",경계(L1~L2),중,원천 3등급는 정책상 경계(L1~L2) 두 밴드에 걸침 - 세부레벨 강제분할 안 함,207(레벨보류),
SC_V19112_B112_026,지온,명사,"미확인(김광해 계열로 문서상 기록됨 - 국립국어원 2023 공식 4만 어휘 목록과의 동일성 미확인, 1절 참고)",경계(L3~L4),중,원천 4등급는 정책상 경계(L3~L4) 두 밴드에 걸침 - 세부레벨 강제분할 안 함,207(레벨보류),
SC_V19112_B112_036,지표면,명사,"미확인(김광해 계열로 문서상 기록됨 - 국립국어원 2023 공식 4만 어휘 목록과의 동일성 미확인, 1절 참고)",경계(L3~L4),중,원천 4등급는 정책상 경계(L3~L4) 두 밴드에 걸침 - 세부레벨 강제분할 안 함,207(레벨보류),
SC_V19115_B115_025,찻삯,명사,"미확인(김광해 계열로 문서상 기록됨 - 국립국어원 2023 공식 4만 어휘 목록과의 동일성 미확인, 1절 참고)",경계(L3~L4),중,원천 4등급는 정책상 경계(L3~L4) 두 밴드에 걸침 - 세부레벨 강제분할 안 함,207(레벨보류),
SC_V19115_B115_043,책망하다,동사,"미확인(김광해 계열로 문서상 기록됨 - 국립국어원 2023 공식 4만 어휘 목록과의 동일성 미확인, 1절 참고)",경계(L3~L4),중,원천 4등급는 정책상 경계(L3~L4) 두 밴드에 걸침 - 세부레벨 강제분할 안 함,207(레벨보류),
SC_V19117_B117_007,청소년기,명사,"미확인(김광해 계열로 문서상 기록됨 - 국립국어원 2023 공식 4만 어휘 목록과의 동일성 미확인, 1절 참고)",경계(L1~L2),중,원천 3등급는 정책상 경계(L1~L2) 두 밴드에 걸침 - 세부레벨 강제분할 안 함,17(L2_PROVISIONAL_AUTO),
SC_V19118_B118_013,총점,명사,"미확인(김광해 계열로 문서상 기록됨 - 국립국어원 2023 공식 4만 어휘 목록과의 동일성 미확인, 1절 참고)",경계(L3~L4),중,원천 4등급는 정책상 경계(L3~L4) 두 밴드에 걸침 - 세부레벨 강제분할 안 함,207(레벨보류),
SC_V19118_B118_031,추억하다,동사,"미확인(김광해 계열로 문서상 기록됨 - 국립국어원 2023 공식 4만 어휘 목록과의 동일성 미확인, 1절 참고)",경계(L3~L4),중,원천 4등급는 정책상 경계(L3~L4) 두 밴드에 걸침 - 세부레벨 강제분할 안 함,207(레벨보류),
SC_V19119_B119_005,출발지,명사,"미확인(김광해 계열로 문서상 기록됨 - 국립국어원 2023 공식 4만 어휘 목록과의 동일성 미확인, 1절 참고)",경계(L3~L4),중,원천 4등급는 정책상 경계(L3~L4) 두 밴드에 걸침 - 세부레벨 강제분할 안 함,207(레벨보류),
SC_V19122_B122_033,타원형,명사,"미확인(김광해 계열로 문서상 기록됨 - 국립국어원 2023 공식 4만 어휘 목록과의 동일성 미확인, 1절 참고)",경계(L1~L2),중,원천 3등급는 정책상 경계(L1~L2) 두 밴드에 걸침 - 세부레벨 강제분할 안 함,207(레벨보류),
SC_V19123_B123_043,털양말,명사,"미확인(김광해 계열로 문서상 기록됨 - 국립국어원 2023 공식 4만 어휘 목록과의 동일성 미확인, 1절 참고)",경계(L3~L4),중,원천 4등급는 정책상 경계(L3~L4) 두 밴드에 걸침 - 세부레벨 강제분할 안 함,207(레벨보류),
SC_V19124_B124_022,통근,명사,"미확인(김광해 계열로 문서상 기록됨 - 국립국어원 2023 공식 4만 어휘 목록과의 동일성 미확인, 1절 참고)",경계(L3~L4),중,원천 4등급는 정책상 경계(L3~L4) 두 밴드에 걸침 - 세부레벨 강제분할 안 함,207(레벨보류),
SC_V19125_B125_031,팀원,명사,"미확인(김광해 계열로 문서상 기록됨 - 국립국어원 2023 공식 4만 어휘 목록과의 동일성 미확인, 1절 참고)",경계(L3~L4),중,원천 4등급는 정책상 경계(L3~L4) 두 밴드에 걸침 - 세부레벨 강제분할 안 함,207(레벨보류),
SC_V19128_B128_026,풍덩,부사,"미확인(김광해 계열로 문서상 기록됨 - 국립국어원 2023 공식 4만 어휘 목록과의 동일성 미확인, 1절 참고)",경계(L1~L2),중,원천 3등급는 정책상 경계(L1~L2) 두 밴드에 걸침 - 세부레벨 강제분할 안 함,207(레벨보류),
SC_V19128_B128_031,풍요하다,형용사,"미확인(김광해 계열로 문서상 기록됨 - 국립국어원 2023 공식 4만 어휘 목록과의 동일성 미확인, 1절 참고)",경계(L3~L4),중,원천 4등급는 정책상 경계(L3~L4) 두 밴드에 걸침 - 세부레벨 강제분할 안 함,207(레벨보류),
SC_V19130_B130_016,한가지,명사,"미확인(김광해 계열로 문서상 기록됨 - 국립국어원 2023 공식 4만 어휘 목록과의 동일성 미확인, 1절 참고)",경계(L1~L2),중,원천 3등급는 정책상 경계(L1~L2) 두 밴드에 걸침 - 세부레벨 강제분할 안 함,207(레벨보류),
SC_V19132_B132_009,향유하다,동사,"미확인(김광해 계열로 문서상 기록됨 - 국립국어원 2023 공식 4만 어휘 목록과의 동일성 미확인, 1절 참고)",경계(L3~L4),중,원천 4등급는 정책상 경계(L3~L4) 두 밴드에 걸침 - 세부레벨 강제분할 안 함,207(레벨보류),
SC_V19132_B132_018,허벅다리,명사,"미확인(김광해 계열로 문서상 기록됨 - 국립국어원 2023 공식 4만 어휘 목록과의 동일성 미확인, 1절 참고)",경계(L3~L4),중,원천 4등급는 정책상 경계(L3~L4) 두 밴드에 걸침 - 세부레벨 강제분할 안 함,207(레벨보류),
SC_V19132_B132_026,허황되다,형용사,"미확인(김광해 계열로 문서상 기록됨 - 국립국어원 2023 공식 4만 어휘 목록과의 동일성 미확인, 1절 참고)",경계(L3~L4),중,원천 4등급는 정책상 경계(L3~L4) 두 밴드에 걸침 - 세부레벨 강제분할 안 함,207(레벨보류),
SC_V19132_B132_033,헐값,명사,"미확인(김광해 계열로 문서상 기록됨 - 국립국어원 2023 공식 4만 어휘 목록과의 동일성 미확인, 1절 참고)",경계(L1~L2),중,원천 3등급는 정책상 경계(L1~L2) 두 밴드에 걸침 - 세부레벨 강제분할 안 함,207(레벨보류),
SC_V19134_B134_024,화물,명사,"미확인(김광해 계열로 문서상 기록됨 - 국립국어원 2023 공식 4만 어휘 목록과의 동일성 미확인, 1절 참고)",경계(L1~L2),중,원천 3등급는 정책상 경계(L1~L2) 두 밴드에 걸침 - 세부레벨 강제분할 안 함,17(L2_PROVISIONAL_AUTO),
SC_V19134_B134_033,화젯거리,명사,"미확인(김광해 계열로 문서상 기록됨 - 국립국어원 2023 공식 4만 어휘 목록과의 동일성 미확인, 1절 참고)",경계(L3~L4),중,원천 4등급는 정책상 경계(L3~L4) 두 밴드에 걸침 - 세부레벨 강제분할 안 함,207(레벨보류),
SC_V19135_B135_011,황색,명사,"미확인(김광해 계열로 문서상 기록됨 - 국립국어원 2023 공식 4만 어휘 목록과의 동일성 미확인, 1절 참고)",경계(L3~L4),중,원천 4등급는 정책상 경계(L3~L4) 두 밴드에 걸침 - 세부레벨 강제분할 안 함,207(레벨보류),
SC_V19137_B137_004,흠칫,부사,"미확인(김광해 계열로 문서상 기록됨 - 국립국어원 2023 공식 4만 어휘 목록과의 동일성 미확인, 1절 참고)",경계(L3~L4),중,원천 4등급는 정책상 경계(L3~L4) 두 밴드에 걸침 - 세부레벨 강제분할 안 함,207(레벨보류),
SR_L4CORE_4787,정상,명사,범위 밖(자동분류 미대상),제외(자동분류 범위 밖 - 수동 배치),N/A,N/A - 4절 227건 별도 감사 대상,78(뜻풀이위험),
SR_L4CORE_4786,정기,명사,범위 밖(자동분류 미대상),제외(자동분류 범위 밖 - 수동 배치),N/A,N/A - 4절 227건 별도 감사 대상,78(뜻풀이위험),
SR_L4CORE_4754,보수,명사,범위 밖(자동분류 미대상),제외(자동분류 범위 밖 - 수동 배치),N/A,N/A - 4절 227건 별도 감사 대상,78(뜻풀이위험),
SR_L6EVIDENCEV1_5749,상품,,범위 밖(자동분류 미대상),제외(자동분류 범위 밖 - 수동 배치),N/A,N/A - 4절 227건 별도 감사 대상,78(뜻풀이위험),
