candidate_id,batch_no,lemma,pos,homonym_number,human_judgment,rationale,reviewed_at
G5-8ce1ebfbf28902b8,1,"개축","명사",0,L3,"중학생에게 어렵지 않은 단어임","2026-10-02 03:58:40"
G5-75db47a8af772ebf,1,"경제인","명사",0,L3,"경제 개념 자체는 초등학교 때부터 배움","2026-10-02 03:59:01"
G5-69cf854ee18aa3f1,1,"고것","대명사",0,L3,,"2026-10-01 07:26:32"
G5-86ac65ab170bf93b,1,"고안되다","동사",0,L3,,"2026-10-01 07:26:41"
G5-fabaf9d4d2256825,1,"공사","명사",6,L4,,"2026-10-01 07:26:48"
G5-bc3d3e5746938ca4,1,"교직원","명사",0,L3,,"2026-10-01 07:26:51"
G5-82462e20f850e89d,1,"구상도","명사",0,L4,,"2026-10-01 07:26:55"
G5-9050b15f83fa1e98,1,"국방력","명사",0,L3,,"2026-10-01 07:26:58"
G5-81553c0dff4e02aa,1,"깜짝거리다","동사",1,L4,,"2026-10-01 07:27:10"
G5-0b695941ae270b65,1,"낙엽수","명사",0,L3,,"2026-10-01 07:27:14"
G5-f9ebd68ab390df8c,1,"논박","명사",0,L4,,"2026-10-01 07:27:17"
G5-ba4c83e7811f8be7,1,"답사하다","동사",1,L4,,"2026-10-01 07:27:26"
G5-d6add3880c766a14,1,"대소","명사",2,L3,,"2026-10-01 07:27:29"
G5-72abbffade28c040,1,"대입","품사 없음",1,L3,,"2026-10-01 07:27:33"
G5-06fbed8fcc30dc90,1,"도르르","부사",1,L3,,"2026-10-01 07:27:42"
G5-85e1f60f7edb514f,1,"도시민","명사",0,L3,,"2026-10-01 07:27:49"
G5-35d7896d01fecab8,1,"동지애","명사",0,L3,,"2026-10-01 07:28:04"
G5-24f9f70b64fbfd3c,1,"동판화","명사",0,L4,"자주 사용하지 않음","2026-10-02 04:00:17"
G5-691a964ace5eef18,1,"리비아","명사",0,L4,,"2026-10-01 07:28:18"
G5-100f458100a9d8fb,1,"마늘종","명사",0,L4,,"2026-10-01 07:28:28"
G5-2afba88d26d3b620,1,"마지않다","보조 동사",0,L4,,"2026-10-01 07:28:32"
G5-6157838a22ae3d2b,1,"멍군","명사/감탄사",0,L3,,"2026-10-01 07:28:35"
G5-eb06e056b4f673b1,1,"메가","의존 명사",0,L3,,"2026-10-01 07:28:42"
G5-4d4e81d64548e5c4,1,"면회하다","동사",2,L3,,"2026-10-01 07:28:46"
G5-d54c4a6b3d2a0a28,1,"명제","명사",2,L4,,"2026-10-01 07:29:28"
G5-28d404829adc5577,1,"무용하다","형용사",1,L3,,"2026-10-01 07:29:31"
G5-084929035943b0bd,1,"발전기","명사",1,L3,,"2026-10-01 07:29:42"
G5-6fbf37d42d4be6ae,1,"밥투정","명사",0,L3,,"2026-10-01 07:29:45"
G5-d61ddc78e13976ab,1,"뱃심","명사",0,L4,,"2026-10-01 07:29:50"
G5-0fa0e0a975e55d66,1,"벨기에","명사",0,L3,,"2026-10-01 07:30:03"
G5-fe48c1f1a6d5d75d,1,"변주","명사",2,L3,,"2026-10-01 07:30:12"
G5-8eb7191f007f9d70,1,"보국안민","명사",0,L3,"쉬운 사자성어임","2026-10-02 03:59:19"
G5-41a528d6394ba219,1,"보리수나무","명사",0,L4,,"2026-10-01 07:30:27"
G5-92af004a38b66494,1,"부촌","명사",0,L3,,"2026-10-01 07:30:32"
G5-37ab89103f8c1de7,1,"부활절","명사",0,L3,,"2026-10-01 07:30:35"
G5-95486a515505d9c7,1,"불여우","명사",0,L3,,"2026-10-01 07:30:40"
G5-2df2bb0b3bb9a077,1,"브레인스토밍","명사",0,L3,,"2026-10-01 07:30:46"
G5-a73d584594fadecb,1,"비장","명사",6,L4,,"2026-10-01 07:30:50"
G5-ba399454712d85f7,1,"빼다","동사",3,L3,,"2026-10-01 07:31:00"
G5-22a690bb519bce1b,1,"산발치","명사",0,L4,,"2026-10-01 07:31:03"
G5-795351a35677b337,1,"살상하다","동사",0,L3,,"2026-10-01 07:31:10"
G5-dd925e505c88b4a6,1,"삼중창","명사",0,L3,,"2026-10-01 07:31:16"
G5-2007e54a3970cc0b,1,"상서롭다","형용사",0,L4,,"2026-10-01 07:31:18"
G5-2f891def41c1e963,1,"생명수","명사",1,L3,,"2026-10-01 07:31:25"
G5-7553747fc991504b,1,"서넛","수사",0,L3,,"2026-10-01 07:31:28"
G5-4561caf904dd8cfe,1,"설피","명사",0,L4,,"2026-10-01 07:31:32"
G5-1db1883c75c2d50a,1,"성싶다","보조 형용사",0,L4,"일반적으로 잘 사용하지 않음","2026-10-02 03:59:48"
G5-0839f66c2ea53a97,1,"성좌","명사",1,L4,,"2026-10-01 07:32:10"
G5-1fa1f8a3b75321d7,1,"소맥분","명사",0,L4,,"2026-10-01 07:32:16"
G5-5047276d84610bfb,1,"소송비","명사",0,L3,"중학생에게 어렵지 않은 단어임","2026-10-02 03:59:38"
G5-43238e3a751baddf,1,"수사법","명사",0,L4,"어려운 어휘임","2026-10-02 04:01:25"
G5-3aedc662710832d4,1,"순서도","명사",0,L3,,"2026-10-01 07:32:30"
G5-cb0ca8ec0b1687e8,1,"시찰","명사",0,L3,,"2026-10-01 07:32:33"
G5-ebf10f49fc3e8e8c,1,"앎","명사",0,L3,,"2026-10-01 07:32:36"
G5-348ec1fbafbe03a9,1,"암만하다","동사",0,L4,,"2026-10-01 07:32:40"
G5-f56ec31b51660fa1,1,"엄밀하다","형용사",0,L3,,"2026-10-01 07:32:42"
G5-3e166437d3525d91,1,"연방","명사",8,L4,,"2026-10-01 07:32:47"
G5-c0085da6adae9d1a,1,"연역적","명사/관형사",0,L4,,"2026-10-01 07:32:51"
G5-e15695de1f4b174e,1,"열등하다","형용사",0,L3,,"2026-10-01 07:32:54"
G5-b03ce361da20f505,1,"영인본","명사",0,L4,,"2026-10-01 07:32:58"
G5-c2a665fdc57f20bf,1,"올곧다","형용사",0,L3,,"2026-10-01 07:33:01"
G5-6f29f2db8bd5047a,1,"원생","명사",2,L3,,"2026-10-01 07:33:16"
G5-6de00460b8d3f2ed,1,"유공자","명사",0,L3,,"2026-10-01 07:33:18"
G5-5ad6bd69c1024a46,1,"유효하다","형용사",0,L3,,"2026-10-01 07:33:22"
G5-2ec00f40649615b7,1,"의창","명사",2,L4,,"2026-10-01 07:33:32"
G5-33e172c1fb916e0d,1,"의혹하다","동사",0,L3,,"2026-10-01 07:33:35"
G5-5a623b21f6f73b62,1,"이다","동사",2,L4,"동의이의어에 비해 자주 사용되지 않음","2026-10-02 04:00:52"
G5-7f73a436a64e023d,1,"자전축","명사",0,L3,,"2026-10-01 07:33:48"
G5-2fd478453d644311,1,"자책감","명사",0,L3,,"2026-10-01 07:33:54"
G5-8b5bf85d6ee5c386,1,"저능아","명사",0,L3,,"2026-10-01 07:33:59"
G5-5033b876a45aa218,1,"저딴","관형사",0,L3,,"2026-10-01 07:34:19"
G5-3614e4f1ad2da304,1,"적시타","명사",0,L4,,"2026-10-01 07:34:22"
G5-f760313fffa29820,1,"전국구","명사",0,L4,,"2026-10-01 07:34:26"
G5-905ab8dffc17990c,1,"정보비","명사",0,L4,,"2026-10-01 07:34:33"
G5-6466cefcb6f43e77,1,"조","의존 명사",12,L4,,"2026-10-01 07:34:38"
G5-41d7d493497694bb,1,"조달","명사",3,L3,,"2026-10-01 07:34:42"
G5-6e330f8625937b4b,1,"조반","명사",4,L4,,"2026-10-01 07:34:46"
G5-9407574f98d8223a,1,"종잡다","동사",0,L3,,"2026-10-01 07:34:55"
G5-f5092bcafadde4af,1,"좋이","부사",0,L4,,"2026-10-01 07:35:04"
G5-a1d45cd61a3f5e0b,1,"지근지근","부사",2,L3,,"2026-10-01 07:35:07"
G5-040795386d94973e,1,"차렷하다","동사",0,L3,,"2026-10-01 07:35:10"
G5-402f9c0c64136e9e,1,"천고","명사",1,L4,,"2026-10-01 07:35:17"
G5-fcef8d2373e7be3f,1,"체","감탄사",3,L4,,"2026-10-01 07:35:21"
G5-ab0a37f0461f391b,1,"축하문","명사",0,L3,,"2026-10-01 07:35:23"
G5-5a852850f4ed0e6f,1,"춘곤증","명사",0,L3,,"2026-10-01 07:35:26"
G5-3a3fa28212cbd5ef,1,"치어","명사",2,L3,,"2026-10-01 07:35:29"
G5-37bfdbe7465049a9,1,"캘커타","명사",0,L4,,"2026-10-01 07:35:35"
G5-4e23b8f2082b588a,1,"쾌속","명사",0,L3,,"2026-10-01 07:35:38"
G5-44a69a009f753aa8,1,"타향","명사",1,L3,,"2026-10-01 07:35:41"
G5-9a8bb8abc0cfa4da,1,"탄생석","명사",0,L3,,"2026-10-01 07:35:47"
G5-01725eddae69e013,1,"팩","부사",2,L4,,"2026-10-01 07:35:52"
G5-25ba52eb835b5d79,1,"품팔이","명사",0,L3,,"2026-10-01 07:35:58"
G5-8dc227085473c585,1,"하오","명사",3,L4,,"2026-10-01 07:36:01"
G5-69d419978e0cf85e,1,"합죽선","명사",0,L4,,"2026-10-01 07:36:04"
G5-80c717622f097d44,1,"해명하다","동사",0,L3,,"2026-10-01 07:36:10"
G5-d056b31791209fae,1,"해중","명사",1,L4,,"2026-10-01 07:36:12"
G5-81fe200c24117ec5,1,"혈세","명사",2,L3,,"2026-10-01 07:36:19"
G5-04c5b7256a520ffc,1,"화전민","명사",0,L3,,"2026-10-01 07:36:22"
G5-95b7dd4ace059499,1,"회답서","명사",0,L4,,"2026-10-01 07:36:25"
G5-36f40d4775d9e761,1,"희희낙락거리다","동사",0,L3,,"2026-10-01 07:36:30"
G5-02a90c5d129e44ce,2,"걸음걸음","명사/부사",0,L3,,"2026-10-01 12:48:37"
G5-87f46e6be59d7d9f,2,"검인","명사",3,L4,,"2026-10-01 12:48:41"
G5-15d9d99fbc5ed1f2,2,"견학단","명사",0,L3,,"2026-10-01 12:48:47"
G5-288ade20add47e11,2,"경조사","명사",0,L3,,"2026-10-01 12:48:51"
G5-084615a4584bb33a,2,"고금","명사",2,L4,,"2026-10-01 12:48:54"
G5-b8a904a6d6544336,2,"고쟁이","명사",0,L4,,"2026-10-01 12:48:57"
G5-7626da85c211e670,2,"고학생","명사",0,L4,,"2026-10-01 12:49:02"
G5-b0c32a2b4cac3bd9,2,"공기주머니","명사",0,L3,,"2026-10-01 12:49:05"
G5-21b7161a64a3df61,2,"교군","명사",2,L4,,"2026-10-01 12:49:10"
G5-40fd9cf0513a6748,2,"꺼칠하다","형용사",0,L3,,"2026-10-01 12:49:16"
G5-37cc25e44a738f86,2,"껌벅","부사",0,L3,,"2026-10-01 12:49:21"
G5-f304772bb976a02f,2,"나무쇠싸움","명사",0,L4,,"2026-10-01 12:49:24"
G5-77e0c33c6c0510fe,2,"나무아미타불","명사/감탄사",0,L3,,"2026-10-01 12:49:30"
G5-c02960d8706f5e30,2,"내야수","명사",0,L3,,"2026-10-01 12:49:34"
G5-13a70bd06c6f58cf,2,"너","관형사",2,L4,,"2026-10-01 12:49:44"
G5-c679c518f9204df8,2,"노사","명사",7,L4,,"2026-10-01 12:49:47"
G5-108296da3208d97a,2,"노여워하다","동사",0,L3,,"2026-10-01 12:49:50"
G5-a71a19a47aee8d59,2,"단음","명사",2,L3,,"2026-10-01 12:49:54"
G5-978789e2dc690091,2,"뒤룩뒤룩","부사",2,L3,,"2026-10-01 12:49:58"
G5-54df23dad662ca23,2,"명시","명사",1,L3,,"2026-10-01 12:50:03"
G5-be52d7e48cccce04,2,"모기약","명사",0,L3,,"2026-10-01 12:50:09"
G5-fce5b671cbbb34ba,2,"문민","명사",0,L4,,"2026-10-01 12:50:12"
G5-ff77e435aa12c676,2,"미지수","명사",0,L3,,"2026-10-01 12:50:15"
G5-c26610ca828c6022,2,"범행자","명사",0,L3,,"2026-10-01 12:50:18"
G5-effce8eb3869356c,2,"변성기","명사",2,L3,,"2026-10-01 12:50:21"
G5-8e90d6a03be661aa,2,"별표","명사",1,L3,,"2026-10-01 12:50:24"
G5-3a284b04c0450b8c,2,"볼트","의존 명사",2,L3,,"2026-10-01 12:50:27"
G5-21b28d67288ef812,2,"봉양","명사",0,L4,,"2026-10-01 12:50:34"
G5-b565e2c77bbce6ba,2,"부서뜨리다","동사",0,L3,,"2026-10-01 12:50:42"
G5-0985caea6a34fc03,2,"부탄","명사",2,L4,,"2026-10-01 12:50:47"
G5-9f53390c7d103623,2,"불협화음","명사",0,L3,,"2026-10-01 12:50:57"
G5-317880d2b72f102c,2,"비복","명사",0,L4,,"2026-10-01 12:51:00"
G5-5e93da20f4e64ba3,2,"빌어먹을","관형사/감탄사",0,L3,,"2026-10-01 12:51:03"
G5-c3382c55799316a6,2,"사이클","명사/의존 명사",0,L3,,"2026-10-01 12:51:09"
G5-9ebfb75821a2164a,2,"상용","명사",3,L3,,"2026-10-01 12:51:12"
G5-f1fe9cb9475e2795,2,"새침하다","형용사/동사",0,L3,,"2026-10-01 12:51:28"
G5-69e0f75cf7da47cb,2,"서유견문","명사",0,L4,,"2026-10-01 12:51:32"
G5-a1fa2aaf7110a252,2,"소산","명사",2,L4,,"2026-10-01 12:51:36"
G5-30487f50a4957e6b,2,"속대","명사",1,L4,,"2026-10-01 12:51:40"
G5-0c775f5c27362d4a,2,"수시","명사",5,L3,,"2026-10-01 12:51:43"
G5-2fac71523c3c7e31,2,"숙련","명사",0,L3,,"2026-10-01 12:51:46"
G5-16e3457db5efb453,2,"숭앙","명사",0,L4,,"2026-10-01 12:51:49"
G5-37eee04180f61b8e,2,"스리슬쩍","부사",0,L4,,"2026-10-01 12:51:52"
G5-d1824565f1e1b9d1,2,"승첩하다","동사",0,L4,,"2026-10-01 12:51:57"
G5-d7b6c413ea970ac3,2,"신통","명사/품사 없음",1,L3,,"2026-10-01 12:52:01"
G5-b5364a7010af6ca0,2,"아멘","감탄사",2,L3,,"2026-10-01 12:52:04"
G5-39a4e81b714f5ff4,2,"아무개","대명사",0,L3,,"2026-10-01 12:52:06"
G5-3f37a66e5d7c35c6,2,"아무렴","감탄사",0,L3,,"2026-10-01 12:52:10"
G5-6a7b802b9c395b22,2,"아이스박스","명사",0,L3,,"2026-10-01 12:52:12"
G5-94ad1e031dd38820,2,"애기하다","동사",0,L4,,"2026-10-01 12:52:18"
G5-cae4bbe18349fdf8,2,"양금","명사",3,L4,,"2026-10-01 12:52:22"
G5-5b6159140976c02f,2,"어진","명사",0,L4,"자주 사용되지 않음","2026-10-02 04:01:01"
G5-ebb6c66ecb05d499,2,"어쨌건","부사/품사 없음",0,L3,,"2026-10-01 12:52:30"
G5-d388828224f886ec,2,"에스키모","명사",0,L3,,"2026-10-01 12:52:34"
G5-91f5a77a39d93785,2,"연중행사","명사",0,L3,,"2026-10-01 12:52:37"
G5-1b7a1278ef264651,2,"오이시디","명사",0,L4,,"2026-10-01 12:52:43"
G5-673bf162d9ab034c,2,"옹고집전","명사",0,L3,,"2026-10-01 12:52:45"
G5-73d379176ce678a6,2,"와와","부사/감탄사",0,L3,,"2026-10-01 12:52:50"
G5-954dcec048fcf60e,2,"외박하다","동사",0,L3,,"2026-10-01 12:52:52"
G5-ea479b2f55daa588,2,"외성","명사",3,L4,"자주 사용하지 않는 단어임","2026-10-02 04:00:07"
G5-656d62d62cc25ae5,2,"용감무쌍하다","형용사",0,L3,,"2026-10-01 12:53:00"
G5-0e4e6e2846c46b25,2,"유기","명사",2,L4,,"2026-10-01 12:53:05"
G5-62db44d358bd9745,2,"유치장","명사",0,L3,,"2026-10-01 12:53:08"
G5-e409e1104d4ba9d7,2,"은덕","명사",1,L4,,"2026-10-01 12:53:12"
G5-2dba851a36ec3638,2,"이따위","대명사/관형사",0,L3,,"2026-10-01 12:53:14"
G5-7627eeba20ba7a7f,2,"이래","품사 없음",1,L4,"자주사용되지 않음","2026-10-02 04:01:35"
G5-258e6bf7d52e8e30,2,"이만치","부사/명사",0,L4,,"2026-10-01 12:53:23"
G5-78409eadb0ec0f24,2,"일고여덟","수사/관형사",0,L3,,"2026-10-01 12:53:31"
G5-43f7494184776546,2,"일수","명사",8,L3,,"2026-10-01 12:53:35"
G5-c82045ccb2ffc215,2,"일엽편주","명사",0,L4,,"2026-10-01 12:53:39"
G5-7d4953428e8c29c6,2,"자질구레하다","형용사",0,L3,,"2026-10-01 12:53:47"
G5-7c90fea98a30e2c9,2,"작은개자리","명사",0,L4,,"2026-10-01 12:53:52"
G5-ac1d745f570b5877,2,"장장","관형사/품사 없음",2,L4,,"2026-10-01 12:53:56"
G5-22b1c6b714665ce3,2,"재담","명사",0,L4,"자주 사용되지 않음","2026-10-02 04:00:35"
G5-35704bdfbc0772d7,2,"죔죔","감탄사/명사",0,L4,,"2026-10-01 12:54:03"
G5-298c9f8edb0f38fe,2,"중심각","명사",0,L3,,"2026-10-01 12:54:05"
G5-64577cad723be7d1,2,"지우다","동사",5,L3,,"2026-10-01 12:54:08"
G5-675d808ad643a66c,2,"찍","부사",1,L3,,"2026-10-01 12:54:11"
G5-c95c031b9f9c7593,2,"참말","명사/부사/감탄사",0,L3,,"2026-10-01 12:54:14"
G5-24580b12dad90e07,2,"촉각","명사",2,L3,,"2026-10-01 12:54:16"
G5-5e94775bbb42107e,2,"총합계","명사",0,L3,,"2026-10-01 12:54:19"
G5-f174901693726b16,2,"최대치","명사",0,L3,,"2026-10-01 12:54:21"
G5-9f8a5cc594e60916,2,"큰곰","명사",1,L3,,"2026-10-01 12:54:24"
G5-2fdadf3c1db1466b,2,"큰삼촌","명사",0,L3,,"2026-10-01 12:54:26"
G5-9178460f3297687e,2,"터럭","명사",0,L4,,"2026-10-01 12:54:29"
G5-849d93d9dbaa799b,2,"턱수염","명사",0,L3,,"2026-10-01 12:54:33"
G5-d98571818b1d4c26,2,"파운드","의존 명사",1,L3,,"2026-10-01 12:54:37"
G5-88ade883dcf18ae7,2,"파키스탄","명사",0,L3,,"2026-10-01 12:54:40"
G5-611be4c014a30387,2,"판전","명사",0,L4,,"2026-10-01 12:54:44"
G5-9662cecc55e4e161,2,"편익","명사",0,L4,,"2026-10-01 12:54:46"
G5-36deb023167c53ff,2,"포장도로","명사",0,L3,,"2026-10-01 12:54:49"
G5-b913b0fe410c1dc7,2,"표결","명사",2,L3,,"2026-10-01 12:54:51"
G5-2497efdf106d7391,2,"핀잔주다","동사",0,L3,,"2026-10-01 12:54:55"
G5-38690569e7f4f509,2,"한재","명사",1,L4,,"2026-10-01 12:55:00"
G5-3110a0f4c95c7c8d,2,"해독기","명사",0,L4,,"2026-10-01 12:55:05"
G5-061fc05d0d57dfec,2,"호령하다","동사",0,L3,,"2026-10-01 12:55:08"
G5-907a1f279a938291,2,"호위하다","동사",2,L3,,"2026-10-01 12:55:10"
G5-ac38dd29b7d99ee6,2,"혼연","명사",2,L4,,"2026-10-01 12:55:14"
G5-97bd7832cda56d61,2,"홀치다","동사",1,L4,,"2026-10-01 12:55:21"
G5-4eb3bc6dcaa38333,2,"획일적","명사/관형사",0,L3,,"2026-10-01 12:55:26"
