lemma,pos,homonym_number,official_meaning_short,specialized_domain_flag,polysemy_risk_signal,자동_제안_레벨,자동_제안_신뢰도,사람_판정
꺼칠하다,형용사,0,여위거나 메말라 살갗이나 털이 윤기가 없고 거칠다. ‘거칠하다’보다 센 느낌을 준다.,0,False,L3,0.815,
애기하다,동사,0,자기를 사랑하다.,0,False,L3,0.95,
해독기,명사,0,암호화된 정보를 복원하거나 다른 형태로 변환하거나 하는 장치.,1,False,L3,0.846,
혼연,명사,2,마땅히 머뭇거리거나 두려워할 상황에서 태도나 기색이 아무렇지도 않은 듯이 예사로움.,0,False,L3,0.819,
한재,명사,1,가뭄으로 인하여 생기는 재앙.,0,False,L3,0.937,
단음,명사,2,낱말을 이루는 소리 가운데 원래 긴소리에 비해 짧게 내는 소리.,1,False,L3,0.843,
나무아미타불,명사/감탄사,0,"[Ⅰ]「1」아미타불에 돌아가 의지함을 이르는 말.
[Ⅰ]「2」공들인 일이 헛일이 됨을 이르는 말.
[Ⅱ]아미타불에 돌아가 의지한다는 뜻으로, 염불할 때 외는 소리.",1,False,L3,0.622,
파키스탄,명사,0,"인도반도 서북부에 있는 공화국. 1947년 영국령 인도에서 분리하여 독립하였으며, 동파키스탄과 서파키스탄으로 분리되어 있다가 1971년 동파키스탄이 방글라데시로 독립하여 지금의 영토가 확정되었다. 주산업은 농업으로 밀ㆍ목화ㆍ사탕수수가 많이 나며, 주민은 튀르키예ㆍ이란 계통으로 대부분이 이슬람교도이고 주요 언어는 우르두어와 영어이다. 수도는 이슬라마바드, 면적은 80만 3944㎢.",1,False,L4,0.858,
어진,명사,0,임금의 화상(畫像)이나 사진.,0,False,L3,0.937,
봉양,명사,0,부모나 조부모와 같은 웃어른을 받들어 모심.,0,False,L3,0.906,
은덕,명사,1,"「1」은혜와 덕. 또는 은혜로운 덕.
「2」삼덕(三德)의 하나. 부처가 중생을 구제하려는 덕을 이른다.",1,False,L3,0.756,
아멘,감탄사,2,기도나 찬송 또는 설교 끝에 그 내용에 동의하거나 그것이 이루어지기를 바란다는 뜻으로 하는 말.,1,False,L3,0.772,
죔죔,감탄사/명사,0,"[Ⅰ]‘죄암죄암[Ⅰ]’의 준말.
[Ⅱ]‘죄암죄암[Ⅱ]’의 준말.",0,False,L3,0.862,
소산,명사,2,"「1」어떤 지역에서 생산되는 물건.
「2」어떤 행위나 상황 따위에 의한 결과로 나타나는 현상.",0,False,L3,0.795,
교군,명사,2,"「1」예전에, 한 사람이 안에 타고 둘이나 넷이 들거나 메던, 조그만 집 모양의 탈것. 연(輦), 덩, 초헌(軺軒), 남여(籃輿), 사인교(四人轎) 따위가 있다.
「2」가마를 메는 사람.
「3」가마를 메는 일.",0,False,경계 유지,0.5,
견학단,명사,0,견학을 목적으로 만든 단체.,0,False,L3,0.941,
고쟁이,명사,0,"한복에 입는 여자 속옷의 하나. 속속곳 위, 단속곳 밑에 입는 아래 속곳으로, 통이 넓지만 발목 부분으로 내려가면서 좁아지고 밑을 여미도록 되어 있다. 여름에 많이 입으며 무명, 베, 모시 따위를 홑으로 박아 짓는다.",0,False,경계 유지,0.5,
너,관형사,2,그 수량이 넷임을 나타내는 말.,0,False,L3,0.933,
노사,명사,7,노동자와 사용자를 아울러 이르는 말.,0,False,L3,0.921,
검인,명사,3,"「1」서류나 물건을 검토한 표시로 도장을 찍는 일. 또는 그 도장.
「2」지은이가 자신이 지은 책의 발행 부수를 확인하기 위하여 판권장에 도장을 찍는 일. 또는 그 도장. 흔히 이 도장의 수(數)에 따라서 책의 인세(印稅)가 계산된다.",0,False,경계 유지,0.5,
일수,명사,8,"「1」날의 수.
「2」그날의 운수.",1,False,L3,0.906,
유치장,명사,0,피의자나 경범죄를 지은 사람 등을 한때 가두어 두는 곳. 각 경찰서에 있다.,0,False,L3,0.835,
상용,명사,3,일상적으로 씀.,0,False,L3,0.95,
에스키모,명사,0,"북극, 캐나다, 그린란드 및 시베리아의 북극 지방에 사는 인종. 피부는 황색으로 주로 수렵ㆍ어로에 종사하고, 여름에는 흩어져 살다가 겨울에는 집단으로 거주한다.",1,False,L3,0.63,
숙련,명사,0,연습을 많이 하여 능숙하게 익힘.,0,False,L3,0.929,
부탄,명사,2,"인도와 티베트 사이, 히말라야산맥 동부에 위치해 있는 나라. 기본적으로 티베트 문화권이며, 1947년 영국 보호령에서 독립하였으나 1949년 외교권을 인도에 이양하였다. 쌀ㆍ밀ㆍ옥수수 따위를 생산하고, 소ㆍ돼지 따위를 축산하며, 주민은 대부분이 티베트계로 라마교와 불교를 신봉하고 주요 언어는 티베트어이다. 수도는 팀푸(Thimphu), 면적은 4만 1440㎢.",1,True,L4,0.815,
턱수염,명사,0,아래턱에 난 수염.,0,False,L3,0.95,
지우다,동사,5,"「1」물건을 짊어서 등에 얹게 하다. ‘지다05[1]’의 사동사.
「2」책임이나 의무를 맡기다. ‘지다05[3]「2」’의 사동사.
「3」빌린 돈을 갚아야 할 의무를 갖게 하다. ‘지다05[3]「3」’의 사동사.",0,True,경계 유지,0.5,
속대,명사,1,"「1」푸성귀의 겉대 속에 있는 줄기나 잎.
「2」어떤 물체의 가운데를 꿰는 대.",0,False,L3,0.827,
승첩하다,동사,0,싸움에서 이기다.,0,False,L3,0.95,
핀잔주다,동사,0,핀잔을 하다.,0,False,L3,0.95,
호령하다,동사,0,"「1」부하나 동물 따위를 지휘하여 명령하다.
「2」큰 소리로 꾸짖다.
「3」여러 사람이 일정한 동작을 일제히 취하도록 하기 위하여 지휘자가 말로 간단한 명령을 내리다. 주로 단체 행동에서 한다.",0,False,L3,0.575,
어쨌건,부사/품사 없음,0,"[Ⅰ]사태가 어떻게 되었는지 관계없이.
[Ⅱ]‘어찌하였건’이 줄어든 말.",0,False,L3,0.843,
아무렴,감탄사,0,"말할 나위 없이 그렇다는 뜻으로, 상대편의 말에 강한 긍정을 보일 때 하는 말.",0,False,L3,0.827,
나무쇠싸움,명사,0,"경상남도 영산에 전승되는 민속놀이. 나무로 소의 모양을 만들고 편을 갈라 서로 겨루어 상대편을 먼저 땅에 주저앉히는 편이 이긴다. 우리나라 국가 무형유산으로, 국가 무형유산 정식 명칭은 '영산 쇠머리대기'이다.",1,False,경계 유지,0.5,
빌어먹을,관형사/감탄사,0,"[Ⅰ]지독하고 몹쓸.
[Ⅱ]일이 뜻대로 되지 아니하여 속이 상하거나 분개할 때 욕으로 하는 말.",0,False,L3,0.791,
참말,명사/부사/감탄사,0,"[Ⅰ]「1」사실과 조금도 틀림이 없는 말.
[Ⅰ]「2」겉으로 내비치지 아니한 사실을 말할 때 쓰는 말.
[Ⅰ]「3」자신의 말을 강조할 때 쓰는 말.
[Ⅱ]사실과 조금도 다름이 없이 과연.
[Ⅲ]「1」어떤 일을 심각하게 느끼거나 동의할 때 하는 말.
[Ⅲ]「2」어떤 사람이나 물건 따위에 대하여 화가 나거나 기가 막힘을 나타내는 말.",0,False,L4,0.728,
와와,부사/감탄사,0,"[Ⅰ]「1」여러 사람이 한꺼번에 잇따라 웃거나 소리를 지르거나 시끄럽게 떠들어 대는 소리. 또는 그 모양.
[Ⅰ]「2」여럿이 한곳으로 힘차게 자꾸 몰리거나 흩어지는 모양.
[Ⅱ]「1」‘우아우아「1」’의 준말.
[Ⅱ]「2」‘우아우아「2」’의 준말.
[Ⅱ]「3」‘우아우아「3」’의 준말.",0,False,L4,0.622,
노여워하다,동사,0,화가 치밀 만큼 분해하거나 섭섭해하다.,0,False,L3,0.917,
작은개자리,명사,0,오리온자리와 쌍둥이자리 사이에 있는 별자리. 3월 초순에 자오선을 통과한다. 알파성(α星)인 프로키온은 밝기가 1등급인 실시 쌍성이다.,1,False,L3,0.685,
연중행사,명사,0,해마다 일정한 시기를 정하여 놓고 하는 행사.,0,False,L3,0.902,
걸음걸음,명사/부사,0,"[Ⅰ]각 걸음. 또는 모든 걸음.
[Ⅱ]걸음을 걸을 적마다.",0,False,L3,0.87,
아이스박스,명사,0,얼음을 넣어 그 냉기로 음식물을 차게 보관하는 상자.,0,False,L3,0.886,
큰삼촌,명사,0,"「1」둘 이상의 삼촌 가운데 맏이인 삼촌을 이르거나 부르는 말.
「2」삼촌들 가운데 자기 아버지보다 나이가 많은 삼촌.",0,False,L3,0.74,
유기,명사,2,언제까지라고 정한 기한이 있음.,0,True,L3,0.933,
외성,명사,3,성 밖에 겹으로 둘러쌓은 성.,0,False,L3,0.937,
아무개,대명사,0,어떤 사람을 구체적인 이름 대신 이르는 인칭 대명사.,0,False,L3,0.886,
이만치,부사/명사,0,"[Ⅰ]이만한 정도로.
[Ⅱ]이만한 정도.",0,False,L3,0.913,
획일적,명사/관형사,0,"[Ⅰ]「1」모두가 한결같아서 다름이 없는 것.
[Ⅰ]「2」모두가 가지런하게 고른 것.
[Ⅱ]「1」모두가 한결같아서 다름이 없는.
[Ⅱ]「2」모두가 가지런하게 고른.",0,False,L3,0.642,
새침하다,형용사/동사,0,"[Ⅰ]쌀쌀맞게 시치미를 떼는 태도가 있다.
[Ⅱ]짐짓 쌀쌀한 기색을 꾸미다.",0,False,L3,0.835,
범행자,명사,0,범죄 행위를 한 사람.,0,False,L3,0.95,
찍,부사,1,"「1」줄이나 획을 세게 한 번 긋는 소리. 또는 그 모양. ‘직02「1」’보다 센 느낌을 준다.
「2」종이나 천 따위를 세게 찢는 소리. 또는 그 모양. ‘직02「2」’보다 센 느낌을 준다.",0,True,L3,0.583,
편익,명사,0,편리하고 유익함.,0,False,L3,0.95,
자질구레하다,형용사,0,모두가 잘고 시시하여 대수롭지 아니하다.,0,False,L3,0.913,
고금,명사,2,예전과 지금을 아울러 이르는 말.,0,False,L3,0.929,
호위하다,동사,2,따라다니며 곁에서 보호하고 지키다.,0,False,L3,0.925,
수시,명사,5,일정하게 정하여 놓은 때 없이 그때그때 상황에 따름.,0,False,L3,0.886,
부서뜨리다,동사,0,"「1」단단한 물체를 깨어서 여러 조각이 나게 하다.
「2」짜서 만든 물건 따위를 제대로 쓸 수 없게 헐어지거나 깨어지게 하다.
「3」희망이나 기대 따위를 무너지게 하다.",0,False,L3,0.63,
비복,명사,0,계집종과 사내종을 아울러 이르는 말.,0,False,L3,0.921,
미지수,명사,0,"「1」방정식에서 구하려고 하는 수. 또는 그것을 나타내는 글자.
「2」예측할 수 없는 앞일.",1,False,L3,0.78,
스리슬쩍,부사,0,남이 모르는 사이에 아주 빠르게.,0,False,L3,0.929,
이래,품사 없음,1,"「1」‘이리하여’가 줄어든 말.
「2」‘이러하여’가 줄어든 말.",0,False,L3,0.862,
터럭,명사,0,"「1」사람이나 길짐승의 몸에 난 길고 굵은 털.
「2」아주 작거나 사소한 것을 비유적으로 이르는 말.",0,False,L3,0.78,
총합계,명사,0,모두를 합하여 셈함. 또는 그런 수.,0,False,L3,0.921,
불협화음,명사,0,"「1」둘 이상의 음이 동시에 날 때, 서로 어울리지 아니하여 불안정한 느낌을 주는 음.
「2」어떤 집단 내의 사람들 사이가 원만하지 않음을 비유적으로 이르는 말.",1,False,L3,0.626,
껌벅,부사,0,"「1」큰 불빛이나 별빛 따위가 잠깐 어두워졌다 밝아지는 모양. 또는 밝아졌다 어두워지는 모양.
「2」큰 눈이 잠깐 감겼다 뜨이는 모양.",0,False,L3,0.705,
신통,명사/품사 없음,1,"[Ⅰ]무슨 일이든지 해낼 수 있는 영묘하고 불가사의한 힘이나 능력. 불교에서는 선정(禪定)을 수행함으로써 이를 얻을 수 있다고 한다.
[Ⅱ]‘신통하다01’의 어근.",0,False,L3,0.642,
일고여덟,수사/관형사,0,"[Ⅰ]일곱이나 여덟쯤 되는 수.
[Ⅱ]일곱이나 여덟쯤 되는 수의.",0,False,L3,0.858,
일엽편주,명사,0,한 척의 조그마한 배.,0,False,L3,0.95,
파운드,의존 명사,1,"「1」야드파운드법에 의한 무게의 단위. 1파운드는 1온스의 16배로 약 453.592그램에 해당한다. 기호는 lb.
「2」영국의 화폐 단위. 1파운드는 1페니의 100배이다. 기호는 ￡.
「3」이스라엘, 이집트, 아일랜드, 키프로스 등의 화폐 단위.",0,False,L4,0.547,
볼트,의존 명사,2,"전위차, 전압, 기전력의 국제단위. 1볼트는 1옴의 도체에 1암페어의 전류가 통하였을 때 그 도체의 양 끝에 생기는 전위차이다. 기호는 V.",1,False,L3,0.673,
경조사,명사,0,경사스러운 일과 불행한 일.,0,False,L3,0.941,
옹고집전,명사,0,"조선 후기의 판소리계 소설. 부자이면서 인색하고 불효자인 옹고집이 승려의 조화로 가짜 옹고집에게 쫓겨나 갖은 고생을 하면서, 잘못을 뉘우치고 착한 사람이 된다는 이야기이다. 작가와 연대는 알 수 없다.",1,False,경계 유지,0.5,
용감무쌍하다,형용사,0,용기가 있으며 씩씩하고 기운차기 짝이 없다.,0,False,L3,0.906,
중심각,명사,0,원의 두 반지름이 만드는 각.,1,False,L3,0.917,
내야수,명사,0,"야구에서, 일루수ㆍ이루수ㆍ삼루수ㆍ유격수를 통틀어 이르는 말.",1,False,L3,0.85,
명시,명사,1,이름난 시. 또는 아주 잘 지은 시.,0,False,L3,0.921,
공기주머니,명사,0,새의 가슴과 배에 있어 허파와 통하는 얇은 막의 주머니. 그 안에 공기를 드나들게 하여 몸이 뜨는 일을 도우며 호흡 작용을 왕성하게 한다.,1,False,L3,0.677,
모기약,명사,0,모기를 쫓거나 잡는 데에 쓰는 약.,0,False,L3,0.925,
뒤룩뒤룩,부사,2,군살이 처지도록 살이 몹시 쪄서 뚱뚱한 모양.,0,False,L3,0.902,
사이클,명사/의존 명사,0,"[Ⅰ]「1」열역학 따위에서 물체의 상태가 어떤 변화를 일으켰다가 다시 원래의 상태로 되돌아올 때까지의 일련의 과정.
[Ⅰ]「2」→ 자전거.
[Ⅰ]「3」→ 주파수.
[Ⅱ]주파수의 단위. 전기나 소리의 진동 현상으로 1초 동안에 같은 위상이 돌아오는 횟수를 나타내며, 헤르츠(Hertz)로 표시한다.",1,False,L4,0.669,
판전,명사,0,경판(經板)을 쌓아 두는 전각.,1,False,L3,0.913,
서유견문,명사,0,"조선 고종 32년(1895)에 유길준이 미국과 유럽을 여행하면서 보고 느낀 바를 적은 책. 국한문체로 된 최초의 기행문으로, 언문일치의 선구적 역할을 하였으며, 개화사상에 눈을 뜨게 하여 갑오개혁의 사상적 배경이 되었다. 1책.",1,False,경계 유지,0.5,
고학생,명사,0,학비를 스스로 벌어서 고생하며 공부하는 학생.,0,False,L3,0.902,
외박하다,동사,0,자기 집이나 일정한 숙소에서 자지 아니하고 딴 데 나가서 자다.,0,False,L3,0.862,
포장도로,명사,0,길바닥에 돌과 모래 따위를 깔고 그 위에 시멘트나 아스팔트 따위로 덮어 단단하게 다져 사람이나 자동차가 다닐 수 있도록 꾸민 비교적 넓은 길.,0,False,L3,0.689,
숭앙,명사,0,공경하여 우러러봄.,0,False,L3,0.95,
장장,관형사/품사 없음,2,"[Ⅰ]분량이나 시간상의 길이 따위가 예상보다 상당히 많거나 긺을 나타내는 말.
[Ⅱ]‘장장하다01’의 어근.",0,False,L3,0.764,
별표,명사,1,"「1」별 모양의 표.
「2」참조, 생략, 비문법성 따위를 나타내는 표.",0,False,L3,0.846,
최대치,명사,0,"「1」가장 큰 값.
「2」실숫값을 취하는 함수가 그 정의구역 안에서 취하는 가장 큰 값.",1,False,L3,0.787,
이따위,대명사/관형사,0,"[Ⅰ]이러한 부류의 대상을 낮잡아 이르는 지시 대명사.
[Ⅱ](낮잡는 뜻으로) 이러한 부류의.",0,False,L3,0.795,
문민,명사,0,직업 군인이 아닌 일반 국민.,0,False,L3,0.937,
재담,명사,0,익살과 재치를 부리며 재미있게 이야기함. 또는 그런 말.,0,False,L3,0.878,
변성기,명사,2,사춘기에 성대에 변화가 일어나 목소리가 변하는 시기. 12세~15세이다.,1,False,L3,0.823,
양금,명사,3,"「1」채로 줄을 쳐서 소리를 내는 현악기의 하나. 사다리꼴의 오동나무 겹 널빤지에 받침을 세우고 놋쇠로 만든 줄을 열네 개 매어 대나무로 만든 채로 쳐서 소리를 낸다. 금속성의 맑은 음색을 지녀 현악 영산회상과 같은 관현악 또는 단소와의 병주(並奏) 따위에 쓰인다. 조선 영조 때 아라비아에서 청나라를 거쳐 우리나라에 들어왔다.
「2」‘피아노01’를 달리 이르는 말.",1,False,L4,0.827,
홀치다,동사,1,풀리지 않도록 단단히 동여매다.,0,False,L3,0.933,
큰곰,명사,1,"곰과의 포유류. 몸의 길이는 2~2.8미터이며 거대하고 어깨가 등보다 높다. 어릴 때는 반달 가슴이 있다. 비교적 나무에 잘 오르나 다 커서는 서투르다. 야행성으로 단독 생활을 한다. 잡식성으로 북아메리카, 아시아, 유럽 등지의 산지에 분포한다.",1,False,L4,0.559,
표결,명사,2,투표를 하여 결정함.,0,True,,,
촉각,명사,2,"물건이 피부에 닿아서 느껴지는 감각. 압각(壓覺), 통각(痛覺) 따위이다.",1,True,,,
오이시디,명사,0,"경제 성장, 개발 도상국 원조, 통상 확대의 세 가지를 주요 목적으로 하여 1961년에 창설된 국제 경제 협력 기구. 우리나라는 1996년에 회원국으로 가입하였다.",1,False,,,
