item_id,item_type,source_content_id,lemma,pos,prompt,options_json,correct_option,explanation
MF_DRY_A_G5-8ce1ebfbf28902b8,MEANING_CHOICE,G5-8ce1ebfbf28902b8,개축,명사,'개축'의 뜻으로 가장 알맞은 것은?,"[""낡거나 허물어진 집이나 건물을 다시 짓거나 고쳐 쌓는 일."", ""몸이 마르거나 건강이 안 좋아서 피부나 털에 윤기가 없고 거칠다."", ""도시에서 사는 사람."", ""범죄를 저지른 사람.""]",1,'개축'은 '낡거나 허물어진 집이나 건물을 다시 짓거나 고쳐 쌓는 일.'이라는 뜻입니다.
MF_DRY_C_G5-8ce1ebfbf28902b8,CONTEXT_MEANING,G5-8ce1ebfbf28902b8,개축,명사,"다음 문장에서 표시된 낱말의 뜻으로 가장 알맞은 것은?

오래된 학교 건물을 【개축】하는 공사가 이번 달에 시작되었다.","[""낡거나 허물어진 집이나 건물을 다시 짓거나 고쳐 쌓는 일."", ""몸이 마르거나 건강이 안 좋아서 피부나 털에 윤기가 없고 거칠다."", ""도시에서 사는 사람."", ""범죄를 저지른 사람.""]",1,문장 속 '개축'은 '낡거나 허물어진 집이나 건물을 다시 짓거나 고쳐 쌓는 일.'을 뜻합니다.
MF_DRY_A_G5-15d9d99fbc5ed1f2,MEANING_CHOICE,G5-15d9d99fbc5ed1f2,견학단,명사,'견학단'의 뜻으로 가장 알맞은 것은?,"[""가을이나 겨울에 잎이 떨어지고 봄이 되면 새잎이 다시 나는 나무."", ""무엇을 직접 보고 배우러 가기 위해 모인 사람들의 모임."", ""같은 목표를 가지고 함께 노력하는 사람들 사이의 끈끈한 정."", ""유럽 서북부에 있는 나라 이름.""]",2,'견학단'은 '무엇을 직접 보고 배우러 가기 위해 모인 사람들의 모임.'이라는 뜻입니다.
MF_DRY_C_G5-15d9d99fbc5ed1f2,CONTEXT_MEANING,G5-15d9d99fbc5ed1f2,견학단,명사,"다음 문장에서 표시된 낱말의 뜻으로 가장 알맞은 것은?

우리 학교 【견학단】은 박물관으로 현장 학습을 떠났다.","[""가을이나 겨울에 잎이 떨어지고 봄이 되면 새잎이 다시 나는 나무."", ""무엇을 직접 보고 배우러 가기 위해 모인 사람들의 모임."", ""같은 목표를 가지고 함께 노력하는 사람들 사이의 끈끈한 정."", ""유럽 서북부에 있는 나라 이름.""]",2,문장 속 '견학단'은 '무엇을 직접 보고 배우러 가기 위해 모인 사람들의 모임.'을 뜻합니다.
MF_DRY_A_G5-288ade20add47e11,MEANING_CHOICE,G5-288ade20add47e11,경조사,명사,'경조사'의 뜻으로 가장 알맞은 것은?,"[""야구에서 1루, 2루, 3루, 유격 자리를 지키는 선수를 통틀어 이르는 말."", ""살이 많이 올라 뚱뚱하고 출렁거리는 모양."", ""결혼이나 돌잔치처럼 축하할 일과 장례처럼 슬픈 일을 함께 이르는 말."", ""사춘기에 목소리가 변하는 시기.""]",3,'경조사'는 '결혼이나 돌잔치처럼 축하할 일과 장례처럼 슬픈 일을 함께 이르는 말.'이라는 뜻입니다.
MF_DRY_C_G5-288ade20add47e11,CONTEXT_MEANING,G5-288ade20add47e11,경조사,명사,"다음 문장에서 표시된 낱말의 뜻으로 가장 알맞은 것은?

할머니는 동네 사람들의 【경조사】를 빠짐없이 챙기셨다.","[""야구에서 1루, 2루, 3루, 유격 자리를 지키는 선수를 통틀어 이르는 말."", ""살이 많이 올라 뚱뚱하고 출렁거리는 모양."", ""결혼이나 돌잔치처럼 축하할 일과 장례처럼 슬픈 일을 함께 이르는 말."", ""사춘기에 목소리가 변하는 시기.""]",3,문장 속 '경조사'는 '결혼이나 돌잔치처럼 축하할 일과 장례처럼 슬픈 일을 함께 이르는 말.'을 뜻합니다.
MF_DRY_A_G5-86ac65ab170bf93b,MEANING_CHOICE,G5-86ac65ab170bf93b,고안되다,동사,'고안되다'의 뜻으로 가장 알맞은 것은?,"[""화가 날 만큼 분하거나 섭섭한 마음을 가지다."", ""군대나 병원처럼 쉽게 드나들 수 없는 곳에 찾아가서 그 안에 있는 사람을 만나 보다."", ""나라를 위해 힘쓰고 백성을 편안하게 살게 하는 일."", ""생각하고 연구해서 새로운 방법이나 물건이 만들어지다.""]",4,'고안되다'는 '생각하고 연구해서 새로운 방법이나 물건이 만들어지다.'라는 뜻입니다.
MF_DRY_C_G5-86ac65ab170bf93b,CONTEXT_MEANING,G5-86ac65ab170bf93b,고안되다,동사,"다음 문장에서 표시된 낱말의 뜻으로 가장 알맞은 것은?

학생들의 안전을 위한 새로운 신호등이 【고안되었다】.","[""화가 날 만큼 분하거나 섭섭한 마음을 가지다."", ""군대나 병원처럼 쉽게 드나들 수 없는 곳에 찾아가서 그 안에 있는 사람을 만나 보다."", ""나라를 위해 힘쓰고 백성을 편안하게 살게 하는 일."", ""생각하고 연구해서 새로운 방법이나 물건이 만들어지다.""]",4,문장 속 '고안되었다'는 '생각하고 연구해서 새로운 방법이나 물건이 만들어지다.'를 뜻합니다.
MF_DRY_A_G5-b0c32a2b4cac3bd9,MEANING_CHOICE,G5-b0c32a2b4cac3bd9,공기주머니,명사,'공기주머니'의 뜻으로 가장 알맞은 것은?,"[""새의 몸속에서 공기가 드나드는 얇은 주머니 모양의 기관으로, 몸을 가볍게 뜨도록 돕는다."", ""원래 길게 내는 소리와 달리 짧게 내는 소리."", ""모기를 쫓거나 없애기 위해 쓰는 약."", ""부유한 사람들이 많이 사는 마을이나 지역.""]",1,"'공기주머니'는 '새의 몸속에서 공기가 드나드는 얇은 주머니 모양의 기관으로, 몸을 가볍게 뜨도록 돕는다.'라는 뜻입니다."
MF_DRY_C_G5-b0c32a2b4cac3bd9,CONTEXT_MEANING,G5-b0c32a2b4cac3bd9,공기주머니,명사,"다음 문장에서 표시된 낱말의 뜻으로 가장 알맞은 것은?

새는 【공기주머니】 덕분에 높은 하늘에서도 가볍게 날 수 있다.","[""새의 몸속에서 공기가 드나드는 얇은 주머니 모양의 기관으로, 몸을 가볍게 뜨도록 돕는다."", ""원래 길게 내는 소리와 달리 짧게 내는 소리."", ""모기를 쫓거나 없애기 위해 쓰는 약."", ""부유한 사람들이 많이 사는 마을이나 지역.""]",1,"문장 속 '공기주머니'는 '새의 몸속에서 공기가 드나드는 얇은 주머니 모양의 기관으로, 몸을 가볍게 뜨도록 돕는다.'를 뜻합니다."
MF_DRY_A_G5-bc3d3e5746938ca4,MEANING_CHOICE,G5-bc3d3e5746938ca4,교직원,명사,'교직원'의 뜻으로 가장 알맞은 것은?,"[""크고 작은 정도. 또는 큰 것과 작은 것."", ""학교에서 가르치는 선생님과 학교 일을 돕는 직원을 모두 합쳐 이르는 말."", ""밥을 먹기 싫어하거나 반찬이 마음에 안 든다고 짜증을 부리는 일."", ""여러 사람이 자유롭게 의견을 내면서 좋은 생각을 찾아내는 방법.""]",2,'교직원'은 '학교에서 가르치는 선생님과 학교 일을 돕는 직원을 모두 합쳐 이르는 말.'이라는 뜻입니다.
MF_DRY_C_G5-bc3d3e5746938ca4,CONTEXT_MEANING,G5-bc3d3e5746938ca4,교직원,명사,"다음 문장에서 표시된 낱말의 뜻으로 가장 알맞은 것은?

학교 축제에는 학생뿐 아니라 【교직원】들도 함께 참여했다.","[""크고 작은 정도. 또는 큰 것과 작은 것."", ""학교에서 가르치는 선생님과 학교 일을 돕는 직원을 모두 합쳐 이르는 말."", ""밥을 먹기 싫어하거나 반찬이 마음에 안 든다고 짜증을 부리는 일."", ""여러 사람이 자유롭게 의견을 내면서 좋은 생각을 찾아내는 방법.""]",2,문장 속 '교직원'은 '학교에서 가르치는 선생님과 학교 일을 돕는 직원을 모두 합쳐 이르는 말.'을 뜻합니다.
MF_DRY_A_G5-9050b15f83fa1e98,MEANING_CHOICE,G5-9050b15f83fa1e98,국방력,명사,'국방력'의 뜻으로 가장 알맞은 것은?,"[""도시에서 사는 사람."", ""범죄를 저지른 사람."", ""나라를 지키기 위한 군사적인 힘."", ""사람을 죽이거나 다치게 하다.""]",3,'국방력'은 '나라를 지키기 위한 군사적인 힘.'이라는 뜻입니다.
MF_DRY_C_G5-9050b15f83fa1e98,CONTEXT_MEANING,G5-9050b15f83fa1e98,국방력,명사,"다음 문장에서 표시된 낱말의 뜻으로 가장 알맞은 것은?

그 나라는 【국방력】을 키우기 위해 많은 예산을 투자했다.","[""도시에서 사는 사람."", ""범죄를 저지른 사람."", ""나라를 지키기 위한 군사적인 힘."", ""사람을 죽이거나 다치게 하다.""]",3,문장 속 '국방력'은 '나라를 지키기 위한 군사적인 힘.'을 뜻합니다.
MF_DRY_A_G5-40fd9cf0513a6748,MEANING_CHOICE,G5-40fd9cf0513a6748,꺼칠하다,형용사,'꺼칠하다'의 뜻으로 가장 알맞은 것은?,"[""같은 목표를 가지고 함께 노력하는 사람들 사이의 끈끈한 정."", ""유럽 서북부에 있는 나라 이름."", ""서로 다른 음을 맡은 세 사람이 함께 부르는 노래."", ""몸이 마르거나 건강이 안 좋아서 피부나 털에 윤기가 없고 거칠다.""]",4,'꺼칠하다'는 '몸이 마르거나 건강이 안 좋아서 피부나 털에 윤기가 없고 거칠다.'라는 뜻입니다.
MF_DRY_C_G5-40fd9cf0513a6748,CONTEXT_MEANING,G5-40fd9cf0513a6748,꺼칠하다,형용사,"다음 문장에서 표시된 낱말의 뜻으로 가장 알맞은 것은?

며칠 밤을 새우고 나니 얼굴이 【꺼칠했다】.","[""같은 목표를 가지고 함께 노력하는 사람들 사이의 끈끈한 정."", ""유럽 서북부에 있는 나라 이름."", ""서로 다른 음을 맡은 세 사람이 함께 부르는 노래."", ""몸이 마르거나 건강이 안 좋아서 피부나 털에 윤기가 없고 거칠다.""]",4,문장 속 '꺼칠했다'는 '몸이 마르거나 건강이 안 좋아서 피부나 털에 윤기가 없고 거칠다.'를 뜻합니다.
MF_DRY_A_G5-0b695941ae270b65,MEANING_CHOICE,G5-0b695941ae270b65,낙엽수,명사,'낙엽수'의 뜻으로 가장 알맞은 것은?,"[""가을이나 겨울에 잎이 떨어지고 봄이 되면 새잎이 다시 나는 나무."", ""살이 많이 올라 뚱뚱하고 출렁거리는 모양."", ""사춘기에 목소리가 변하는 시기."", ""날마다 흔히 사용함.""]",1,'낙엽수'는 '가을이나 겨울에 잎이 떨어지고 봄이 되면 새잎이 다시 나는 나무.'라는 뜻입니다.
MF_DRY_C_G5-0b695941ae270b65,CONTEXT_MEANING,G5-0b695941ae270b65,낙엽수,명사,"다음 문장에서 표시된 낱말의 뜻으로 가장 알맞은 것은?

은행나무는 가을이 되면 잎이 노랗게 물드는 대표적인 【낙엽수】이다.","[""가을이나 겨울에 잎이 떨어지고 봄이 되면 새잎이 다시 나는 나무."", ""살이 많이 올라 뚱뚱하고 출렁거리는 모양."", ""사춘기에 목소리가 변하는 시기."", ""날마다 흔히 사용함.""]",1,문장 속 '낙엽수'는 '가을이나 겨울에 잎이 떨어지고 봄이 되면 새잎이 다시 나는 나무.'를 뜻합니다.
MF_DRY_A_G5-c02960d8706f5e30,MEANING_CHOICE,G5-c02960d8706f5e30,내야수,명사,'내야수'의 뜻으로 가장 알맞은 것은?,"[""군대나 병원처럼 쉽게 드나들 수 없는 곳에 찾아가서 그 안에 있는 사람을 만나 보다."", ""야구에서 1루, 2루, 3루, 유격 자리를 지키는 선수를 통틀어 이르는 말."", ""나라를 위해 힘쓰고 백성을 편안하게 살게 하는 일."", ""셋이나 넷쯤 되는 수.""]",2,"'내야수'는 '야구에서 1루, 2루, 3루, 유격 자리를 지키는 선수를 통틀어 이르는 말.'이라는 뜻입니다."
MF_DRY_C_G5-c02960d8706f5e30,CONTEXT_MEANING,G5-c02960d8706f5e30,내야수,명사,"다음 문장에서 표시된 낱말의 뜻으로 가장 알맞은 것은?

【내야수】가 재빠르게 공을 잡아 1루로 던져 아웃시켰다.","[""군대나 병원처럼 쉽게 드나들 수 없는 곳에 찾아가서 그 안에 있는 사람을 만나 보다."", ""야구에서 1루, 2루, 3루, 유격 자리를 지키는 선수를 통틀어 이르는 말."", ""나라를 위해 힘쓰고 백성을 편안하게 살게 하는 일."", ""셋이나 넷쯤 되는 수.""]",2,"문장 속 '내야수'는 '야구에서 1루, 2루, 3루, 유격 자리를 지키는 선수를 통틀어 이르는 말.'을 뜻합니다."
MF_DRY_A_G5-108296da3208d97a,MEANING_CHOICE,G5-108296da3208d97a,노여워하다,동사,'노여워하다'의 뜻으로 가장 알맞은 것은?,"[""모기를 쫓거나 없애기 위해 쓰는 약."", ""부유한 사람들이 많이 사는 마을이나 지역."", ""화가 날 만큼 분하거나 섭섭한 마음을 가지다."", ""소송을 진행하고 재판을 받기 위해 드는 비용.""]",3,'노여워하다'는 '화가 날 만큼 분하거나 섭섭한 마음을 가지다.'라는 뜻입니다.
MF_DRY_C_G5-108296da3208d97a,CONTEXT_MEANING,G5-108296da3208d97a,노여워하다,동사,"다음 문장에서 표시된 낱말의 뜻으로 가장 알맞은 것은?

동생은 자기 말을 안 믿어 준다고 몹시 【노여워했다】.","[""모기를 쫓거나 없애기 위해 쓰는 약."", ""부유한 사람들이 많이 사는 마을이나 지역."", ""화가 날 만큼 분하거나 섭섭한 마음을 가지다."", ""소송을 진행하고 재판을 받기 위해 드는 비용.""]",3,문장 속 '노여워했다'는 '화가 날 만큼 분하거나 섭섭한 마음을 가지다.'를 뜻합니다.
MF_DRY_A_G5-a71a19a47aee8d59,MEANING_CHOICE,G5-a71a19a47aee8d59,단음,명사,'단음'의 뜻으로 가장 알맞은 것은?,"[""밥을 먹기 싫어하거나 반찬이 마음에 안 든다고 짜증을 부리는 일."", ""여러 사람이 자유롭게 의견을 내면서 좋은 생각을 찾아내는 방법."", ""낡거나 허물어진 집이나 건물을 다시 짓거나 고쳐 쌓는 일."", ""원래 길게 내는 소리와 달리 짧게 내는 소리.""]",4,'단음'은 '원래 길게 내는 소리와 달리 짧게 내는 소리.'라는 뜻입니다.
MF_DRY_C_G5-a71a19a47aee8d59,CONTEXT_MEANING,G5-a71a19a47aee8d59,단음,명사,"다음 문장에서 표시된 낱말의 뜻으로 가장 알맞은 것은?

선생님께서는 장음과 【단음】의 차이를 설명하며 낱말의 발음을 들려주셨다.","[""밥을 먹기 싫어하거나 반찬이 마음에 안 든다고 짜증을 부리는 일."", ""여러 사람이 자유롭게 의견을 내면서 좋은 생각을 찾아내는 방법."", ""낡거나 허물어진 집이나 건물을 다시 짓거나 고쳐 쌓는 일."", ""원래 길게 내는 소리와 달리 짧게 내는 소리.""]",4,문장 속 '단음'은 '원래 길게 내는 소리와 달리 짧게 내는 소리.'를 뜻합니다.
MF_DRY_A_G5-d6add3880c766a14,MEANING_CHOICE,G5-d6add3880c766a14,대소,명사,'대소'의 뜻으로 가장 알맞은 것은?,"[""크고 작은 정도. 또는 큰 것과 작은 것."", ""범죄를 저지른 사람."", ""사람을 죽이거나 다치게 하다."", ""무엇을 직접 보고 배우러 가기 위해 모인 사람들의 모임.""]",1,'대소'는 '크고 작은 정도. 또는 큰 것과 작은 것.'이라는 뜻입니다.
MF_DRY_C_G5-d6add3880c766a14,CONTEXT_MEANING,G5-d6add3880c766a14,대소,명사,"다음 문장에서 표시된 낱말의 뜻으로 가장 알맞은 것은?

회의에서는 문제의 【대소】를 가리지 않고 모두 의논하기로 했다.","[""크고 작은 정도. 또는 큰 것과 작은 것."", ""범죄를 저지른 사람."", ""사람을 죽이거나 다치게 하다."", ""무엇을 직접 보고 배우러 가기 위해 모인 사람들의 모임.""]",1,문장 속 '대소'는 '크고 작은 정도. 또는 큰 것과 작은 것.'을 뜻합니다.
MF_DRY_A_G5-85e1f60f7edb514f,MEANING_CHOICE,G5-85e1f60f7edb514f,도시민,명사,'도시민'의 뜻으로 가장 알맞은 것은?,"[""유럽 서북부에 있는 나라 이름."", ""도시에서 사는 사람."", ""서로 다른 음을 맡은 세 사람이 함께 부르는 노래."", ""결혼이나 돌잔치처럼 축하할 일과 장례처럼 슬픈 일을 함께 이르는 말.""]",2,'도시민'은 '도시에서 사는 사람.'이라는 뜻입니다.
MF_DRY_C_G5-85e1f60f7edb514f,CONTEXT_MEANING,G5-85e1f60f7edb514f,도시민,명사,"다음 문장에서 표시된 낱말의 뜻으로 가장 알맞은 것은?

【도시민】들은 좁은 아파트에서 생활하는 경우가 많다.","[""유럽 서북부에 있는 나라 이름."", ""도시에서 사는 사람."", ""서로 다른 음을 맡은 세 사람이 함께 부르는 노래."", ""결혼이나 돌잔치처럼 축하할 일과 장례처럼 슬픈 일을 함께 이르는 말.""]",2,문장 속 '도시민'은 '도시에서 사는 사람.'을 뜻합니다.
MF_DRY_A_G5-35d7896d01fecab8,MEANING_CHOICE,G5-35d7896d01fecab8,동지애,명사,'동지애'의 뜻으로 가장 알맞은 것은?,"[""사춘기에 목소리가 변하는 시기."", ""날마다 흔히 사용함."", ""같은 목표를 가지고 함께 노력하는 사람들 사이의 끈끈한 정."", ""생각하고 연구해서 새로운 방법이나 물건이 만들어지다.""]",3,'동지애'는 '같은 목표를 가지고 함께 노력하는 사람들 사이의 끈끈한 정.'이라는 뜻입니다.
MF_DRY_C_G5-35d7896d01fecab8,CONTEXT_MEANING,G5-35d7896d01fecab8,동지애,명사,"다음 문장에서 표시된 낱말의 뜻으로 가장 알맞은 것은?

함께 훈련을 견뎌 낸 선수들 사이에는 끈끈한 【동지애】가 생겼다.","[""사춘기에 목소리가 변하는 시기."", ""날마다 흔히 사용함."", ""같은 목표를 가지고 함께 노력하는 사람들 사이의 끈끈한 정."", ""생각하고 연구해서 새로운 방법이나 물건이 만들어지다.""]",3,문장 속 '동지애'는 '같은 목표를 가지고 함께 노력하는 사람들 사이의 끈끈한 정.'을 뜻합니다.
MF_DRY_A_G5-978789e2dc690091,MEANING_CHOICE,G5-978789e2dc690091,뒤룩뒤룩,부사,'뒤룩뒤룩'의 뜻으로 가장 알맞은 것은?,"[""나라를 위해 힘쓰고 백성을 편안하게 살게 하는 일."", ""셋이나 넷쯤 되는 수."", ""새의 몸속에서 공기가 드나드는 얇은 주머니 모양의 기관으로, 몸을 가볍게 뜨도록 돕는다."", ""살이 많이 올라 뚱뚱하고 출렁거리는 모양.""]",4,'뒤룩뒤룩'은 '살이 많이 올라 뚱뚱하고 출렁거리는 모양.'이라는 뜻입니다.
MF_DRY_C_G5-978789e2dc690091,CONTEXT_MEANING,G5-978789e2dc690091,뒤룩뒤룩,부사,"다음 문장에서 표시된 낱말의 뜻으로 가장 알맞은 것은?

오랜만에 만난 강아지는 살이 【뒤룩뒤룩】 쪄 있었다.","[""나라를 위해 힘쓰고 백성을 편안하게 살게 하는 일."", ""셋이나 넷쯤 되는 수."", ""새의 몸속에서 공기가 드나드는 얇은 주머니 모양의 기관으로, 몸을 가볍게 뜨도록 돕는다."", ""살이 많이 올라 뚱뚱하고 출렁거리는 모양.""]",4,문장 속 '뒤룩뒤룩'은 '살이 많이 올라 뚱뚱하고 출렁거리는 모양.'을 뜻합니다.
MF_DRY_A_G5-4d4e81d64548e5c4,MEANING_CHOICE,G5-4d4e81d64548e5c4,면회하다,동사,'면회하다'의 뜻으로 가장 알맞은 것은?,"[""군대나 병원처럼 쉽게 드나들 수 없는 곳에 찾아가서 그 안에 있는 사람을 만나 보다."", ""부유한 사람들이 많이 사는 마을이나 지역."", ""소송을 진행하고 재판을 받기 위해 드는 비용."", ""학교에서 가르치는 선생님과 학교 일을 돕는 직원을 모두 합쳐 이르는 말.""]",1,'면회하다'는 '군대나 병원처럼 쉽게 드나들 수 없는 곳에 찾아가서 그 안에 있는 사람을 만나 보다.'라는 뜻입니다.
MF_DRY_C_G5-4d4e81d64548e5c4,CONTEXT_MEANING,G5-4d4e81d64548e5c4,면회하다,동사,"다음 문장에서 표시된 낱말의 뜻으로 가장 알맞은 것은?

주말에 군대에 간 형을 【면회하러】 다녀왔다.","[""군대나 병원처럼 쉽게 드나들 수 없는 곳에 찾아가서 그 안에 있는 사람을 만나 보다."", ""부유한 사람들이 많이 사는 마을이나 지역."", ""소송을 진행하고 재판을 받기 위해 드는 비용."", ""학교에서 가르치는 선생님과 학교 일을 돕는 직원을 모두 합쳐 이르는 말.""]",1,문장 속 '면회하러'는 '군대나 병원처럼 쉽게 드나들 수 없는 곳에 찾아가서 그 안에 있는 사람을 만나 보다.'를 뜻합니다.
MF_DRY_A_G5-be52d7e48cccce04,MEANING_CHOICE,G5-be52d7e48cccce04,모기약,명사,'모기약'의 뜻으로 가장 알맞은 것은?,"[""여러 사람이 자유롭게 의견을 내면서 좋은 생각을 찾아내는 방법."", ""모기를 쫓거나 없애기 위해 쓰는 약."", ""낡거나 허물어진 집이나 건물을 다시 짓거나 고쳐 쌓는 일."", ""나라를 지키기 위한 군사적인 힘.""]",2,'모기약'은 '모기를 쫓거나 없애기 위해 쓰는 약.'이라는 뜻입니다.
MF_DRY_C_G5-be52d7e48cccce04,CONTEXT_MEANING,G5-be52d7e48cccce04,모기약,명사,"다음 문장에서 표시된 낱말의 뜻으로 가장 알맞은 것은?

여름밤에는 【모기약】을 뿌리고 자야 편하게 잘 수 있다.","[""여러 사람이 자유롭게 의견을 내면서 좋은 생각을 찾아내는 방법."", ""모기를 쫓거나 없애기 위해 쓰는 약."", ""낡거나 허물어진 집이나 건물을 다시 짓거나 고쳐 쌓는 일."", ""나라를 지키기 위한 군사적인 힘.""]",2,문장 속 '모기약'은 '모기를 쫓거나 없애기 위해 쓰는 약.'을 뜻합니다.
MF_DRY_A_G5-6fbf37d42d4be6ae,MEANING_CHOICE,G5-6fbf37d42d4be6ae,밥투정,명사,'밥투정'의 뜻으로 가장 알맞은 것은?,"[""사람을 죽이거나 다치게 하다."", ""무엇을 직접 보고 배우러 가기 위해 모인 사람들의 모임."", ""밥을 먹기 싫어하거나 반찬이 마음에 안 든다고 짜증을 부리는 일."", ""몸이 마르거나 건강이 안 좋아서 피부나 털에 윤기가 없고 거칠다.""]",3,'밥투정'은 '밥을 먹기 싫어하거나 반찬이 마음에 안 든다고 짜증을 부리는 일.'이라는 뜻입니다.
MF_DRY_C_G5-6fbf37d42d4be6ae,CONTEXT_MEANING,G5-6fbf37d42d4be6ae,밥투정,명사,"다음 문장에서 표시된 낱말의 뜻으로 가장 알맞은 것은?

동생은 채소가 들어간 반찬을 보더니 【밥투정】을 부렸다.","[""사람을 죽이거나 다치게 하다."", ""무엇을 직접 보고 배우러 가기 위해 모인 사람들의 모임."", ""밥을 먹기 싫어하거나 반찬이 마음에 안 든다고 짜증을 부리는 일."", ""몸이 마르거나 건강이 안 좋아서 피부나 털에 윤기가 없고 거칠다.""]",3,문장 속 '밥투정'은 '밥을 먹기 싫어하거나 반찬이 마음에 안 든다고 짜증을 부리는 일.'을 뜻합니다.
MF_DRY_A_G5-c26610ca828c6022,MEANING_CHOICE,G5-c26610ca828c6022,범행자,명사,'범행자'의 뜻으로 가장 알맞은 것은?,"[""서로 다른 음을 맡은 세 사람이 함께 부르는 노래."", ""결혼이나 돌잔치처럼 축하할 일과 장례처럼 슬픈 일을 함께 이르는 말."", ""가을이나 겨울에 잎이 떨어지고 봄이 되면 새잎이 다시 나는 나무."", ""범죄를 저지른 사람.""]",4,'범행자'는 '범죄를 저지른 사람.'이라는 뜻입니다.
MF_DRY_C_G5-c26610ca828c6022,CONTEXT_MEANING,G5-c26610ca828c6022,범행자,명사,"다음 문장에서 표시된 낱말의 뜻으로 가장 알맞은 것은?

경찰은 【범행자】의 행적을 CCTV로 추적했다.","[""서로 다른 음을 맡은 세 사람이 함께 부르는 노래."", ""결혼이나 돌잔치처럼 축하할 일과 장례처럼 슬픈 일을 함께 이르는 말."", ""가을이나 겨울에 잎이 떨어지고 봄이 되면 새잎이 다시 나는 나무."", ""범죄를 저지른 사람.""]",4,문장 속 '범행자'는 '범죄를 저지른 사람.'을 뜻합니다.
MF_DRY_A_G5-0fa0e0a975e55d66,MEANING_CHOICE,G5-0fa0e0a975e55d66,벨기에,명사,'벨기에'의 뜻으로 가장 알맞은 것은?,"[""유럽 서북부에 있는 나라 이름."", ""날마다 흔히 사용함."", ""생각하고 연구해서 새로운 방법이나 물건이 만들어지다."", ""야구에서 1루, 2루, 3루, 유격 자리를 지키는 선수를 통틀어 이르는 말.""]",1,'벨기에'는 '유럽 서북부에 있는 나라 이름.'이라는 뜻입니다.
MF_DRY_C_G5-0fa0e0a975e55d66,CONTEXT_MEANING,G5-0fa0e0a975e55d66,벨기에,명사,"다음 문장에서 표시된 낱말의 뜻으로 가장 알맞은 것은?

【벨기에】는 네덜란드, 프랑스와 가까운 유럽의 나라이다.","[""유럽 서북부에 있는 나라 이름."", ""날마다 흔히 사용함."", ""생각하고 연구해서 새로운 방법이나 물건이 만들어지다."", ""야구에서 1루, 2루, 3루, 유격 자리를 지키는 선수를 통틀어 이르는 말.""]",1,문장 속 '벨기에'는 '유럽 서북부에 있는 나라 이름.'을 뜻합니다.
MF_DRY_A_G5-effce8eb3869356c,MEANING_CHOICE,G5-effce8eb3869356c,변성기,명사,'변성기'의 뜻으로 가장 알맞은 것은?,"[""셋이나 넷쯤 되는 수."", ""사춘기에 목소리가 변하는 시기."", ""새의 몸속에서 공기가 드나드는 얇은 주머니 모양의 기관으로, 몸을 가볍게 뜨도록 돕는다."", ""화가 날 만큼 분하거나 섭섭한 마음을 가지다.""]",2,'변성기'는 '사춘기에 목소리가 변하는 시기.'라는 뜻입니다.
MF_DRY_C_G5-effce8eb3869356c,CONTEXT_MEANING,G5-effce8eb3869356c,변성기,명사,"다음 문장에서 표시된 낱말의 뜻으로 가장 알맞은 것은?

【변성기】를 겪으면서 형의 목소리가 많이 낮아졌다.","[""셋이나 넷쯤 되는 수."", ""사춘기에 목소리가 변하는 시기."", ""새의 몸속에서 공기가 드나드는 얇은 주머니 모양의 기관으로, 몸을 가볍게 뜨도록 돕는다."", ""화가 날 만큼 분하거나 섭섭한 마음을 가지다.""]",2,문장 속 '변성기'는 '사춘기에 목소리가 변하는 시기.'를 뜻합니다.
MF_DRY_A_G5-8eb7191f007f9d70,MEANING_CHOICE,G5-8eb7191f007f9d70,보국안민,명사,'보국안민'의 뜻으로 가장 알맞은 것은?,"[""소송을 진행하고 재판을 받기 위해 드는 비용."", ""학교에서 가르치는 선생님과 학교 일을 돕는 직원을 모두 합쳐 이르는 말."", ""나라를 위해 힘쓰고 백성을 편안하게 살게 하는 일."", ""원래 길게 내는 소리와 달리 짧게 내는 소리.""]",3,'보국안민'은 '나라를 위해 힘쓰고 백성을 편안하게 살게 하는 일.'이라는 뜻입니다.
MF_DRY_C_G5-8eb7191f007f9d70,CONTEXT_MEANING,G5-8eb7191f007f9d70,보국안민,명사,"다음 문장에서 표시된 낱말의 뜻으로 가장 알맞은 것은?

동학 농민 운동은 【보국안민】을 외치며 일어난 사건이다.","[""소송을 진행하고 재판을 받기 위해 드는 비용."", ""학교에서 가르치는 선생님과 학교 일을 돕는 직원을 모두 합쳐 이르는 말."", ""나라를 위해 힘쓰고 백성을 편안하게 살게 하는 일."", ""원래 길게 내는 소리와 달리 짧게 내는 소리.""]",3,문장 속 '보국안민'은 '나라를 위해 힘쓰고 백성을 편안하게 살게 하는 일.'을 뜻합니다.
MF_DRY_A_G5-92af004a38b66494,MEANING_CHOICE,G5-92af004a38b66494,부촌,명사,'부촌'의 뜻으로 가장 알맞은 것은?,"[""낡거나 허물어진 집이나 건물을 다시 짓거나 고쳐 쌓는 일."", ""나라를 지키기 위한 군사적인 힘."", ""크고 작은 정도. 또는 큰 것과 작은 것."", ""부유한 사람들이 많이 사는 마을이나 지역.""]",4,'부촌'은 '부유한 사람들이 많이 사는 마을이나 지역.'이라는 뜻입니다.
MF_DRY_C_G5-92af004a38b66494,CONTEXT_MEANING,G5-92af004a38b66494,부촌,명사,"다음 문장에서 표시된 낱말의 뜻으로 가장 알맞은 것은?

그 동네는 큰 저택들이 많아 【부촌】으로 알려져 있다.","[""낡거나 허물어진 집이나 건물을 다시 짓거나 고쳐 쌓는 일."", ""나라를 지키기 위한 군사적인 힘."", ""크고 작은 정도. 또는 큰 것과 작은 것."", ""부유한 사람들이 많이 사는 마을이나 지역.""]",4,문장 속 '부촌'은 '부유한 사람들이 많이 사는 마을이나 지역.'을 뜻합니다.
MF_DRY_A_G5-2df2bb0b3bb9a077,MEANING_CHOICE,G5-2df2bb0b3bb9a077,브레인스토밍,명사,'브레인스토밍'의 뜻으로 가장 알맞은 것은?,"[""여러 사람이 자유롭게 의견을 내면서 좋은 생각을 찾아내는 방법."", ""무엇을 직접 보고 배우러 가기 위해 모인 사람들의 모임."", ""몸이 마르거나 건강이 안 좋아서 피부나 털에 윤기가 없고 거칠다."", ""도시에서 사는 사람.""]",1,'브레인스토밍'은 '여러 사람이 자유롭게 의견을 내면서 좋은 생각을 찾아내는 방법.'이라는 뜻입니다.
MF_DRY_C_G5-2df2bb0b3bb9a077,CONTEXT_MEANING,G5-2df2bb0b3bb9a077,브레인스토밍,명사,"다음 문장에서 표시된 낱말의 뜻으로 가장 알맞은 것은?

모둠 활동을 시작하기 전에 【브레인스토밍】으로 다양한 의견을 모았다.","[""여러 사람이 자유롭게 의견을 내면서 좋은 생각을 찾아내는 방법."", ""무엇을 직접 보고 배우러 가기 위해 모인 사람들의 모임."", ""몸이 마르거나 건강이 안 좋아서 피부나 털에 윤기가 없고 거칠다."", ""도시에서 사는 사람.""]",1,문장 속 '브레인스토밍'은 '여러 사람이 자유롭게 의견을 내면서 좋은 생각을 찾아내는 방법.'을 뜻합니다.
MF_DRY_A_G5-795351a35677b337,MEANING_CHOICE,G5-795351a35677b337,살상하다,동사,'살상하다'의 뜻으로 가장 알맞은 것은?,"[""결혼이나 돌잔치처럼 축하할 일과 장례처럼 슬픈 일을 함께 이르는 말."", ""사람을 죽이거나 다치게 하다."", ""가을이나 겨울에 잎이 떨어지고 봄이 되면 새잎이 다시 나는 나무."", ""같은 목표를 가지고 함께 노력하는 사람들 사이의 끈끈한 정.""]",2,'살상하다'는 '사람을 죽이거나 다치게 하다.'라는 뜻입니다.
MF_DRY_C_G5-795351a35677b337,CONTEXT_MEANING,G5-795351a35677b337,살상하다,동사,"다음 문장에서 표시된 낱말의 뜻으로 가장 알맞은 것은?

그 무기는 많은 사람을 【살상할】 수 있어 국제적으로 사용이 금지되었다.","[""결혼이나 돌잔치처럼 축하할 일과 장례처럼 슬픈 일을 함께 이르는 말."", ""사람을 죽이거나 다치게 하다."", ""가을이나 겨울에 잎이 떨어지고 봄이 되면 새잎이 다시 나는 나무."", ""같은 목표를 가지고 함께 노력하는 사람들 사이의 끈끈한 정.""]",2,문장 속 '살상할'은 '사람을 죽이거나 다치게 하다.'를 뜻합니다.
MF_DRY_A_G5-dd925e505c88b4a6,MEANING_CHOICE,G5-dd925e505c88b4a6,삼중창,명사,'삼중창'의 뜻으로 가장 알맞은 것은?,"[""생각하고 연구해서 새로운 방법이나 물건이 만들어지다."", ""야구에서 1루, 2루, 3루, 유격 자리를 지키는 선수를 통틀어 이르는 말."", ""서로 다른 음을 맡은 세 사람이 함께 부르는 노래."", ""살이 많이 올라 뚱뚱하고 출렁거리는 모양.""]",3,'삼중창'은 '서로 다른 음을 맡은 세 사람이 함께 부르는 노래.'라는 뜻입니다.
MF_DRY_C_G5-dd925e505c88b4a6,CONTEXT_MEANING,G5-dd925e505c88b4a6,삼중창,명사,"다음 문장에서 표시된 낱말의 뜻으로 가장 알맞은 것은?

합창 대회에서 세 친구가 아름다운 【삼중창】을 선보였다.","[""생각하고 연구해서 새로운 방법이나 물건이 만들어지다."", ""야구에서 1루, 2루, 3루, 유격 자리를 지키는 선수를 통틀어 이르는 말."", ""서로 다른 음을 맡은 세 사람이 함께 부르는 노래."", ""살이 많이 올라 뚱뚱하고 출렁거리는 모양.""]",3,문장 속 '삼중창'은 '서로 다른 음을 맡은 세 사람이 함께 부르는 노래.'를 뜻합니다.
MF_DRY_A_G5-9ebfb75821a2164a,MEANING_CHOICE,G5-9ebfb75821a2164a,상용,명사,'상용'의 뜻으로 가장 알맞은 것은?,"[""새의 몸속에서 공기가 드나드는 얇은 주머니 모양의 기관으로, 몸을 가볍게 뜨도록 돕는다."", ""화가 날 만큼 분하거나 섭섭한 마음을 가지다."", ""군대나 병원처럼 쉽게 드나들 수 없는 곳에 찾아가서 그 안에 있는 사람을 만나 보다."", ""날마다 흔히 사용함.""]",4,'상용'은 '날마다 흔히 사용함.'이라는 뜻입니다.
MF_DRY_C_G5-9ebfb75821a2164a,CONTEXT_MEANING,G5-9ebfb75821a2164a,상용,명사,"다음 문장에서 표시된 낱말의 뜻으로 가장 알맞은 것은?

이 표현은 뉴스에서도 【상용】으로 쓰이는 말이다.","[""새의 몸속에서 공기가 드나드는 얇은 주머니 모양의 기관으로, 몸을 가볍게 뜨도록 돕는다."", ""화가 날 만큼 분하거나 섭섭한 마음을 가지다."", ""군대나 병원처럼 쉽게 드나들 수 없는 곳에 찾아가서 그 안에 있는 사람을 만나 보다."", ""날마다 흔히 사용함.""]",4,문장 속 '상용'은 '날마다 흔히 사용함.'을 뜻합니다.
MF_DRY_A_G5-7553747fc991504b,MEANING_CHOICE,G5-7553747fc991504b,서넛,수사,'서넛'의 뜻으로 가장 알맞은 것은?,"[""셋이나 넷쯤 되는 수."", ""학교에서 가르치는 선생님과 학교 일을 돕는 직원을 모두 합쳐 이르는 말."", ""원래 길게 내는 소리와 달리 짧게 내는 소리."", ""모기를 쫓거나 없애기 위해 쓰는 약.""]",1,'서넛'은 '셋이나 넷쯤 되는 수.'라는 뜻입니다.
MF_DRY_C_G5-7553747fc991504b,CONTEXT_MEANING,G5-7553747fc991504b,서넛,수사,"다음 문장에서 표시된 낱말의 뜻으로 가장 알맞은 것은?

교실에는 아직 【서넛】 정도의 학생만 남아 있었다.","[""셋이나 넷쯤 되는 수."", ""학교에서 가르치는 선생님과 학교 일을 돕는 직원을 모두 합쳐 이르는 말."", ""원래 길게 내는 소리와 달리 짧게 내는 소리."", ""모기를 쫓거나 없애기 위해 쓰는 약.""]",1,문장 속 '서넛'은 '셋이나 넷쯤 되는 수.'를 뜻합니다.
MF_DRY_A_G5-5047276d84610bfb,MEANING_CHOICE,G5-5047276d84610bfb,소송비,명사,'소송비'의 뜻으로 가장 알맞은 것은?,"[""나라를 지키기 위한 군사적인 힘."", ""소송을 진행하고 재판을 받기 위해 드는 비용."", ""크고 작은 정도. 또는 큰 것과 작은 것."", ""밥을 먹기 싫어하거나 반찬이 마음에 안 든다고 짜증을 부리는 일.""]",2,'소송비'는 '소송을 진행하고 재판을 받기 위해 드는 비용.'이라는 뜻입니다.
MF_DRY_C_G5-5047276d84610bfb,CONTEXT_MEANING,G5-5047276d84610bfb,소송비,명사,"다음 문장에서 표시된 낱말의 뜻으로 가장 알맞은 것은?

【소송비】가 많이 들어 합의로 문제를 해결하기로 했다.","[""나라를 지키기 위한 군사적인 힘."", ""소송을 진행하고 재판을 받기 위해 드는 비용."", ""크고 작은 정도. 또는 큰 것과 작은 것."", ""밥을 먹기 싫어하거나 반찬이 마음에 안 든다고 짜증을 부리는 일.""]",2,문장 속 '소송비'는 '소송을 진행하고 재판을 받기 위해 드는 비용.'을 뜻합니다.
