candidate_id,lemma,pos,homonym_number,judgment,rationale,reviewed_at,stale,specialized_domain_flag,polysemy_risk_flag,proper_noun_risk_flag,official_meaning_short
G5-01725eddae69e013,팩,부사,2,L4,,2026-10-01 07:35:52,N,0,1,0,"「1」작은 몸집으로 지지 아니하려고 강퍅하게 대드는 모양.
「2」갑자기 성을 내는 모양.
「3」갑자기 방향을 돌리는 모양.
「4」순간적으로 머리를 기지 있게 쓰거나 생각이 잘 떠오르는 모양."
G5-040795386d94973e,차렷하다,동사,0,L3,,2026-10-01 07:35:10,N,0,0,0,차렷 자세를 취하다.
G5-04c5b7256a520ffc,화전민,명사,0,L3,,2026-10-01 07:36:22,N,1,0,0,화전을 일구어 농사를 짓는 사람.
G5-06fbed8fcc30dc90,도르르,부사,1,L3,,2026-10-01 07:27:42,N,0,1,0,폭이 좁은 종이 따위가 탄력 있게 말리는 모양.
G5-0839f66c2ea53a97,성좌,명사,1,L4,,2026-10-01 07:32:10,N,1,0,0,"별의 위치를 정하기 위하여 밝은 별을 중심으로 천구(天球)를 몇 부분으로 나눈 것. 동물, 물건, 신화에 나오는 인물의 이름이 붙여져 있다. 고대 중국에서는 이십팔수로 나누었으나 오늘날에는 88개의 별자리로 통일되어 있다. 큰곰자리, 오리온자리 따위가 있다."
G5-084929035943b0bd,발전기,명사,1,L3,,2026-10-01 07:29:42,N,0,1,0,더 나은 단계로 나아가는 때.
G5-0b695941ae270b65,낙엽수,명사,0,L3,,2026-10-01 07:27:14,N,1,0,0,"가을이나 겨울에 잎이 떨어졌다가 봄에 새잎이 나는 나무를 통틀어 이르는 말. 오리나무, 참나무 따위이다."
G5-0fa0e0a975e55d66,벨기에,명사,0,L3,,2026-10-01 07:30:03,N,1,0,0,"유럽 서북부에 있는 입헌 군주국. 1830년에 네덜란드에서 독립하였다. 석탄이 풍부하고 농업과 공업이 매우 발달하였으며 주민은 게르만계이고 주요 언어는 네덜란드어와 프랑스어이다. 수도는 브뤼셀, 면적은 3만 514㎢."
G5-100f458100a9d8fb,마늘종,명사,0,L4,,2026-10-01 07:28:28,N,0,0,0,마늘의 꽃줄기. 연한 것은 쪄 먹거나 장아찌로 만들어 먹는다.
G5-1db1883c75c2d50a,성싶다,보조 형용사,0,L4,,2026-10-01 07:32:05,N,0,0,0,앞말이 뜻하는 상태를 어느 정도 느끼고 있거나 짐작함을 나타내는 말.
G5-1fa1f8a3b75321d7,소맥분,명사,0,L4,,2026-10-01 07:32:16,N,0,0,0,밀을 빻아 만든 가루.
G5-2007e54a3970cc0b,상서롭다,형용사,0,L4,,2026-10-01 07:31:18,N,0,0,0,복되고 길한 일이 일어날 조짐이 있다.
G5-22a690bb519bce1b,산발치,명사,0,L4,,2026-10-01 07:31:03,N,0,0,0,산의 아랫부분.
G5-24f9f70b64fbfd3c,동판화,명사,0,L4,,2026-10-01 07:28:09,N,1,0,0,동판에 새긴 그림. 또는 동판으로 찍은 그림.
G5-25ba52eb835b5d79,품팔이,명사,0,L3,,2026-10-01 07:35:58,N,0,0,0,품삯을 받고 남의 일을 해 주는 일. 또는 그런 사람.
G5-28d404829adc5577,무용하다,형용사,1,L3,,2026-10-01 07:29:31,N,0,0,0,"「1」쓸모가 없다.
「2」볼일이 없다."
G5-2afba88d26d3b620,마지않다,보조 동사,0,L4,,2026-10-01 07:28:32,N,0,0,0,‘마지아니하다’의 준말.
G5-2df2bb0b3bb9a077,브레인스토밍,명사,0,L3,,2026-10-01 07:30:46,N,0,0,0,자유로운 토론으로 창조적인 아이디어를 끌어내는 일. 기업의 기획 회의에서 아이디어 개발 방식의 하나로 사용한다.
G5-2ec00f40649615b7,의창,명사,2,L4,,2026-10-01 07:33:32,N,1,0,0,"고려 시대에, 곡식을 저장하여 두었다가 흉년이나 비상 때에 가난한 백성들에게 대여하던 기관. 성종 5년(986)에 흑창(黑倉)을 고친 것으로, 처음에는 순수한 구호 기관으로 출발하였으나 나중에는 이자를 붙여 받는 대여 기관이 됨에 따라 관리들이 백성들을 착취하는 기관으로 전락하였다."
G5-2f891def41c1e963,생명수,명사,1,L3,,2026-10-01 07:31:25,N,1,0,0,"「1」생명을 살리는 물.
「2」영원한 영적 생명에 필요한 물이라는 뜻으로, 하나님의 복음을 비유적으로 이르는 말."
G5-2fd478453d644311,자책감,명사,0,L3,,2026-10-01 07:33:54,N,0,0,0,자신의 결함이나 잘못에 대하여 깊이 뉘우치고 자신을 책망하는 마음.
G5-33e172c1fb916e0d,의혹하다,동사,0,L3,,2026-10-01 07:33:35,N,0,0,0,의심하여 수상히 여기다.
G5-348ec1fbafbe03a9,암만하다,동사,0,L4,,2026-10-01 07:32:40,N,0,0,0,"「1」이러저러하게 애를 쓰거나 노력을 들이다.
「2」이리저리 생각하여 보다."
G5-35d7896d01fecab8,동지애,명사,0,L3,,2026-10-01 07:28:04,N,0,0,0,목적과 뜻을 같이하는 사람끼리의 사랑.
G5-3614e4f1ad2da304,적시타,명사,0,L4,,2026-10-01 07:34:22,N,1,0,0,"야구에서, 누상에 주자가 있을 때 타점을 올리는 안타."
G5-36f40d4775d9e761,희희낙락거리다,동사,0,L3,,2026-10-01 07:36:30,N,0,0,0,계속 매우 기뻐하고 즐거워하다.
G5-37ab89103f8c1de7,부활절,명사,0,L3,,2026-10-01 07:30:35,N,1,0,0,"「1」예수의 부활을 기념하는 축일. 춘분(春分) 뒤의 첫 만월(滿月) 다음에 오는 일요일이다.
「2」부활 주일로부터 일주일 또는 50일 동안의 기간."
G5-37bfdbe7465049a9,캘커타,명사,0,L4,,2026-10-01 07:35:35,N,1,0,0,‘콜카타’의 전 이름.
G5-3a3fa28212cbd5ef,치어,명사,2,L3,,2026-10-01 07:35:29,N,0,0,0,알에서 깬 지 얼마 안 되는 어린 물고기.
G5-3aedc662710832d4,순서도,명사,0,L3,,2026-10-01 07:32:30,N,1,0,0,"컴퓨터로 처리하고자 하는 문제를 분석하고 그 처리 순서를 단계화하여, 상호 간의 관계를 알기 쉽게 약속된 기호와 도형을 써서 나타낸 그림."
G5-3e166437d3525d91,연방,명사,8,L4,,2026-10-01 07:32:47,N,1,0,0,"자치권을 가진 다수의 나라가 공통의 정치 이념 아래에서 연합하여 구성하는 국가. 개별 구성국은 자체의 국내법에 따르되, 연방 국가는 국제법상의 외교권을 갖는 단일의 주권 국가이다. 미국, 독일, 스위스 등이 여기에 속한다."
G5-402f9c0c64136e9e,천고,명사,1,L4,,2026-10-01 07:35:17,N,0,0,0,"「1」아주 먼 옛적.
「2」아주 오랜 세월 동안.
「3」오랜 세월을 통하여 그 종류가 드문 일."
G5-41a528d6394ba219,보리수나무,명사,0,L4,,2026-10-01 07:30:27,N,1,0,0,"보리수나뭇과의 낙엽 관목. 높이는 3~4미터이며, 잎은 어긋나고 끝이 뾰족한 타원형에 톱니가 없다. 꽃은 5~6월에 1~3개씩 잎겨드랑이에서 누런 흰색으로 피고 열매는 팥알만 한 동글동글한 장과(漿果)로 초가을에 붉게 익는다. 열매는 식용하고 산울타리용으로 재배하기도 한다. 산과 들에 나는데 한국의 중부 이남, 일본, 중국, 인도 등지에 분포한다."
G5-41d7d493497694bb,조달,명사,3,L3,,2026-10-01 07:34:42,N,0,0,0,자금이나 물자 따위를 대어 줌.
G5-43238e3a751baddf,수사법,명사,0,L4,,2026-10-01 07:32:27,N,1,0,0,효과적ㆍ미적 표현을 위하여 문장과 언어를 꾸미는 방법.
G5-44a69a009f753aa8,타향,명사,1,L3,,2026-10-01 07:35:41,N,0,0,0,자기 고향이 아닌 고장.
G5-4561caf904dd8cfe,설피,명사,0,L4,,2026-10-01 07:31:32,N,0,0,0,"산간 지대에서, 눈에 빠지지 않도록 신 바닥에 대는 넓적한 덧신. 칡, 노, 새끼 따위로 얽어서 만든다."
G5-4d4e81d64548e5c4,면회하다,동사,2,L3,,2026-10-01 07:28:46,N,0,0,0,일반인의 출입이 제한되는 어떤 기관이나 집단생활을 하는 곳에 찾아가서 사람을 만나 보다.
G5-4e23b8f2082b588a,쾌속,명사,0,L3,,2026-10-01 07:35:38,N,0,0,0,속도가 매우 빠름. 또는 그 속도.
G5-5033b876a45aa218,저딴,관형사,0,L3,,2026-10-01 07:34:19,N,0,0,0,‘저따위[Ⅱ]’를 구어적으로 이르는 말.
G5-5047276d84610bfb,소송비,명사,0,L3,,2026-10-01 07:32:20,N,1,0,0,당사자가 소송을 수행하고 법원이 재판을 하기 위하여 지출하는 비용 가운데 민사 소송 비용법이나 형사 소송 비용 등에 관한 법률에서 정하고 있는 범위의 비용. 재판 비용과 당사자 비용 따위를 포함한다.
G5-5a623b21f6f73b62,이다,동사,2,L4,,2026-10-01 07:33:40,N,0,1,0,기와나 이엉 따위로 지붕 위를 덮다.
G5-5a852850f4ed0e6f,춘곤증,명사,0,L3,,2026-10-01 07:35:26,N,0,0,0,봄철에 나른하고 피로를 쉽게 느끼는 증상. 환경 변화에 몸이 적응하지 못하여 생긴다.
G5-5ad6bd69c1024a46,유효하다,형용사,0,L3,,2026-10-01 07:33:22,N,1,0,0,"「1」보람이나 효과가 있다.
「2」법률적 행위가 당사자나 법률이 의도한 본래의 효과가 있다."
G5-6157838a22ae3d2b,멍군,명사/감탄사,0,L3,,2026-10-01 07:28:35,N,1,0,0,"[Ⅰ]장기에서, 장군을 받아 막는 수.
[Ⅱ]장기에서, 장군을 받아 막으려고 말을 놓을 때 하는 말."
G5-6466cefcb6f43e77,조,의존 명사,12,L4,,2026-10-01 07:34:38,N,0,1,0,"「1」‘조목’이나 ‘조항’의 뜻을 나타내는 말.
「2」어떤 명목이나 조건."
G5-691a964ace5eef18,리비아,명사,0,L4,,2026-10-01 07:28:18,N,1,0,0,"아프리카 북부 지중해 연안에 있는 공화국. 1951년 이탈리아에서 왕국으로 독립하였으며 1969년 공화제가 되었다. 국토의 대부분이 사막인 국가로, 양과 염소를 유목하는 세계적인 산유국이다. 주민은 아랍인이고 주요 언어는 아랍어이다. 수도는 트리폴리, 면적은 175만 9537㎢."
G5-69cf854ee18aa3f1,고것,대명사,0,L3,,2026-10-01 07:26:32,N,0,0,0,"「1」‘그것「1」’을 낮잡아 이르거나 귀엽게 이르는 말.
「2」‘그것「2」’을 낮잡아 이르거나 귀엽게 이르는 말.
「3」‘고 사람’을 낮잡아 이르는 삼인칭 대명사.
「4」‘고 아이’를 귀엽게 이르는 삼인칭 대명사."
G5-69d419978e0cf85e,합죽선,명사,0,L4,,2026-10-01 07:36:04,N,0,0,0,"얇게 깎은 겉대를 맞붙여서 살을 만든, 접었다 폈다 하게 된 부채."
G5-6de00460b8d3f2ed,유공자,명사,0,L3,,2026-10-01 07:33:18,N,0,0,0,공로가 있는 사람.
G5-6e330f8625937b4b,조반,명사,4,L4,,2026-10-01 07:34:46,N,0,0,0,아침 끼니로 먹는 밥.
G5-6f29f2db8bd5047a,원생,명사,2,L3,,2026-10-01 07:33:16,N,1,0,0,"「1」소년원, 감화원 따위와 같이 ‘-원19’(院) 자가 붙은 기관에 수용되어 있는 사람.
「2」‘-원19’(院) 자가 붙은 기관이나 학교에서 배우는 사람.
「3」조선 중기 이후, 서원(書院)에 딸린 유생을 이르던 말."
G5-6fbf37d42d4be6ae,밥투정,명사,0,L3,,2026-10-01 07:29:45,N,0,0,0,밥이 먹기 싫어서 또는 밥을 더 달라며 짜증을 부리는 일.
G5-72abbffade28c040,대입,품사 없음,1,L3,,2026-10-01 07:27:33,N,0,0,0,‘대학교 입학’이 줄어든 말.
G5-7553747fc991504b,서넛,수사,0,L3,,2026-10-01 07:31:28,N,0,0,0,셋이나 넷쯤 되는 수.
G5-75db47a8af772ebf,경제인,명사,0,L3,,2026-10-01 07:25:58,N,1,0,0,"「1」경제계에서 활동하는 사람.
「2」경제 원칙에 따라 최대 이윤을 꾀하여 합리적으로 행동하는 인간상.
「3」윤리적이거나 종교적인 동기와 같은 외적 동기에 영향을 받지 않고 순전히 자신의 경제적인 이득만을 위하여 행동하는 사람."
G5-795351a35677b337,살상하다,동사,0,L3,,2026-10-01 07:31:10,N,0,0,0,사람을 죽이거나 상처를 입히다.
G5-7f73a436a64e023d,자전축,명사,0,L3,,2026-10-01 07:33:48,N,1,0,0,천체(天體)가 자전할 때 중심이 되는 축.
G5-80c717622f097d44,해명하다,동사,0,L3,,2026-10-01 07:36:10,N,0,0,0,까닭이나 내용을 풀어서 밝히다.
G5-81553c0dff4e02aa,깜짝거리다,동사,1,L4,,2026-10-01 07:27:10,N,0,0,0,눈이 자꾸 살짝 감겼다 뜨였다 하다. 또는 그렇게 되게 하다. ‘깜작거리다’보다 센 느낌을 준다.
G5-81fe200c24117ec5,혈세,명사,2,L3,,2026-10-01 07:36:19,N,0,0,0,"「1」가혹한 조세.
「2」피와 같은 세금이라는 뜻으로, 귀중한 세금을 비유적으로 이르는 말."
G5-82462e20f850e89d,구상도,명사,0,L4,,2026-10-01 07:26:55,N,0,0,0,"「1」계획한 생각을 표현하는 바탕이 될 그림이나 도면.
「2」주제와 표현 형식에 따라 제작 순서를 계획적으로 진행하여 마무리한 그림.
「3」아동화의 하나. 구상에 따라 부분적인 스케치를 시켜 공동으로 구성한 그림이다."
G5-85e1f60f7edb514f,도시민,명사,0,L3,,2026-10-01 07:27:49,N,0,0,0,도시에 사는 국민.
G5-86ac65ab170bf93b,고안되다,동사,0,L3,,2026-10-01 07:26:41,N,0,0,0,연구하여 새로운 안이 나오다.
G5-8b5bf85d6ee5c386,저능아,명사,0,L3,,2026-10-01 07:33:59,N,0,0,0,지능이 떨어지는 아이를 낮잡아 이르는 말.
G5-8ce1ebfbf28902b8,개축,명사,0,L3,,2026-10-01 07:25:28,N,0,0,0,집이나 축조물 따위가 허물어지거나 낡아서 새로 짓거나 고쳐 쌓음.
G5-8dc227085473c585,하오,명사,3,L4,,2026-10-01 07:36:01,N,0,0,0,낮 열두 시부터 밤 열두 시까지의 시간.
G5-8eb7191f007f9d70,보국안민,명사,0,L3,,2026-10-01 07:30:16,N,0,0,0,나랏일을 돕고 백성을 편안하게 함.
G5-9050b15f83fa1e98,국방력,명사,0,L3,,2026-10-01 07:26:58,N,0,0,0,국토방위를 위한 군사적 힘.
G5-905ab8dffc17990c,정보비,명사,0,L4,,2026-10-01 07:34:33,N,0,0,0,정보 활동을 하는 데 드는 경비.
G5-92af004a38b66494,부촌,명사,0,L3,,2026-10-01 07:30:32,N,0,0,0,부자가 많이 사는 마을.
G5-9407574f98d8223a,종잡다,동사,0,L3,,2026-10-01 07:34:55,N,0,0,0,대중으로 헤아려 잡다.
G5-95486a515505d9c7,불여우,명사,0,L3,,2026-10-01 07:30:40,N,0,0,0,"몹시 변덕스럽고 못된, 꾀가 많은 여자를 비유적으로 이르는 말."
G5-95b7dd4ace059499,회답서,명사,0,L4,,2026-10-01 07:36:25,N,0,0,0,물음이나 편지 따위에 반응하는 글.
G5-9a8bb8abc0cfa4da,탄생석,명사,0,L3,,2026-10-01 07:35:47,N,0,0,0,태어난 달을 상징하는 보석. 행운을 불러들인다고 하여 몸에 지닌다.
G5-a1d45cd61a3f5e0b,지근지근,부사,2,L3,,2026-10-01 07:35:07,N,0,0,0,머리가 자꾸 쑤시듯 아픈 모양.
G5-a73d584594fadecb,비장,명사,6,L4,,2026-10-01 07:30:50,N,1,1,0,"척추동물의 림프 계통 기관. 위(胃)의 왼쪽이나 뒤쪽에 있으며, 오래된 적혈구나 혈소판을 파괴하거나 림프구를 만들어 내는 작용을 한다."
G5-ab0a37f0461f391b,축하문,명사,0,L3,,2026-10-01 07:35:23,N,0,0,0,축하하는 뜻을 나타내기 위하여 적은 글.
G5-b03ce361da20f505,영인본,명사,0,L4,,2026-10-01 07:32:58,N,1,0,0,원본을 사진이나 기타의 과학적 방법으로 복제한 인쇄물.
G5-ba399454712d85f7,빼다,동사,3,L3,,2026-10-01 07:31:00,N,0,1,0,"「1」두렵거나 싫어서 하지 아니하려고 하다.
「2」(속되게) 피하여 달아나다."
G5-ba4c83e7811f8be7,답사하다,동사,1,L4,,2026-10-01 07:27:26,N,1,1,0,"「1」진상(進上)한 물건에 대하여 그 답례로 물건값을 주다.
「2」조선 시대에, 일본의 봉건 제후나 야인(野人)의 추장이 토산물을 바쳐 올 때, 그 물건값을 하사(下賜)하다."
G5-bc3d3e5746938ca4,교직원,명사,0,L3,,2026-10-01 07:26:51,N,0,0,0,학교의 교원 및 사무 직원.
G5-c0085da6adae9d1a,연역적,명사/관형사,0,L4,,2026-10-01 07:32:51,N,1,0,0,"[Ⅰ]연역에 의하여 논리를 전개하여 나가는 것.
[Ⅱ]연역에 의하여 논리를 전개하여 나가는."
G5-c2a665fdc57f20bf,올곧다,형용사,0,L3,,2026-10-01 07:33:01,N,0,0,0,"「1」마음이나 정신 상태 따위가 바르고 곧다.
「2」줄이 반듯하다.
「3」완전하거나 제대로 되어 있다."
G5-cb0ca8ec0b1687e8,시찰,명사,0,L3,,2026-10-01 07:32:33,N,0,0,0,두루 돌아다니며 실지(實地)의 사정을 살핌.
G5-d056b31791209fae,해중,명사,1,L4,,2026-10-01 07:36:12,N,0,0,0,"「1」바다의 속.
「2」바다 가운데."
G5-d54c4a6b3d2a0a28,명제,명사,2,L4,,2026-10-01 07:29:28,N,1,0,0,"「1」시문 따위의 글에 제목을 정함. 또는 그 제목.
「2」어떤 문제에 대한 하나의 논리적 판단 내용과 주장을 언어 또는 기호로 표시한 것. 참과 거짓을 판단할 수 있는 내용이라는 점이 특징이다. 이를테면, ‘고래는 포유류이다.’ 따위이다."
G5-d61ddc78e13976ab,뱃심,명사,0,L4,,2026-10-01 07:29:50,N,0,0,0,"「1」염치나 두려움이 없이 제 고집대로 버티는 힘.
「2」마음속에 다지는 속셈."
G5-d6add3880c766a14,대소,명사,2,L3,,2026-10-01 07:27:29,N,0,0,0,크고 작음.
G5-dd925e505c88b4a6,삼중창,명사,0,L3,,2026-10-01 07:31:16,N,1,0,0,성부가 다른 세 사람으로 이루어지는 중창.
G5-e15695de1f4b174e,열등하다,형용사,0,L3,,2026-10-01 07:32:54,N,0,0,0,보통의 수준이나 등급보다 낮다.
G5-eb06e056b4f673b1,메가,의존 명사,0,L3,,2026-10-01 07:28:42,N,1,0,0,"「1」데이터의 양을 나타내는 단위. 1메가는 1,024킬로바이트, 또는 104만 8576바이트에 해당한다. 기호는 MB.
「2」전자기파의 주파수 또는 진동수 따위를 나타내는 단위. 1메가는 1초 동안에 100만 번 떠는 진동수로, 1헤르츠의 100만 배이다. 기호는 MHz."
G5-ebf10f49fc3e8e8c,앎,명사,0,L3,,2026-10-01 07:32:36,N,0,0,0,아는 일.
G5-f5092bcafadde4af,좋이,부사,0,L4,,2026-10-01 07:35:04,N,0,0,0,"「1」마음에 들게.
「2」거리, 수량, 시간 따위가 어느 한도에 미칠 만하게.
「3」별 탈 없이 잘."
G5-f56ec31b51660fa1,엄밀하다,형용사,0,L3,,2026-10-01 07:32:42,N,0,0,0,"「1」매우 비밀하다.
「2」조그만 빈틈이나 잘못이라도 용납하지 아니할 만큼 엄격하고 세밀하다."
G5-f760313fffa29820,전국구,명사,0,L4,,2026-10-01 07:34:26,N,1,0,0,전국을 하나의 단위로 하는 선거구.
G5-f9ebd68ab390df8c,논박,명사,0,L4,,2026-10-01 07:27:17,N,0,0,0,어떤 주장이나 의견에 대하여 그 잘못된 점을 조리 있게 공격하여 말함.
G5-fabaf9d4d2256825,공사,명사,6,L4,,2026-10-01 07:26:48,N,1,1,0,"국가를 대표하여 파견되는 외교 사절. 외교부 장관의 감독과 훈령을 받아 조약국에 상주하는 외교 사절로, 대사에 버금가는 계급이다."
G5-fcef8d2373e7be3f,체,감탄사,3,L4,,2026-10-01 07:35:21,N,0,0,0,못마땅하거나 아니꼽거나 화가 날 때 내는 소리.
G5-fe48c1f1a6d5d75d,변주,명사,2,L3,,2026-10-01 07:30:12,N,1,0,0,"「1」어떤 주제를 바탕으로, 선율ㆍ리듬ㆍ화성 따위를 여러 가지로 변형하여 연주함. 또는 그런 연주.
「2」어떤 주제를 바탕으로, 소재ㆍ형태ㆍ방식 따위를 변형하여 표현함. 또는 그런 표현."
