content_id,lemma,pos,공식_등급,현재_레벨,짧은_용례,차이_사유,판정
SC_V192_B002_018,겉보기,명사,2,L0,겉으로 드러나 보이는 모양,공식 2등급(→L0) vs 현재 L0 · 뜻이_다를_가능성(뜻풀이위험78),
SC_V195_B005_012,리을,명사,2,L0,한글 자음 ㄹ의 이름,공식 2등급(→L0) vs 현재 L0 · 교과_전문_의미,
SC_V1910_B010_012,이응,명사,2,L0,한글 자모 ㅇ의 이름,공식 2등급(→L0) vs 현재 L0 · 교과_전문_의미,
SC_V1922_B022_013,고랭지,명사,4,L3,위도가 낮아도 해발이 높아 기온이 낮은 지역,공식 4등급(→L2) vs 현재 L3 · 교과_전문_의미,
SC_V1923_B023_045,공배수,명사,4,L3,둘 이상의 수에 공통으로 들어맞는 배수,공식 4등급(→L2) vs 현재 L3 · 교과_전문_의미,
SC_V1924_B024_023,공회전,명사,4,L3,기계가 실제 일을 하지 않고 헛도는 일,공식 4등급(→L2) vs 현재 L3 · 교과_전문_의미,
SC_V1931_B031_034,꺾꽂이하다,동사,4,L3,식물 일부를 잘라 흙에 꽂아 뿌리내리게 하다,공식 4등급(→L2) vs 현재 L3 · 교과_전문_의미,
SC_V1931_B031_050,꽃가루,명사,3,L1,꽃의 수술에서 만들어져 번식에 쓰이는 가루,공식 3등급(→L1) vs 현재 L1 · 교과_전문_의미,
SC_V1933_B033_003,나노,명사,4,L3,십억분의 일을 나타내는 단위,공식 4등급(→L2) vs 현재 L3 · 교과_전문_의미,
SC_V1935_B035_021,너와집,명사,4,L3,나무판 조각으로 지붕을 덮은 집,공식 4등급(→L2) vs 현재 L3 · 교과_전문_의미,
SC_V1935_B035_029,넝쿨,명사,3,L1,길게 뻗으며 다른 물체를 감거나 땅에 퍼지는 식물 줄기,공식 3등급(→L1) vs 현재 L1 · 교과_전문_의미,
SC_V1939_B039_009,단옷날,명사,4,L3,음력 오월 오일에 지내는 우리나라 명절,공식 4등급(→L2) vs 현재 L3 · 교과_전문_의미,
SC_V1941_B041_047,덩굴,명사,3,L1,길게 뻗어 다른 물체를 감거나 땅에 퍼지는 식물 줄기,공식 3등급(→L1) vs 현재 L1 · 교과_전문_의미,
SC_V1955_B055_030,물리학,명사,4,L4,물질의 성질과 자연 현상의 법칙을 연구하는 학문,공식 4등급(→L2) vs 현재 L4 · 교과_전문_의미,
SC_V1959_B059_026,방송극,명사,4,L3,라디오나 텔레비전으로 방송하는 드라마,공식 4등급(→L2) vs 현재 L3 · 교과_전문_의미,
SC_V1965_B065_030,분모,명사,3,L1,"분수 또는 분수식에서, 가로줄 아래에 있는 수나 식",공식 3등급(→L1) vs 현재 L1 · 교과_전문_의미,
SC_V1975_B075_012,세관원,명사,4,L3,세관에서 수출입 물품을 검사하고 세금을 매기는 일을 하는 공무원,공식 4등급(→L2) vs 현재 L3 · 교과_전문_의미,
SC_V1985_B085_015,아이디,명사,3,L2,"인터넷에서, 이용자의 신분을 증명할 수 있는 고유의 체계",공식 3등급(→L1) vs 현재 L2 · 교과_전문_의미,
SC_V1987_B087_032,약분하다,동사,4,L3,분수의 분모와 분자를 공약수로 나누어 간단하게 하다,공식 4등급(→L2) vs 현재 L3 · 교과_전문_의미,
SC_V1990_B090_048,연상되다,동사,4,L3,하나의 관념으로 인해 다른 관념이 불러일으켜지다,공식 4등급(→L2) vs 현재 L3 · 교과_전문_의미,
SC_V1992_B092_009,예금되다,동사,4,L3,일정한 계약에 의하여 은행이나 우체국 따위에 돈이 맡겨지다,공식 4등급(→L2) vs 현재 L3 · 교과_전문_의미,
SC_V1998_B098_049,은유법,명사,4,L4,사물의 상태나 움직임을 암시적으로 나타내는 수사법,공식 4등급(→L2) vs 현재 L4 · 교과_전문_의미,
SC_V19101_B101_001,이자율,명사,4,L3,원금에 대한 이자의 비율,공식 4등급(→L2) vs 현재 L3 · 교과_전문_의미,
SC_V19102_B102_042,잇몸,명사,3,L2,이뿌리를 둘러싸고 있는 살,공식 3등급(→L1) vs 현재 L2 · 교과_전문_의미,
SC_V19107_B107_041,정다각형,명사,4,L3,변의 길이가 같고 내각의 크기가 모두 같은 다각형,공식 4등급(→L2) vs 현재 L3 · 교과_전문_의미,
SC_V19111_B111_027,중금속,명사,4,L3,비중이 크고 일부는 몸이나 환경에 해로울 수 있는 금속,공식 4등급(→L2) vs 현재 L3 · 교과_전문_의미,
SC_V19112_B112_014,지느러미,명사,3,L2,물고기 또는 물에 사는 포유류가 몸의 균형을 유지하거나 헤엄치는 데 쓰는 기관,공식 3등급(→L1) vs 현재 L2 · 교과_전문_의미,
SC_V19122_B122_033,타원형,명사,3,L1,길쭉하게 둥근 타원으로 된 평면 도형,공식 3등급(→L1) vs 현재 L1 · 교과_전문_의미,
SC_V19132_B132_023,허파,명사,3,L2,"가슴안의 양쪽에 있는, 원뿔을 반 자른 것과 비슷한 모양의 호흡을 하는 기관",공식 3등급(→L1) vs 현재 L2 · 교과_전문_의미,
SC_V19135_B135_028,회전수,명사,4,L3,물체가 단위 시간 동안에 회전축의 둘레를 도는 횟수,공식 4등급(→L2) vs 현재 L3 · 교과_전문_의미,
SC_V19135_B135_034,효과음,명사,4,L3,장면의 실감을 더하기 위하여 넣는 소리,공식 4등급(→L2) vs 현재 L3 · 교과_전문_의미,
#README,"판정 칸 허용값(사람이 직접 입력, 4개 중 하나)",기본 레벨 조정 / 현재 유지 / 뜻 확인 / 보류,,,,,
