content_id,lemma,pos,official_grade,current_vocab_level,현재_2.1.29_출제중,canonical_definition,student_definition,자동_판정,자동_보조_메모,사람_확인_판정
SC_V1918_B018_039,거칠어지다,동사,3,2,아니오,거친 상태로 되다.,겉면이나 상태가 거친 모습으로 변하다,RULE_B(공식3등급×현재L2→L1) 규칙 적용 시 proposed_base_level=L1,"[기계 생성 참고용, 승인 아님] 정의: 거친 상태로 되다.",
SC_V1953_B053_024,몰라주다,동사,3,2,아니오,알아주지 아니하다.,다른 사람의 마음·노력·가치를 알아보거나 인정하지 않다,RULE_B(공식3등급×현재L2→L1) 규칙 적용 시 proposed_base_level=L1,"[기계 생성 참고용, 승인 아님] 정의: 알아주지 아니하다.",
SC_V1962_B062_005,변장하다,동사,3,2,아니오,"본래의 모습을 알아볼 수 없게 하기 위하여 옷차림이나 얼굴, 머리 모양 따위를 다르게 바꾸다.","본래의 모습을 알아볼 수 없게 하기 위하여 옷차림이나 얼굴, 머리 모양 따위를 다르게 바꾸다",RULE_B(공식3등급×현재L2→L1) 규칙 적용 시 proposed_base_level=L1,"[기계 생성 참고용, 승인 아님] 정의: 본래의 모습을 알아볼 수 없게 하기 위하여 옷차림이나 얼굴, 머리 모양 따위를 다르게 바꾸",
SC_V1964_B064_005,부귀영화,명사,3,2,아니오,재산이 많고 지위가 높으며 귀하게 되어서 세상에 드러나 온갖 영광을 누림.,재산이 많고 지위가 높으며 귀하게 되어서 세상에 드러나 온갖 영광을 누림,RULE_B(공식3등급×현재L2→L1) 규칙 적용 시 proposed_base_level=L1,"[기계 생성 참고용, 승인 아님] 정의: 재산이 많고 지위가 높으며 귀하게 되어서 세상에 드러나 온갖 영광을 누림.",
SC_V1964_B064_034,부스럭거리다,동사,3,2,아니오,"마른 잎이나 검불, 종이 따위를 밟거나 건드리는 소리가 자꾸 나다. 또는 그런 소리를 자꾸 내다.","마른 잎이나 검불, 종이 따위를 밟거나 건드리는 소리가 자꾸 나다",RULE_B(공식3등급×현재L2→L1) 규칙 적용 시 proposed_base_level=L1,"[기계 생성 참고용, 승인 아님] 정의: 마른 잎이나 검불, 종이 따위를 밟거나 건드리는 소리가 자꾸 나다. 또는 그런 소리를 자꾸",
SC_V1964_B064_050,부적합하다,형용사,3,2,아니오,일이나 조건 따위에 꼭 알맞지 아니하다.,일이나 조건 따위에 꼭 알맞지 아니하다,RULE_B(공식3등급×현재L2→L1) 규칙 적용 시 proposed_base_level=L1,"[기계 생성 참고용, 승인 아님] 정의: 일이나 조건 따위에 꼭 알맞지 아니하다.",
SC_V1966_B066_004,불러일으키다,동사,3,2,아니오,"어떤 마음, 행동, 상태를 일어나게 하다.","어떤 마음, 행동, 상태를 일어나게 하다",RULE_B(공식3등급×현재L2→L1) 규칙 적용 시 proposed_base_level=L1,"[기계 생성 참고용, 승인 아님] 정의: 어떤 마음, 행동, 상태를 일어나게 하다.",
SC_V1967_B067_017,비상구,명사,3,2,아니오,화재나 지진 따위의 갑작스러운 사고가 일어날 때에 급히 대피할 수 있도록 특별히 마련한 출입구.,화재나 지진 따위의 갑작스러운 사고가 일어날 때에 급히 대피할 수 있도록 특별히 마련한 출입구,RULE_B(공식3등급×현재L2→L1) 규칙 적용 시 proposed_base_level=L1,"[기계 생성 참고용, 승인 아님] 정의: 화재나 지진 따위의 갑작스러운 사고가 일어날 때에 급히 대피할 수 있도록 특별히 마련한 출",
SC_V1968_B068_010,빨래집게,명사,3,2,아니오,"빨랫줄에 빨래를 널어 말릴 때, 세탁물이 날아가거나 떨어지지 아니하도록 집어서 고정시켜 두는 기구.","빨랫줄에 빨래를 널어 말릴 때, 세탁물이 날아가거나 떨어지지 아니하도록 집어서 고정시켜 두는 기구",RULE_B(공식3등급×현재L2→L1) 규칙 적용 시 proposed_base_level=L1,"[기계 생성 참고용, 승인 아님] 정의: 빨랫줄에 빨래를 널어 말릴 때, 세탁물이 날아가거나 떨어지지 아니하도록 집어서 고정시켜 두",
SC_V1969_B069_046,사치스럽다,형용사,3,2,예,필요 이상의 돈이나 물건을 쓰거나 분수에 지나친 생활을 하는 데가 있다.,필요 이상의 돈이나 물건을 쓰거나 분수에 지나친 생활을 하는 데가 있다,RULE_B(공식3등급×현재L2→L1) 규칙 적용 시 proposed_base_level=L1,"[기계 생성 참고용, 승인 아님] 정의: 필요 이상의 돈이나 물건을 쓰거나 분수에 지나친 생활을 하는 데가 있다.",
SC_V1972_B072_019,샘플,명사,3,2,아니오,"전체 물건의 품질이나 상태 따위를 알아볼 수 있도록 그 일부를 뽑아 놓거나, 미리 선보이는 물건.","전체 물건의 품질이나 상태 따위를 알아볼 수 있도록 그 일부를 뽑아 놓거나, 미리 선보이는 물건",RULE_B(공식3등급×현재L2→L1) 규칙 적용 시 proposed_base_level=L1,"[기계 생성 참고용, 승인 아님] 정의: 전체 물건의 품질이나 상태 따위를 알아볼 수 있도록 그 일부를 뽑아 놓거나, 미리 선보이는",
SC_V1979_B079_045,순조롭다,형용사,3,2,아니오,일 따위가 아무 탈이나 말썽 없이 예정대로 잘되어 가는 상태에 있다.,일 따위가 아무 탈이나 말썽 없이 예정대로 잘되어 가는 상태에 있다,RULE_B(공식3등급×현재L2→L1) 규칙 적용 시 proposed_base_level=L1,"[기계 생성 참고용, 승인 아님] 정의: 일 따위가 아무 탈이나 말썽 없이 예정대로 잘되어 가는 상태에 있다.",
SC_V1982_B082_047,실망스럽다,형용사,3,2,아니오,보기에 희망이나 명망을 잃거나 바라던 일이 뜻대로 되지 아니하여 마음이 몹시 상한 데가 있다.,보기에 희망이나 명망을 잃거나 바라던 일이 뜻대로 되지 아니하여 마음이 몹시 상한 데가 있다,RULE_B(공식3등급×현재L2→L1) 규칙 적용 시 proposed_base_level=L1,"[기계 생성 참고용, 승인 아님] 정의: 보기에 희망이나 명망을 잃거나 바라던 일이 뜻대로 되지 아니하여 마음이 몹시 상한 데가 있",
SC_V1985_B085_020,아지랑이,명사,3,2,예,주로 봄날 햇빛이 강하게 쬘 때 공기가 공중에서 아른아른 움직이는 현상.,주로 봄날 햇빛이 강하게 쬘 때 공기가 공중에서 아른아른 움직이는 현상,RULE_B(공식3등급×현재L2→L1) 규칙 적용 시 proposed_base_level=L1,"[기계 생성 참고용, 승인 아님] 정의: 주로 봄날 햇빛이 강하게 쬘 때 공기가 공중에서 아른아른 움직이는 현상.",
SC_V1986_B086_003,안전띠,명사,3,2,아니오,"자동차ㆍ비행기 따위에서, 사고 시 충격으로부터 보호하기 위하여 사람을 좌석에 고정하는 띠.","자동차ㆍ비행기 따위에서, 사고 시 충격으로부터 보호하기 위하여 사람을 좌석에 고정하는 띠",RULE_B(공식3등급×현재L2→L1) 규칙 적용 시 proposed_base_level=L1,"[기계 생성 참고용, 승인 아님] 정의: 자동차ㆍ비행기 따위에서, 사고 시 충격으로부터 보호하기 위하여 사람을 좌석에 고정하는 띠.",
SC_V1987_B087_019,야무지다,형용사,3,2,아니오,"사람의 성질이나 행동, 생김새 따위가 빈틈이 없이 꽤 단단하고 굳세다.","사람의 성질이나 행동, 생김새 따위가 빈틈이 없이 꽤 단단하고 굳세다",RULE_B(공식3등급×현재L2→L1) 규칙 적용 시 proposed_base_level=L1,"[기계 생성 참고용, 승인 아님] 정의: 사람의 성질이나 행동, 생김새 따위가 빈틈이 없이 꽤 단단하고 굳세다.",
SC_V1988_B088_038,어슬렁어슬렁,부사,3,2,아니오,몸집이 큰 사람이나 짐승이 몸을 조금 흔들며 계속 천천히 걸어 다니는 모양.,몸집이 큰 사람이나 짐승이 몸을 조금 흔들며 계속 천천히 걸어 다니는 모양,RULE_B(공식3등급×현재L2→L1) 규칙 적용 시 proposed_base_level=L1,"[기계 생성 참고용, 승인 아님] 정의: 몸집이 큰 사람이나 짐승이 몸을 조금 흔들며 계속 천천히 걸어 다니는 모양.",
SC_V1989_B089_007,언론인,명사,3,2,아니오,"신문, 방송, 통신, 잡지 따위의 언론 기관에 관계하여 언론으로써 업(業)을 삼는 사람.","신문, 방송, 통신, 잡지 따위의 언론 기관에 관계하여 언론으로써 업(業)을 삼는 사람",RULE_B(공식3등급×현재L2→L1) 규칙 적용 시 proposed_base_level=L1,"[기계 생성 참고용, 승인 아님] 정의: 신문, 방송, 통신, 잡지 따위의 언론 기관에 관계하여 언론으로써 업(業)을 삼는 사람.",
SC_V1995_B095_005,요만하다,형용사,3,2,아니오,"상태, 모양, 성질 따위의 정도가 요러하다.","상태, 모양, 성질 따위의 정도가 요러하다",RULE_B(공식3등급×현재L2→L1) 규칙 적용 시 proposed_base_level=L1,"[기계 생성 참고용, 승인 아님] 정의: 상태, 모양, 성질 따위의 정도가 요러하다.",
SC_V1997_B097_023,위험성,명사,3,2,아니오,위험하거나 그렇게 될 가능성이 있는 성질.,위험하거나 그렇게 될 가능성이 있는 성질,RULE_B(공식3등급×현재L2→L1) 규칙 적용 시 proposed_base_level=L1,"[기계 생성 참고용, 승인 아님] 정의: 위험하거나 그렇게 될 가능성이 있는 성질.",
SC_V1998_B098_034,으스스하다,형용사,3,2,아니오,차거나 싫은 것이 몸에 닿았을 때 크게 소름이 돋는 느낌이 있다.,차거나 싫은 것이 몸에 닿았을 때 크게 소름이 돋는 느낌이 있다,RULE_B(공식3등급×현재L2→L1) 규칙 적용 시 proposed_base_level=L1,"[기계 생성 참고용, 승인 아님] 정의: 차거나 싫은 것이 몸에 닿았을 때 크게 소름이 돋는 느낌이 있다.",
SC_V19101_B101_016,인간관계,명사,3,2,아니오,"인간과 인간, 또는 인간과 집단과의 관계를 통틀어 이르는 말.","인간과 인간, 또는 인간과 집단과의 관계를 통틀어 이르는 말",RULE_B(공식3등급×현재L2→L1) 규칙 적용 시 proposed_base_level=L1,"[기계 생성 참고용, 승인 아님] 정의: 인간과 인간, 또는 인간과 집단과의 관계를 통틀어 이르는 말.",
SC_V19103_B103_006,자랑거리,명사,3,2,아니오,자기와 관계있는 일이나 물건으로 남에게 드러내어 뽐낼 만한 거리.,자기와 관계있는 일이나 물건으로 남에게 드러내어 뽐낼 만한 거리,RULE_B(공식3등급×현재L2→L1) 규칙 적용 시 proposed_base_level=L1,"[기계 생성 참고용, 승인 아님] 정의: 자기와 관계있는 일이나 물건으로 남에게 드러내어 뽐낼 만한 거리.",
SC_V19103_B103_013,자부심,명사,3,2,아니오,자기 자신 또는 자기와 관련되어 있는 것에 대하여 스스로 그 가치나 능력을 믿고 당당히 여기는 마음.,자기 자신 또는 자기와 관련되어 있는 것에 대하여 스스로 그 가치나 능력을 믿고 당당히 여기는 마음,RULE_B(공식3등급×현재L2→L1) 규칙 적용 시 proposed_base_level=L1,"[기계 생성 참고용, 승인 아님] 정의: 자기 자신 또는 자기와 관련되어 있는 것에 대하여 스스로 그 가치나 능력을 믿고 당당히 여",
SC_V19103_B103_026,자유스럽다,형용사,3,2,아니오,구속이나 속박 따위가 없이 제 마음대로 할 수 있는 상태에 있다.,구속이나 속박 따위가 없이 제 마음대로 할 수 있는 상태에 있다,RULE_B(공식3등급×현재L2→L1) 규칙 적용 시 proposed_base_level=L1,"[기계 생성 참고용, 승인 아님] 정의: 구속이나 속박 따위가 없이 제 마음대로 할 수 있는 상태에 있다.",
SC_V19106_B106_012,적응력,명사,3,2,아니오,일정한 조건이나 환경 따위에 맞추어 응하거나 알맞게 되는 능력.,일정한 조건이나 환경 따위에 맞추어 응하거나 알맞게 되는 능력,RULE_B(공식3등급×현재L2→L1) 규칙 적용 시 proposed_base_level=L1,"[기계 생성 참고용, 승인 아님] 정의: 일정한 조건이나 환경 따위에 맞추어 응하거나 알맞게 되는 능력.",
SC_V19108_B108_038,제작되다,동사,3,2,아니오,재료를 가지고 기능과 내용을 가진 새로운 물건이나 예술 작품이 만들어지다.,재료를 가지고 기능과 내용을 가진 새로운 물건이나 예술 작품이 만들어지다,RULE_B(공식3등급×현재L2→L1) 규칙 적용 시 proposed_base_level=L1,"[기계 생성 참고용, 승인 아님] 정의: 재료를 가지고 기능과 내용을 가진 새로운 물건이나 예술 작품이 만들어지다.",
SC_V19109_B109_020,조심성,명사,3,2,아니오,잘못이나 실수가 없도록 말이나 행동에 마음을 쓰는 성질이나 태도.,잘못이나 실수가 없도록 말이나 행동에 마음을 쓰는 성질이나 태도,RULE_B(공식3등급×현재L2→L1) 규칙 적용 시 proposed_base_level=L1,"[기계 생성 참고용, 승인 아님] 정의: 잘못이나 실수가 없도록 말이나 행동에 마음을 쓰는 성질이나 태도.",
SC_V19111_B111_033,중얼중얼,부사,3,2,아니오,남이 알아듣지 못할 정도의 작고 낮은 목소리로 혼잣말을 자꾸 하는 소리. 또는 그 모양.,남이 알아듣지 못할 정도의 작고 낮은 목소리로 혼잣말을 자꾸 하는 소리,RULE_B(공식3등급×현재L2→L1) 규칙 적용 시 proposed_base_level=L1,"[기계 생성 참고용, 승인 아님] 정의: 남이 알아듣지 못할 정도의 작고 낮은 목소리로 혼잣말을 자꾸 하는 소리. 또는 그 모양.",
SC_V19116_B116_009,천막,명사,3,2,아니오,"비바람이나 이슬, 볕 따위를 가리기 위하여 말뚝을 박고 기둥을 세우고 천을 씌워 막처럼 지어 놓은 것. 또는 그 천.","비바람이나 이슬, 볕 따위를 가리기 위하여 말뚝을 박고 기둥을 세우고 천을 씌워 막처럼 지어 놓은 것",RULE_B(공식3등급×현재L2→L1) 규칙 적용 시 proposed_base_level=L1,"[기계 생성 참고용, 승인 아님] 정의: 비바람이나 이슬, 볕 따위를 가리기 위하여 말뚝을 박고 기둥을 세우고 천을 씌워 막처럼 지",
SC_V19120_B120_024,친할아버지,명사,3,2,아니오,아버지의 아버지를 이르는 말.,가족관계에서 아버지의 아버지를 이르는 말,RULE_B(공식3등급×현재L2→L1) 규칙 적용 시 proposed_base_level=L1,"[기계 생성 참고용, 승인 아님] 정의: 아버지의 아버지를 이르는 말.",
SC_V19120_B120_036,침범,명사,3,2,아니오,"남의 영토나 권리, 재산, 신분 따위를 침노하여 범하거나 해를 끼침.","남의 영토나 권리, 재산, 신분 따위를 침노하여 범하거나 해를 끼침",RULE_B(공식3등급×현재L2→L1) 규칙 적용 시 proposed_base_level=L1,"[기계 생성 참고용, 승인 아님] 정의: 남의 영토나 권리, 재산, 신분 따위를 침노하여 범하거나 해를 끼침.",
SC_V19121_B121_017,케첩,명사,3,2,아니오,"과일, 채소 따위를 끓여서 걸러 낸 것에 설탕, 소금, 향신료, 식초 따위를 섞어서 걸쭉하게 만든 소스.","과일, 채소 따위를 끓여서 걸러 낸 것에 설탕, 소금, 향신료, 식초 따위를 섞어서 걸쭉하게 만든 소스",RULE_B(공식3등급×현재L2→L1) 규칙 적용 시 proposed_base_level=L1,"[기계 생성 참고용, 승인 아님] 정의: 과일, 채소 따위를 끓여서 걸러 낸 것에 설탕, 소금, 향신료, 식초 따위를 섞어서 걸쭉하",
SC_V19123_B123_016,탐스럽다,형용사,3,2,아니오,가지거나 차지하고 싶은 마음이 들 정도로 보기가 좋고 끌리는 데가 있다.,가지거나 차지하고 싶은 마음이 들 정도로 보기가 좋고 끌리는 데가 있다,RULE_B(공식3등급×현재L2→L1) 규칙 적용 시 proposed_base_level=L1,"[기계 생성 참고용, 승인 아님] 정의: 가지거나 차지하고 싶은 마음이 들 정도로 보기가 좋고 끌리는 데가 있다.",
SC_V19129_B129_009,피클,명사,3,2,아니오,"오이, 양배추 따위의 채소나 과일 따위를 식초ㆍ설탕ㆍ소금ㆍ향신료를 섞어 만든 액체에 담가 절여서 만든 음식.","오이, 양배추 따위의 채소나 과일 따위를 식초ㆍ설탕ㆍ소금ㆍ향신료를 섞어 만든 액체에 담가 절여서 만든 음식",RULE_B(공식3등급×현재L2→L1) 규칙 적용 시 proposed_base_level=L1,"[기계 생성 참고용, 승인 아님] 정의: 오이, 양배추 따위의 채소나 과일 따위를 식초ㆍ설탕ㆍ소금ㆍ향신료를 섞어 만든 액체에 담가 ",
SC_V19129_B129_027,하기야,부사,3,2,아니오,"‘실상 적당히 말하자면’의 뜻으로, 이미 있었던 일을 긍정하며 아래에 어떤 조건을 붙일 때에 쓰는 접속 부사.",앞의 내용을 인정하면서 뒤에 다른 조건이나 생각을 덧붙일 때 쓰는 말,RULE_B(공식3등급×현재L2→L1) 규칙 적용 시 proposed_base_level=L1,"[기계 생성 참고용, 승인 아님] 정의: ‘실상 적당히 말하자면’의 뜻으로, 이미 있었던 일을 긍정하며 아래에 어떤 조건을 붙일 때",
SC_V19133_B133_044,호주머니,명사,3,2,아니오,"옷의 일정한 곳에 헝겊을 달거나 옷의 한 부분에 헝겊을 덧대어 돈, 소지품 따위를 넣도록 만든 부분.","옷의 일정한 곳에 헝겊을 달거나 옷의 한 부분에 헝겊을 덧대어 돈, 소지품 따위를 넣도록 만든 부분",RULE_B(공식3등급×현재L2→L1) 규칙 적용 시 proposed_base_level=L1,"[기계 생성 참고용, 승인 아님] 정의: 옷의 일정한 곳에 헝겊을 달거나 옷의 한 부분에 헝겊을 덧대어 돈, 소지품 따위를 넣도록 ",
SC_V19135_B135_021,회오리,명사,3,2,아니오,바람이 한곳에서 뱅뱅 돌아 물이나 검불 따위가 몰려 깔때기 모양으로 하늘 높이 오르는 현상.,바람이 한곳에서 뱅뱅 돌아 물이나 검불 따위가 몰려 깔때기 모양으로 하늘 높이 오르는 현상,RULE_B(공식3등급×현재L2→L1) 규칙 적용 시 proposed_base_level=L1,"[기계 생성 참고용, 승인 아님] 정의: 바람이 한곳에서 뱅뱅 돌아 물이나 검불 따위가 몰려 깔때기 모양으로 하늘 높이 오르는 현상",
SC_V19135_B135_042,후덥지근하다,형용사,3,2,아니오,열기가 차서 조금 답답할 정도로 더운 느낌이 있다.,열기가 차서 조금 답답할 정도로 더운 느낌이 있다,RULE_B(공식3등급×현재L2→L1) 규칙 적용 시 proposed_base_level=L1,"[기계 생성 참고용, 승인 아님] 정의: 열기가 차서 조금 답답할 정도로 더운 느낌이 있다.",
SC_V19136_B136_006,후텁지근하다,형용사,3,2,아니오,조금 불쾌할 정도로 끈끈하고 무더운 기운이 있다.,조금 불쾌할 정도로 끈끈하고 무더운 기운이 있다,RULE_B(공식3등급×현재L2→L1) 규칙 적용 시 proposed_base_level=L1,"[기계 생성 참고용, 승인 아님] 정의: 조금 불쾌할 정도로 끈끈하고 무더운 기운이 있다.",
