candidate_id,batch_no,lemma,pos,human_judgment,v1_predicted_judgment,direction
G5-8ce1ebfbf28902b8,1,개축,명사,L3,L4,L3->L4
G5-75db47a8af772ebf,1,경제인,명사,L3,L4,L3->L4
G5-8eb7191f007f9d70,1,보국안민,명사,L3,L4,L3->L4
G5-5047276d84610bfb,1,소송비,명사,L3,L4,L3->L4
G5-41d7d493497694bb,1,조달,명사,L3,L4,L3->L4
G5-673bf162d9ab034c,2,옹고집전,명사,L3,L4,L3->L4
G5-4eb3bc6dcaa38333,2,획일적,명사/관형사,L3,L4,L3->L4
G5-82462e20f850e89d,1,구상도,명사,L4,L3,L4->L3
G5-81553c0dff4e02aa,1,깜짝거리다,동사,L4,L3,L4->L3
G5-24f9f70b64fbfd3c,1,동판화,명사,L4,L3,L4->L3
G5-691a964ace5eef18,1,리비아,명사,L4,L3,L4->L3
G5-100f458100a9d8fb,1,마늘종,명사,L4,L3,L4->L3
G5-2afba88d26d3b620,1,마지않다,보조 동사,L4,L3,L4->L3
G5-d61ddc78e13976ab,1,뱃심,명사,L4,L3,L4->L3
G5-41a528d6394ba219,1,보리수나무,명사,L4,L3,L4->L3
G5-22a690bb519bce1b,1,산발치,명사,L4,L3,L4->L3
G5-2007e54a3970cc0b,1,상서롭다,형용사,L4,L3,L4->L3
G5-1db1883c75c2d50a,1,성싶다,보조 형용사,L4,L3,L4->L3
G5-0839f66c2ea53a97,1,성좌,명사,L4,L3,L4->L3
G5-1fa1f8a3b75321d7,1,소맥분,명사,L4,L3,L4->L3
G5-43238e3a751baddf,1,수사법,명사,L4,L3,L4->L3
G5-2ec00f40649615b7,1,의창,명사,L4,L3,L4->L3
G5-5a623b21f6f73b62,1,이다,동사,L4,L3,L4->L3
G5-3614e4f1ad2da304,1,적시타,명사,L4,L3,L4->L3
G5-6466cefcb6f43e77,1,조,의존 명사,L4,L3,L4->L3
G5-6e330f8625937b4b,1,조반,명사,L4,L3,L4->L3
G5-fcef8d2373e7be3f,1,체,감탄사,L4,L3,L4->L3
G5-01725eddae69e013,1,팩,부사,L4,L3,L4->L3
G5-d056b31791209fae,1,해중,명사,L4,L3,L4->L3
G5-95b7dd4ace059499,1,회답서,명사,L4,L3,L4->L3
G5-084615a4584bb33a,2,고금,명사,L4,L3,L4->L3
G5-b8a904a6d6544336,2,고쟁이,명사,L4,L3,L4->L3
G5-7626da85c211e670,2,고학생,명사,L4,L3,L4->L3
G5-13a70bd06c6f58cf,2,너,관형사,L4,L3,L4->L3
G5-21b28d67288ef812,2,봉양,명사,L4,L3,L4->L3
G5-0985caea6a34fc03,2,부탄,명사,L4,L3,L4->L3
G5-37eee04180f61b8e,2,스리슬쩍,부사,L4,L3,L4->L3
G5-5b6159140976c02f,2,어진,명사,L4,L3,L4->L3
G5-ea479b2f55daa588,2,외성,명사,L4,L3,L4->L3
G5-e409e1104d4ba9d7,2,은덕,명사,L4,L3,L4->L3
G5-7627eeba20ba7a7f,2,이래,품사 없음,L4,L3,L4->L3
G5-258e6bf7d52e8e30,2,이만치,부사/명사,L4,L3,L4->L3
G5-7c90fea98a30e2c9,2,작은개자리,명사,L4,L3,L4->L3
G5-ac1d745f570b5877,2,장장,관형사/품사 없음,L4,L3,L4->L3
G5-22b1c6b714665ce3,2,재담,명사,L4,L3,L4->L3
G5-3110a0f4c95c7c8d,2,해독기,명사,L4,L3,L4->L3
G5-97bd7832cda56d61,2,홀치다,동사,L4,L3,L4->L3
