candidate_id,batch_no,lemma,pos,homonym_number,official_meaning_short,specialized_domain_flag,polysemy_risk_flag,proper_noun_risk_flag,selection_reason,human_judgment,reviewed_at
G5-8ce1ebfbf28902b8,1,"개축","명사",0,"집이나 축조물 따위가 허물어지거나 낡아서 새로 짓거나 고쳐 쌓음.",0,0,0,"층화표본(명사/일반어)",L3,"2026-10-02 03:58:40"
G5-75db47a8af772ebf,1,"경제인","명사",0,"「1」경제계에서 활동하는 사람.
「2」경제 원칙에 따라 최대 이윤을 꾀하여 합리적으로 행동하는 인간상.
「3」윤리적이거나 종교적인 동기와 같은 외적 동기에 영향을 받지 않고 순전히 자신의 경제적인 이득만을 위하여 행동하는 사람.",1,0,0,"층화표본(명사/전문어)",L3,"2026-10-02 03:59:01"
G5-69cf854ee18aa3f1,1,"고것","대명사",0,"「1」‘그것「1」’을 낮잡아 이르거나 귀엽게 이르는 말.
「2」‘그것「2」’을 낮잡아 이르거나 귀엽게 이르는 말.
「3」‘고 사람’을 낮잡아 이르는 삼인칭 대명사.
「4」‘고 아이’를 귀엽게 이르는 삼인칭 대명사.",0,0,0,"층화표본(대명사/일반어)",L3,"2026-10-01 07:26:32"
G5-86ac65ab170bf93b,1,"고안되다","동사",0,"연구하여 새로운 안이 나오다.",0,0,0,"층화표본(동사/일반어)",L3,"2026-10-01 07:26:41"
G5-fabaf9d4d2256825,1,"공사","명사",6,"국가를 대표하여 파견되는 외교 사절. 외교부 장관의 감독과 훈령을 받아 조약국에 상주하는 외교 사절로, 대사에 버금가는 계급이다.",1,1,0,"층화표본(명사/전문어)",L4,"2026-10-01 07:26:48"
G5-bc3d3e5746938ca4,1,"교직원","명사",0,"학교의 교원 및 사무 직원.",0,0,0,"층화표본(명사/일반어)",L3,"2026-10-01 07:26:51"
G5-82462e20f850e89d,1,"구상도","명사",0,"「1」계획한 생각을 표현하는 바탕이 될 그림이나 도면.
「2」주제와 표현 형식에 따라 제작 순서를 계획적으로 진행하여 마무리한 그림.
「3」아동화의 하나. 구상에 따라 부분적인 스케치를 시켜 공동으로 구성한 그림이다.",0,0,0,"층화표본(명사/일반어)",L4,"2026-10-01 07:26:55"
G5-9050b15f83fa1e98,1,"국방력","명사",0,"국토방위를 위한 군사적 힘.",0,0,0,"층화표본(명사/일반어)",L3,"2026-10-01 07:26:58"
G5-81553c0dff4e02aa,1,"깜짝거리다","동사",1,"눈이 자꾸 살짝 감겼다 뜨였다 하다. 또는 그렇게 되게 하다. ‘깜작거리다’보다 센 느낌을 준다.",0,0,0,"층화표본(동사/일반어)",L4,"2026-10-01 07:27:10"
G5-0b695941ae270b65,1,"낙엽수","명사",0,"가을이나 겨울에 잎이 떨어졌다가 봄에 새잎이 나는 나무를 통틀어 이르는 말. 오리나무, 참나무 따위이다.",1,0,0,"층화표본(명사/전문어)",L3,"2026-10-01 07:27:14"
G5-f9ebd68ab390df8c,1,"논박","명사",0,"어떤 주장이나 의견에 대하여 그 잘못된 점을 조리 있게 공격하여 말함.",0,0,0,"층화표본(명사/일반어)",L4,"2026-10-01 07:27:17"
G5-ba4c83e7811f8be7,1,"답사하다","동사",1,"「1」진상(進上)한 물건에 대하여 그 답례로 물건값을 주다.
「2」조선 시대에, 일본의 봉건 제후나 야인(野人)의 추장이 토산물을 바쳐 올 때, 그 물건값을 하사(下賜)하다.",1,1,0,"층화표본(동사/전문어)",L4,"2026-10-01 07:27:26"
G5-d6add3880c766a14,1,"대소","명사",2,"크고 작음.",0,0,0,"층화표본(명사/일반어)",L3,"2026-10-01 07:27:29"
G5-72abbffade28c040,1,"대입","품사 없음",1,"‘대학교 입학’이 줄어든 말.",0,0,0,"층화표본(품사없음/일반어)",L3,"2026-10-01 07:27:33"
G5-06fbed8fcc30dc90,1,"도르르","부사",1,"폭이 좁은 종이 따위가 탄력 있게 말리는 모양.",0,1,0,"층화표본(부사/일반어)",L3,"2026-10-01 07:27:42"
G5-85e1f60f7edb514f,1,"도시민","명사",0,"도시에 사는 국민.",0,0,0,"층화표본(명사/일반어)",L3,"2026-10-01 07:27:49"
G5-35d7896d01fecab8,1,"동지애","명사",0,"목적과 뜻을 같이하는 사람끼리의 사랑.",0,0,0,"층화표본(명사/일반어)",L3,"2026-10-01 07:28:04"
G5-24f9f70b64fbfd3c,1,"동판화","명사",0,"동판에 새긴 그림. 또는 동판으로 찍은 그림.",1,0,0,"층화표본(명사/전문어)",L4,"2026-10-02 04:00:17"
G5-691a964ace5eef18,1,"리비아","명사",0,"아프리카 북부 지중해 연안에 있는 공화국. 1951년 이탈리아에서 왕국으로 독립하였으며 1969년 공화제가 되었다. 국토의 대부분이 사막인 국가로, 양과 염소를 유목하는 세계적인 산유국이다. 주민은 아랍인이고 주요 언어는 아랍어이다. 수도는 트리폴리, 면적은 175만 9537㎢.",1,0,0,"층화표본(명사/전문어)",L4,"2026-10-01 07:28:18"
G5-100f458100a9d8fb,1,"마늘종","명사",0,"마늘의 꽃줄기. 연한 것은 쪄 먹거나 장아찌로 만들어 먹는다.",0,0,0,"층화표본(명사/일반어)",L4,"2026-10-01 07:28:28"
G5-2afba88d26d3b620,1,"마지않다","보조 동사",0,"‘마지아니하다’의 준말.",0,0,0,"층화표본(보조동사/일반어)",L4,"2026-10-01 07:28:32"
G5-6157838a22ae3d2b,1,"멍군","명사/감탄사",0,"[Ⅰ]장기에서, 장군을 받아 막는 수.
[Ⅱ]장기에서, 장군을 받아 막으려고 말을 놓을 때 하는 말.",1,0,0,"층화표본(감탄사/전문어)",L3,"2026-10-01 07:28:35"
G5-eb06e056b4f673b1,1,"메가","의존 명사",0,"「1」데이터의 양을 나타내는 단위. 1메가는 1,024킬로바이트, 또는 104만 8576바이트에 해당한다. 기호는 MB.
「2」전자기파의 주파수 또는 진동수 따위를 나타내는 단위. 1메가는 1초 동안에 100만 번 떠는 진동수로, 1헤르츠의 100만 배이다. 기호는 MHz.",1,0,0,"층화표본(의존명사/전문어)",L3,"2026-10-01 07:28:42"
G5-4d4e81d64548e5c4,1,"면회하다","동사",2,"일반인의 출입이 제한되는 어떤 기관이나 집단생활을 하는 곳에 찾아가서 사람을 만나 보다.",0,0,0,"층화표본(동사/일반어)",L3,"2026-10-01 07:28:46"
G5-d54c4a6b3d2a0a28,1,"명제","명사",2,"「1」시문 따위의 글에 제목을 정함. 또는 그 제목.
「2」어떤 문제에 대한 하나의 논리적 판단 내용과 주장을 언어 또는 기호로 표시한 것. 참과 거짓을 판단할 수 있는 내용이라는 점이 특징이다. 이를테면, ‘고래는 포유류이다.’ 따위이다.",1,0,0,"층화표본(명사/전문어)",L4,"2026-10-01 07:29:28"
G5-28d404829adc5577,1,"무용하다","형용사",1,"「1」쓸모가 없다.
「2」볼일이 없다.",0,0,0,"층화표본(형용사/일반어)",L3,"2026-10-01 07:29:31"
G5-084929035943b0bd,1,"발전기","명사",1,"더 나은 단계로 나아가는 때.",0,1,0,"층화표본(명사/일반어)",L3,"2026-10-01 07:29:42"
G5-6fbf37d42d4be6ae,1,"밥투정","명사",0,"밥이 먹기 싫어서 또는 밥을 더 달라며 짜증을 부리는 일.",0,0,0,"층화표본(명사/일반어)",L3,"2026-10-01 07:29:45"
G5-d61ddc78e13976ab,1,"뱃심","명사",0,"「1」염치나 두려움이 없이 제 고집대로 버티는 힘.
「2」마음속에 다지는 속셈.",0,0,0,"층화표본(명사/일반어)",L4,"2026-10-01 07:29:50"
G5-0fa0e0a975e55d66,1,"벨기에","명사",0,"유럽 서북부에 있는 입헌 군주국. 1830년에 네덜란드에서 독립하였다. 석탄이 풍부하고 농업과 공업이 매우 발달하였으며 주민은 게르만계이고 주요 언어는 네덜란드어와 프랑스어이다. 수도는 브뤼셀, 면적은 3만 514㎢.",1,0,0,"층화표본(명사/전문어)",L3,"2026-10-01 07:30:03"
G5-fe48c1f1a6d5d75d,1,"변주","명사",2,"「1」어떤 주제를 바탕으로, 선율ㆍ리듬ㆍ화성 따위를 여러 가지로 변형하여 연주함. 또는 그런 연주.
「2」어떤 주제를 바탕으로, 소재ㆍ형태ㆍ방식 따위를 변형하여 표현함. 또는 그런 표현.",1,0,0,"층화표본(명사/전문어)",L3,"2026-10-01 07:30:12"
G5-8eb7191f007f9d70,1,"보국안민","명사",0,"나랏일을 돕고 백성을 편안하게 함.",0,0,0,"층화표본(명사/일반어)",L3,"2026-10-02 03:59:19"
G5-41a528d6394ba219,1,"보리수나무","명사",0,"보리수나뭇과의 낙엽 관목. 높이는 3~4미터이며, 잎은 어긋나고 끝이 뾰족한 타원형에 톱니가 없다. 꽃은 5~6월에 1~3개씩 잎겨드랑이에서 누런 흰색으로 피고 열매는 팥알만 한 동글동글한 장과(漿果)로 초가을에 붉게 익는다. 열매는 식용하고 산울타리용으로 재배하기도 한다. 산과 들에 나는데 한국의 중부 이남, 일본, 중국, 인도 등지에 분포한다.",1,0,0,"층화표본(명사/전문어)",L4,"2026-10-01 07:30:27"
G5-92af004a38b66494,1,"부촌","명사",0,"부자가 많이 사는 마을.",0,0,0,"층화표본(명사/일반어)",L3,"2026-10-01 07:30:32"
G5-37ab89103f8c1de7,1,"부활절","명사",0,"「1」예수의 부활을 기념하는 축일. 춘분(春分) 뒤의 첫 만월(滿月) 다음에 오는 일요일이다.
「2」부활 주일로부터 일주일 또는 50일 동안의 기간.",1,0,0,"층화표본(명사/전문어)",L3,"2026-10-01 07:30:35"
G5-95486a515505d9c7,1,"불여우","명사",0,"몹시 변덕스럽고 못된, 꾀가 많은 여자를 비유적으로 이르는 말.",0,0,0,"층화표본(명사/일반어)",L3,"2026-10-01 07:30:40"
G5-2df2bb0b3bb9a077,1,"브레인스토밍","명사",0,"자유로운 토론으로 창조적인 아이디어를 끌어내는 일. 기업의 기획 회의에서 아이디어 개발 방식의 하나로 사용한다.",0,0,0,"층화표본(명사/일반어)",L3,"2026-10-01 07:30:46"
G5-a73d584594fadecb,1,"비장","명사",6,"척추동물의 림프 계통 기관. 위(胃)의 왼쪽이나 뒤쪽에 있으며, 오래된 적혈구나 혈소판을 파괴하거나 림프구를 만들어 내는 작용을 한다.",1,1,0,"층화표본(명사/전문어)",L4,"2026-10-01 07:30:50"
G5-ba399454712d85f7,1,"빼다","동사",3,"「1」두렵거나 싫어서 하지 아니하려고 하다.
「2」(속되게) 피하여 달아나다.",0,1,0,"층화표본(동사/일반어)",L3,"2026-10-01 07:31:00"
G5-22a690bb519bce1b,1,"산발치","명사",0,"산의 아랫부분.",0,0,0,"층화표본(명사/일반어)",L4,"2026-10-01 07:31:03"
G5-795351a35677b337,1,"살상하다","동사",0,"사람을 죽이거나 상처를 입히다.",0,0,0,"층화표본(동사/일반어)",L3,"2026-10-01 07:31:10"
G5-dd925e505c88b4a6,1,"삼중창","명사",0,"성부가 다른 세 사람으로 이루어지는 중창.",1,0,0,"층화표본(명사/전문어)",L3,"2026-10-01 07:31:16"
G5-2007e54a3970cc0b,1,"상서롭다","형용사",0,"복되고 길한 일이 일어날 조짐이 있다.",0,0,0,"층화표본(형용사/일반어)",L4,"2026-10-01 07:31:18"
G5-2f891def41c1e963,1,"생명수","명사",1,"「1」생명을 살리는 물.
「2」영원한 영적 생명에 필요한 물이라는 뜻으로, 하나님의 복음을 비유적으로 이르는 말.",1,0,0,"층화표본(명사/전문어)",L3,"2026-10-01 07:31:25"
G5-7553747fc991504b,1,"서넛","수사",0,"셋이나 넷쯤 되는 수.",0,0,0,"층화표본(수사/일반어)",L3,"2026-10-01 07:31:28"
G5-4561caf904dd8cfe,1,"설피","명사",0,"산간 지대에서, 눈에 빠지지 않도록 신 바닥에 대는 넓적한 덧신. 칡, 노, 새끼 따위로 얽어서 만든다.",0,0,0,"층화표본(명사/일반어)",L4,"2026-10-01 07:31:32"
G5-1db1883c75c2d50a,1,"성싶다","보조 형용사",0,"앞말이 뜻하는 상태를 어느 정도 느끼고 있거나 짐작함을 나타내는 말.",0,0,0,"층화표본(보조형용사/일반어)",L4,"2026-10-02 03:59:48"
G5-0839f66c2ea53a97,1,"성좌","명사",1,"별의 위치를 정하기 위하여 밝은 별을 중심으로 천구(天球)를 몇 부분으로 나눈 것. 동물, 물건, 신화에 나오는 인물의 이름이 붙여져 있다. 고대 중국에서는 이십팔수로 나누었으나 오늘날에는 88개의 별자리로 통일되어 있다. 큰곰자리, 오리온자리 따위가 있다.",1,0,0,"층화표본(명사/전문어)",L4,"2026-10-01 07:32:10"
G5-1fa1f8a3b75321d7,1,"소맥분","명사",0,"밀을 빻아 만든 가루.",0,0,0,"층화표본(명사/일반어)",L4,"2026-10-01 07:32:16"
G5-5047276d84610bfb,1,"소송비","명사",0,"당사자가 소송을 수행하고 법원이 재판을 하기 위하여 지출하는 비용 가운데 민사 소송 비용법이나 형사 소송 비용 등에 관한 법률에서 정하고 있는 범위의 비용. 재판 비용과 당사자 비용 따위를 포함한다.",1,0,0,"층화표본(명사/전문어)",L3,"2026-10-02 03:59:38"
G5-43238e3a751baddf,1,"수사법","명사",0,"효과적ㆍ미적 표현을 위하여 문장과 언어를 꾸미는 방법.",1,0,0,"층화표본(명사/전문어)",L4,"2026-10-02 04:01:25"
G5-3aedc662710832d4,1,"순서도","명사",0,"컴퓨터로 처리하고자 하는 문제를 분석하고 그 처리 순서를 단계화하여, 상호 간의 관계를 알기 쉽게 약속된 기호와 도형을 써서 나타낸 그림.",1,0,0,"층화표본(명사/전문어)",L3,"2026-10-01 07:32:30"
G5-cb0ca8ec0b1687e8,1,"시찰","명사",0,"두루 돌아다니며 실지(實地)의 사정을 살핌.",0,0,0,"층화표본(명사/일반어)",L3,"2026-10-01 07:32:33"
G5-ebf10f49fc3e8e8c,1,"앎","명사",0,"아는 일.",0,0,0,"층화표본(명사/일반어)",L3,"2026-10-01 07:32:36"
G5-348ec1fbafbe03a9,1,"암만하다","동사",0,"「1」이러저러하게 애를 쓰거나 노력을 들이다.
「2」이리저리 생각하여 보다.",0,0,0,"층화표본(동사/일반어)",L4,"2026-10-01 07:32:40"
G5-f56ec31b51660fa1,1,"엄밀하다","형용사",0,"「1」매우 비밀하다.
「2」조그만 빈틈이나 잘못이라도 용납하지 아니할 만큼 엄격하고 세밀하다.",0,0,0,"층화표본(형용사/일반어)",L3,"2026-10-01 07:32:42"
G5-3e166437d3525d91,1,"연방","명사",8,"자치권을 가진 다수의 나라가 공통의 정치 이념 아래에서 연합하여 구성하는 국가. 개별 구성국은 자체의 국내법에 따르되, 연방 국가는 국제법상의 외교권을 갖는 단일의 주권 국가이다. 미국, 독일, 스위스 등이 여기에 속한다.",1,0,0,"층화표본(명사/전문어)",L4,"2026-10-01 07:32:47"
G5-c0085da6adae9d1a,1,"연역적","명사/관형사",0,"[Ⅰ]연역에 의하여 논리를 전개하여 나가는 것.
[Ⅱ]연역에 의하여 논리를 전개하여 나가는.",1,0,0,"층화표본(관형사/전문어)",L4,"2026-10-01 07:32:51"
G5-e15695de1f4b174e,1,"열등하다","형용사",0,"보통의 수준이나 등급보다 낮다.",0,0,0,"층화표본(형용사/일반어)",L3,"2026-10-01 07:32:54"
G5-b03ce361da20f505,1,"영인본","명사",0,"원본을 사진이나 기타의 과학적 방법으로 복제한 인쇄물.",1,0,0,"층화표본(명사/전문어)",L4,"2026-10-01 07:32:58"
G5-c2a665fdc57f20bf,1,"올곧다","형용사",0,"「1」마음이나 정신 상태 따위가 바르고 곧다.
「2」줄이 반듯하다.
「3」완전하거나 제대로 되어 있다.",0,0,0,"층화표본(형용사/일반어)",L3,"2026-10-01 07:33:01"
G5-6f29f2db8bd5047a,1,"원생","명사",2,"「1」소년원, 감화원 따위와 같이 ‘-원19’(院) 자가 붙은 기관에 수용되어 있는 사람.
「2」‘-원19’(院) 자가 붙은 기관이나 학교에서 배우는 사람.
「3」조선 중기 이후, 서원(書院)에 딸린 유생을 이르던 말.",1,0,0,"층화표본(명사/전문어)",L3,"2026-10-01 07:33:16"
G5-6de00460b8d3f2ed,1,"유공자","명사",0,"공로가 있는 사람.",0,0,0,"층화표본(명사/일반어)",L3,"2026-10-01 07:33:18"
G5-5ad6bd69c1024a46,1,"유효하다","형용사",0,"「1」보람이나 효과가 있다.
「2」법률적 행위가 당사자나 법률이 의도한 본래의 효과가 있다.",1,0,0,"층화표본(형용사/전문어)",L3,"2026-10-01 07:33:22"
G5-2ec00f40649615b7,1,"의창","명사",2,"고려 시대에, 곡식을 저장하여 두었다가 흉년이나 비상 때에 가난한 백성들에게 대여하던 기관. 성종 5년(986)에 흑창(黑倉)을 고친 것으로, 처음에는 순수한 구호 기관으로 출발하였으나 나중에는 이자를 붙여 받는 대여 기관이 됨에 따라 관리들이 백성들을 착취하는 기관으로 전락하였다.",1,0,0,"층화표본(명사/전문어)",L4,"2026-10-01 07:33:32"
G5-33e172c1fb916e0d,1,"의혹하다","동사",0,"의심하여 수상히 여기다.",0,0,0,"층화표본(동사/일반어)",L3,"2026-10-01 07:33:35"
G5-5a623b21f6f73b62,1,"이다","동사",2,"기와나 이엉 따위로 지붕 위를 덮다.",0,1,0,"층화표본(동사/일반어)",L4,"2026-10-02 04:00:52"
G5-7f73a436a64e023d,1,"자전축","명사",0,"천체(天體)가 자전할 때 중심이 되는 축.",1,0,0,"층화표본(명사/전문어)",L3,"2026-10-01 07:33:48"
G5-2fd478453d644311,1,"자책감","명사",0,"자신의 결함이나 잘못에 대하여 깊이 뉘우치고 자신을 책망하는 마음.",0,0,0,"층화표본(명사/일반어)",L3,"2026-10-01 07:33:54"
G5-8b5bf85d6ee5c386,1,"저능아","명사",0,"지능이 떨어지는 아이를 낮잡아 이르는 말.",0,0,0,"층화표본(명사/일반어)",L3,"2026-10-01 07:33:59"
G5-5033b876a45aa218,1,"저딴","관형사",0,"‘저따위[Ⅱ]’를 구어적으로 이르는 말.",0,0,0,"층화표본(관형사/일반어)",L3,"2026-10-01 07:34:19"
G5-3614e4f1ad2da304,1,"적시타","명사",0,"야구에서, 누상에 주자가 있을 때 타점을 올리는 안타.",1,0,0,"층화표본(명사/전문어)",L4,"2026-10-01 07:34:22"
G5-f760313fffa29820,1,"전국구","명사",0,"전국을 하나의 단위로 하는 선거구.",1,0,0,"층화표본(명사/전문어)",L4,"2026-10-01 07:34:26"
G5-905ab8dffc17990c,1,"정보비","명사",0,"정보 활동을 하는 데 드는 경비.",0,0,0,"층화표본(명사/일반어)",L4,"2026-10-01 07:34:33"
G5-6466cefcb6f43e77,1,"조","의존 명사",12,"「1」‘조목’이나 ‘조항’의 뜻을 나타내는 말.
「2」어떤 명목이나 조건.",0,1,0,"층화표본(의존명사/일반어)",L4,"2026-10-01 07:34:38"
G5-41d7d493497694bb,1,"조달","명사",3,"자금이나 물자 따위를 대어 줌.",0,0,0,"층화표본(명사/일반어)",L3,"2026-10-01 07:34:42"
G5-6e330f8625937b4b,1,"조반","명사",4,"아침 끼니로 먹는 밥.",0,0,0,"층화표본(명사/일반어)",L4,"2026-10-01 07:34:46"
G5-9407574f98d8223a,1,"종잡다","동사",0,"대중으로 헤아려 잡다.",0,0,0,"층화표본(동사/일반어)",L3,"2026-10-01 07:34:55"
G5-f5092bcafadde4af,1,"좋이","부사",0,"「1」마음에 들게.
「2」거리, 수량, 시간 따위가 어느 한도에 미칠 만하게.
「3」별 탈 없이 잘.",0,0,0,"층화표본(부사/일반어)",L4,"2026-10-01 07:35:04"
G5-a1d45cd61a3f5e0b,1,"지근지근","부사",2,"머리가 자꾸 쑤시듯 아픈 모양.",0,0,0,"층화표본(부사/일반어)",L3,"2026-10-01 07:35:07"
G5-040795386d94973e,1,"차렷하다","동사",0,"차렷 자세를 취하다.",0,0,0,"층화표본(동사/일반어)",L3,"2026-10-01 07:35:10"
G5-402f9c0c64136e9e,1,"천고","명사",1,"「1」아주 먼 옛적.
「2」아주 오랜 세월 동안.
「3」오랜 세월을 통하여 그 종류가 드문 일.",0,0,0,"층화표본(명사/일반어)",L4,"2026-10-01 07:35:17"
G5-fcef8d2373e7be3f,1,"체","감탄사",3,"못마땅하거나 아니꼽거나 화가 날 때 내는 소리.",0,0,0,"층화표본(감탄사/일반어)",L4,"2026-10-01 07:35:21"
G5-ab0a37f0461f391b,1,"축하문","명사",0,"축하하는 뜻을 나타내기 위하여 적은 글.",0,0,0,"층화표본(명사/일반어)",L3,"2026-10-01 07:35:23"
G5-5a852850f4ed0e6f,1,"춘곤증","명사",0,"봄철에 나른하고 피로를 쉽게 느끼는 증상. 환경 변화에 몸이 적응하지 못하여 생긴다.",0,0,0,"층화표본(명사/일반어)",L3,"2026-10-01 07:35:26"
G5-3a3fa28212cbd5ef,1,"치어","명사",2,"알에서 깬 지 얼마 안 되는 어린 물고기.",0,0,0,"층화표본(명사/일반어)",L3,"2026-10-01 07:35:29"
G5-37bfdbe7465049a9,1,"캘커타","명사",0,"‘콜카타’의 전 이름.",1,0,0,"층화표본(명사/전문어)",L4,"2026-10-01 07:35:35"
G5-4e23b8f2082b588a,1,"쾌속","명사",0,"속도가 매우 빠름. 또는 그 속도.",0,0,0,"층화표본(명사/일반어)",L3,"2026-10-01 07:35:38"
G5-44a69a009f753aa8,1,"타향","명사",1,"자기 고향이 아닌 고장.",0,0,0,"층화표본(명사/일반어)",L3,"2026-10-01 07:35:41"
G5-9a8bb8abc0cfa4da,1,"탄생석","명사",0,"태어난 달을 상징하는 보석. 행운을 불러들인다고 하여 몸에 지닌다.",0,0,0,"층화표본(명사/일반어)",L3,"2026-10-01 07:35:47"
G5-01725eddae69e013,1,"팩","부사",2,"「1」작은 몸집으로 지지 아니하려고 강퍅하게 대드는 모양.
「2」갑자기 성을 내는 모양.
「3」갑자기 방향을 돌리는 모양.
「4」순간적으로 머리를 기지 있게 쓰거나 생각이 잘 떠오르는 모양.",0,1,0,"층화표본(부사/일반어)",L4,"2026-10-01 07:35:52"
G5-25ba52eb835b5d79,1,"품팔이","명사",0,"품삯을 받고 남의 일을 해 주는 일. 또는 그런 사람.",0,0,0,"층화표본(명사/일반어)",L3,"2026-10-01 07:35:58"
G5-8dc227085473c585,1,"하오","명사",3,"낮 열두 시부터 밤 열두 시까지의 시간.",0,0,0,"층화표본(명사/일반어)",L4,"2026-10-01 07:36:01"
G5-69d419978e0cf85e,1,"합죽선","명사",0,"얇게 깎은 겉대를 맞붙여서 살을 만든, 접었다 폈다 하게 된 부채.",0,0,0,"층화표본(명사/일반어)",L4,"2026-10-01 07:36:04"
G5-80c717622f097d44,1,"해명하다","동사",0,"까닭이나 내용을 풀어서 밝히다.",0,0,0,"층화표본(동사/일반어)",L3,"2026-10-01 07:36:10"
G5-d056b31791209fae,1,"해중","명사",1,"「1」바다의 속.
「2」바다 가운데.",0,0,0,"층화표본(명사/일반어)",L4,"2026-10-01 07:36:12"
G5-81fe200c24117ec5,1,"혈세","명사",2,"「1」가혹한 조세.
「2」피와 같은 세금이라는 뜻으로, 귀중한 세금을 비유적으로 이르는 말.",0,0,0,"층화표본(명사/일반어)",L3,"2026-10-01 07:36:19"
G5-04c5b7256a520ffc,1,"화전민","명사",0,"화전을 일구어 농사를 짓는 사람.",1,0,0,"층화표본(명사/전문어)",L3,"2026-10-01 07:36:22"
G5-95b7dd4ace059499,1,"회답서","명사",0,"물음이나 편지 따위에 반응하는 글.",0,0,0,"층화표본(명사/일반어)",L4,"2026-10-01 07:36:25"
G5-36f40d4775d9e761,1,"희희낙락거리다","동사",0,"계속 매우 기뻐하고 즐거워하다.",0,0,0,"층화표본(동사/일반어)",L3,"2026-10-01 07:36:30"
G5-02a90c5d129e44ce,2,"걸음걸음","명사/부사",0,"[Ⅰ]각 걸음. 또는 모든 걸음.
[Ⅱ]걸음을 걸을 적마다.",0,0,0,"층화표본(2차 배치, seed=20261002, 품사×전문어분야)",L3,"2026-10-01 12:48:37"
G5-87f46e6be59d7d9f,2,"검인","명사",3,"「1」서류나 물건을 검토한 표시로 도장을 찍는 일. 또는 그 도장.
「2」지은이가 자신이 지은 책의 발행 부수를 확인하기 위하여 판권장에 도장을 찍는 일. 또는 그 도장. 흔히 이 도장의 수(數)에 따라서 책의 인세(印稅)가 계산된다.",0,0,0,"층화표본(2차 배치, seed=20261002, 품사×전문어분야)",L4,"2026-10-01 12:48:41"
G5-15d9d99fbc5ed1f2,2,"견학단","명사",0,"견학을 목적으로 만든 단체.",0,0,0,"층화표본(2차 배치, seed=20261002, 품사×전문어분야)",L3,"2026-10-01 12:48:47"
G5-288ade20add47e11,2,"경조사","명사",0,"경사스러운 일과 불행한 일.",0,0,0,"층화표본(2차 배치, seed=20261002, 품사×전문어분야)",L3,"2026-10-01 12:48:51"
G5-084615a4584bb33a,2,"고금","명사",2,"예전과 지금을 아울러 이르는 말.",0,0,0,"층화표본(2차 배치, seed=20261002, 품사×전문어분야)",L4,"2026-10-01 12:48:54"
G5-b8a904a6d6544336,2,"고쟁이","명사",0,"한복에 입는 여자 속옷의 하나. 속속곳 위, 단속곳 밑에 입는 아래 속곳으로, 통이 넓지만 발목 부분으로 내려가면서 좁아지고 밑을 여미도록 되어 있다. 여름에 많이 입으며 무명, 베, 모시 따위를 홑으로 박아 짓는다.",0,0,0,"층화표본(2차 배치, seed=20261002, 품사×전문어분야)",L4,"2026-10-01 12:48:57"
G5-7626da85c211e670,2,"고학생","명사",0,"학비를 스스로 벌어서 고생하며 공부하는 학생.",0,0,0,"층화표본(2차 배치, seed=20261002, 품사×전문어분야)",L4,"2026-10-01 12:49:02"
G5-b0c32a2b4cac3bd9,2,"공기주머니","명사",0,"새의 가슴과 배에 있어 허파와 통하는 얇은 막의 주머니. 그 안에 공기를 드나들게 하여 몸이 뜨는 일을 도우며 호흡 작용을 왕성하게 한다.",1,0,0,"층화표본(2차 배치, seed=20261002, 품사×전문어분야)",L3,"2026-10-01 12:49:05"
G5-21b7161a64a3df61,2,"교군","명사",2,"「1」예전에, 한 사람이 안에 타고 둘이나 넷이 들거나 메던, 조그만 집 모양의 탈것. 연(輦), 덩, 초헌(軺軒), 남여(籃輿), 사인교(四人轎) 따위가 있다.
「2」가마를 메는 사람.
「3」가마를 메는 일.",0,0,0,"층화표본(2차 배치, seed=20261002, 품사×전문어분야)",L4,"2026-10-01 12:49:10"
G5-40fd9cf0513a6748,2,"꺼칠하다","형용사",0,"여위거나 메말라 살갗이나 털이 윤기가 없고 거칠다. ‘거칠하다’보다 센 느낌을 준다.",0,0,0,"층화표본(2차 배치, seed=20261002, 품사×전문어분야)",L3,"2026-10-01 12:49:16"
G5-37cc25e44a738f86,2,"껌벅","부사",0,"「1」큰 불빛이나 별빛 따위가 잠깐 어두워졌다 밝아지는 모양. 또는 밝아졌다 어두워지는 모양.
「2」큰 눈이 잠깐 감겼다 뜨이는 모양.",0,0,0,"층화표본(2차 배치, seed=20261002, 품사×전문어분야)",L3,"2026-10-01 12:49:21"
G5-f304772bb976a02f,2,"나무쇠싸움","명사",0,"경상남도 영산에 전승되는 민속놀이. 나무로 소의 모양을 만들고 편을 갈라 서로 겨루어 상대편을 먼저 땅에 주저앉히는 편이 이긴다. 우리나라 국가 무형유산으로, 국가 무형유산 정식 명칭은 '영산 쇠머리대기'이다.",1,0,0,"층화표본(2차 배치, seed=20261002, 품사×전문어분야)",L4,"2026-10-01 12:49:24"
G5-77e0c33c6c0510fe,2,"나무아미타불","명사/감탄사",0,"[Ⅰ]「1」아미타불에 돌아가 의지함을 이르는 말.
[Ⅰ]「2」공들인 일이 헛일이 됨을 이르는 말.
[Ⅱ]아미타불에 돌아가 의지한다는 뜻으로, 염불할 때 외는 소리.",1,0,0,"층화표본(2차 배치, seed=20261002, 품사×전문어분야)",L3,"2026-10-01 12:49:30"
G5-c02960d8706f5e30,2,"내야수","명사",0,"야구에서, 일루수ㆍ이루수ㆍ삼루수ㆍ유격수를 통틀어 이르는 말.",1,0,0,"층화표본(2차 배치, seed=20261002, 품사×전문어분야)",L3,"2026-10-01 12:49:34"
G5-13a70bd06c6f58cf,2,"너","관형사",2,"그 수량이 넷임을 나타내는 말.",0,0,0,"층화표본(2차 배치, seed=20261002, 품사×전문어분야)",L4,"2026-10-01 12:49:44"
G5-c679c518f9204df8,2,"노사","명사",7,"노동자와 사용자를 아울러 이르는 말.",0,0,0,"층화표본(2차 배치, seed=20261002, 품사×전문어분야)",L4,"2026-10-01 12:49:47"
G5-108296da3208d97a,2,"노여워하다","동사",0,"화가 치밀 만큼 분해하거나 섭섭해하다.",0,0,0,"층화표본(2차 배치, seed=20261002, 품사×전문어분야)",L3,"2026-10-01 12:49:50"
G5-a71a19a47aee8d59,2,"단음","명사",2,"낱말을 이루는 소리 가운데 원래 긴소리에 비해 짧게 내는 소리.",1,0,0,"층화표본(2차 배치, seed=20261002, 품사×전문어분야)",L3,"2026-10-01 12:49:54"
G5-978789e2dc690091,2,"뒤룩뒤룩","부사",2,"군살이 처지도록 살이 몹시 쪄서 뚱뚱한 모양.",0,0,0,"층화표본(2차 배치, seed=20261002, 품사×전문어분야)",L3,"2026-10-01 12:49:58"
G5-54df23dad662ca23,2,"명시","명사",1,"이름난 시. 또는 아주 잘 지은 시.",0,0,0,"층화표본(2차 배치, seed=20261002, 품사×전문어분야)",L3,"2026-10-01 12:50:03"
G5-be52d7e48cccce04,2,"모기약","명사",0,"모기를 쫓거나 잡는 데에 쓰는 약.",0,0,0,"층화표본(2차 배치, seed=20261002, 품사×전문어분야)",L3,"2026-10-01 12:50:09"
G5-fce5b671cbbb34ba,2,"문민","명사",0,"직업 군인이 아닌 일반 국민.",0,0,0,"층화표본(2차 배치, seed=20261002, 품사×전문어분야)",L4,"2026-10-01 12:50:12"
G5-ff77e435aa12c676,2,"미지수","명사",0,"「1」방정식에서 구하려고 하는 수. 또는 그것을 나타내는 글자.
「2」예측할 수 없는 앞일.",1,0,0,"층화표본(2차 배치, seed=20261002, 품사×전문어분야)",L3,"2026-10-01 12:50:15"
G5-c26610ca828c6022,2,"범행자","명사",0,"범죄 행위를 한 사람.",0,0,0,"층화표본(2차 배치, seed=20261002, 품사×전문어분야)",L3,"2026-10-01 12:50:18"
G5-effce8eb3869356c,2,"변성기","명사",2,"사춘기에 성대에 변화가 일어나 목소리가 변하는 시기. 12세~15세이다.",1,0,0,"층화표본(2차 배치, seed=20261002, 품사×전문어분야)",L3,"2026-10-01 12:50:21"
G5-8e90d6a03be661aa,2,"별표","명사",1,"「1」별 모양의 표.
「2」참조, 생략, 비문법성 따위를 나타내는 표.",0,0,0,"층화표본(2차 배치, seed=20261002, 품사×전문어분야)",L3,"2026-10-01 12:50:24"
G5-3a284b04c0450b8c,2,"볼트","의존 명사",2,"전위차, 전압, 기전력의 국제단위. 1볼트는 1옴의 도체에 1암페어의 전류가 통하였을 때 그 도체의 양 끝에 생기는 전위차이다. 기호는 V.",1,0,0,"층화표본(2차 배치, seed=20261002, 품사×전문어분야)",L3,"2026-10-01 12:50:27"
G5-21b28d67288ef812,2,"봉양","명사",0,"부모나 조부모와 같은 웃어른을 받들어 모심.",0,0,0,"층화표본(2차 배치, seed=20261002, 품사×전문어분야)",L4,"2026-10-01 12:50:34"
G5-b565e2c77bbce6ba,2,"부서뜨리다","동사",0,"「1」단단한 물체를 깨어서 여러 조각이 나게 하다.
「2」짜서 만든 물건 따위를 제대로 쓸 수 없게 헐어지거나 깨어지게 하다.
「3」희망이나 기대 따위를 무너지게 하다.",0,0,0,"층화표본(2차 배치, seed=20261002, 품사×전문어분야)",L3,"2026-10-01 12:50:42"
G5-0985caea6a34fc03,2,"부탄","명사",2,"인도와 티베트 사이, 히말라야산맥 동부에 위치해 있는 나라. 기본적으로 티베트 문화권이며, 1947년 영국 보호령에서 독립하였으나 1949년 외교권을 인도에 이양하였다. 쌀ㆍ밀ㆍ옥수수 따위를 생산하고, 소ㆍ돼지 따위를 축산하며, 주민은 대부분이 티베트계로 라마교와 불교를 신봉하고 주요 언어는 티베트어이다. 수도는 팀푸(Thimphu), 면적은 4만 1440㎢.",1,1,0,"층화표본(2차 배치, seed=20261002, 품사×전문어분야)",L4,"2026-10-01 12:50:47"
G5-9f53390c7d103623,2,"불협화음","명사",0,"「1」둘 이상의 음이 동시에 날 때, 서로 어울리지 아니하여 불안정한 느낌을 주는 음.
「2」어떤 집단 내의 사람들 사이가 원만하지 않음을 비유적으로 이르는 말.",1,0,0,"층화표본(2차 배치, seed=20261002, 품사×전문어분야)",L3,"2026-10-01 12:50:57"
G5-317880d2b72f102c,2,"비복","명사",0,"계집종과 사내종을 아울러 이르는 말.",0,0,0,"층화표본(2차 배치, seed=20261002, 품사×전문어분야)",L4,"2026-10-01 12:51:00"
G5-5e93da20f4e64ba3,2,"빌어먹을","관형사/감탄사",0,"[Ⅰ]지독하고 몹쓸.
[Ⅱ]일이 뜻대로 되지 아니하여 속이 상하거나 분개할 때 욕으로 하는 말.",0,0,0,"층화표본(2차 배치, seed=20261002, 품사×전문어분야)",L3,"2026-10-01 12:51:03"
G5-c3382c55799316a6,2,"사이클","명사/의존 명사",0,"[Ⅰ]「1」열역학 따위에서 물체의 상태가 어떤 변화를 일으켰다가 다시 원래의 상태로 되돌아올 때까지의 일련의 과정.
[Ⅰ]「2」→ 자전거.
[Ⅰ]「3」→ 주파수.
[Ⅱ]주파수의 단위. 전기나 소리의 진동 현상으로 1초 동안에 같은 위상이 돌아오는 횟수를 나타내며, 헤르츠(Hertz)로 표시한다.",1,0,0,"층화표본(2차 배치, seed=20261002, 품사×전문어분야)",L3,"2026-10-01 12:51:09"
G5-9ebfb75821a2164a,2,"상용","명사",3,"일상적으로 씀.",0,0,0,"층화표본(2차 배치, seed=20261002, 품사×전문어분야)",L3,"2026-10-01 12:51:12"
G5-f1fe9cb9475e2795,2,"새침하다","형용사/동사",0,"[Ⅰ]쌀쌀맞게 시치미를 떼는 태도가 있다.
[Ⅱ]짐짓 쌀쌀한 기색을 꾸미다.",0,0,0,"층화표본(2차 배치, seed=20261002, 품사×전문어분야)",L3,"2026-10-01 12:51:28"
G5-69e0f75cf7da47cb,2,"서유견문","명사",0,"조선 고종 32년(1895)에 유길준이 미국과 유럽을 여행하면서 보고 느낀 바를 적은 책. 국한문체로 된 최초의 기행문으로, 언문일치의 선구적 역할을 하였으며, 개화사상에 눈을 뜨게 하여 갑오개혁의 사상적 배경이 되었다. 1책.",1,0,0,"층화표본(2차 배치, seed=20261002, 품사×전문어분야)",L4,"2026-10-01 12:51:32"
G5-a1fa2aaf7110a252,2,"소산","명사",2,"「1」어떤 지역에서 생산되는 물건.
「2」어떤 행위나 상황 따위에 의한 결과로 나타나는 현상.",0,0,0,"층화표본(2차 배치, seed=20261002, 품사×전문어분야)",L4,"2026-10-01 12:51:36"
G5-30487f50a4957e6b,2,"속대","명사",1,"「1」푸성귀의 겉대 속에 있는 줄기나 잎.
「2」어떤 물체의 가운데를 꿰는 대.",0,0,0,"층화표본(2차 배치, seed=20261002, 품사×전문어분야)",L4,"2026-10-01 12:51:40"
G5-0c775f5c27362d4a,2,"수시","명사",5,"일정하게 정하여 놓은 때 없이 그때그때 상황에 따름.",0,0,0,"층화표본(2차 배치, seed=20261002, 품사×전문어분야)",L3,"2026-10-01 12:51:43"
G5-2fac71523c3c7e31,2,"숙련","명사",0,"연습을 많이 하여 능숙하게 익힘.",0,0,0,"층화표본(2차 배치, seed=20261002, 품사×전문어분야)",L3,"2026-10-01 12:51:46"
G5-16e3457db5efb453,2,"숭앙","명사",0,"공경하여 우러러봄.",0,0,0,"층화표본(2차 배치, seed=20261002, 품사×전문어분야)",L4,"2026-10-01 12:51:49"
G5-37eee04180f61b8e,2,"스리슬쩍","부사",0,"남이 모르는 사이에 아주 빠르게.",0,0,0,"층화표본(2차 배치, seed=20261002, 품사×전문어분야)",L4,"2026-10-01 12:51:52"
G5-d1824565f1e1b9d1,2,"승첩하다","동사",0,"싸움에서 이기다.",0,0,0,"층화표본(2차 배치, seed=20261002, 품사×전문어분야)",L4,"2026-10-01 12:51:57"
G5-d7b6c413ea970ac3,2,"신통","명사/품사 없음",1,"[Ⅰ]무슨 일이든지 해낼 수 있는 영묘하고 불가사의한 힘이나 능력. 불교에서는 선정(禪定)을 수행함으로써 이를 얻을 수 있다고 한다.
[Ⅱ]‘신통하다01’의 어근.",0,0,0,"층화표본(2차 배치, seed=20261002, 품사×전문어분야)",L3,"2026-10-01 12:52:01"
G5-b5364a7010af6ca0,2,"아멘","감탄사",2,"기도나 찬송 또는 설교 끝에 그 내용에 동의하거나 그것이 이루어지기를 바란다는 뜻으로 하는 말.",1,0,0,"층화표본(2차 배치, seed=20261002, 품사×전문어분야)",L3,"2026-10-01 12:52:04"
G5-39a4e81b714f5ff4,2,"아무개","대명사",0,"어떤 사람을 구체적인 이름 대신 이르는 인칭 대명사.",0,0,0,"층화표본(2차 배치, seed=20261002, 품사×전문어분야)",L3,"2026-10-01 12:52:06"
G5-3f37a66e5d7c35c6,2,"아무렴","감탄사",0,"말할 나위 없이 그렇다는 뜻으로, 상대편의 말에 강한 긍정을 보일 때 하는 말.",0,0,0,"층화표본(2차 배치, seed=20261002, 품사×전문어분야)",L3,"2026-10-01 12:52:10"
G5-6a7b802b9c395b22,2,"아이스박스","명사",0,"얼음을 넣어 그 냉기로 음식물을 차게 보관하는 상자.",0,0,0,"층화표본(2차 배치, seed=20261002, 품사×전문어분야)",L3,"2026-10-01 12:52:12"
G5-94ad1e031dd38820,2,"애기하다","동사",0,"자기를 사랑하다.",0,0,0,"층화표본(2차 배치, seed=20261002, 품사×전문어분야)",L4,"2026-10-01 12:52:18"
G5-cae4bbe18349fdf8,2,"양금","명사",3,"「1」채로 줄을 쳐서 소리를 내는 현악기의 하나. 사다리꼴의 오동나무 겹 널빤지에 받침을 세우고 놋쇠로 만든 줄을 열네 개 매어 대나무로 만든 채로 쳐서 소리를 낸다. 금속성의 맑은 음색을 지녀 현악 영산회상과 같은 관현악 또는 단소와의 병주(並奏) 따위에 쓰인다. 조선 영조 때 아라비아에서 청나라를 거쳐 우리나라에 들어왔다.
「2」‘피아노01’를 달리 이르는 말.",1,0,0,"층화표본(2차 배치, seed=20261002, 품사×전문어분야)",L4,"2026-10-01 12:52:22"
G5-5b6159140976c02f,2,"어진","명사",0,"임금의 화상(畫像)이나 사진.",0,0,0,"층화표본(2차 배치, seed=20261002, 품사×전문어분야)",L4,"2026-10-02 04:01:01"
G5-ebb6c66ecb05d499,2,"어쨌건","부사/품사 없음",0,"[Ⅰ]사태가 어떻게 되었는지 관계없이.
[Ⅱ]‘어찌하였건’이 줄어든 말.",0,0,0,"층화표본(2차 배치, seed=20261002, 품사×전문어분야)",L3,"2026-10-01 12:52:30"
G5-d388828224f886ec,2,"에스키모","명사",0,"북극, 캐나다, 그린란드 및 시베리아의 북극 지방에 사는 인종. 피부는 황색으로 주로 수렵ㆍ어로에 종사하고, 여름에는 흩어져 살다가 겨울에는 집단으로 거주한다.",1,0,0,"층화표본(2차 배치, seed=20261002, 품사×전문어분야)",L3,"2026-10-01 12:52:34"
G5-91f5a77a39d93785,2,"연중행사","명사",0,"해마다 일정한 시기를 정하여 놓고 하는 행사.",0,0,0,"층화표본(2차 배치, seed=20261002, 품사×전문어분야)",L3,"2026-10-01 12:52:37"
G5-1b7a1278ef264651,2,"오이시디","명사",0,"경제 성장, 개발 도상국 원조, 통상 확대의 세 가지를 주요 목적으로 하여 1961년에 창설된 국제 경제 협력 기구. 우리나라는 1996년에 회원국으로 가입하였다.",1,0,0,"층화표본(2차 배치, seed=20261002, 품사×전문어분야)",L4,"2026-10-01 12:52:43"
G5-673bf162d9ab034c,2,"옹고집전","명사",0,"조선 후기의 판소리계 소설. 부자이면서 인색하고 불효자인 옹고집이 승려의 조화로 가짜 옹고집에게 쫓겨나 갖은 고생을 하면서, 잘못을 뉘우치고 착한 사람이 된다는 이야기이다. 작가와 연대는 알 수 없다.",1,0,0,"층화표본(2차 배치, seed=20261002, 품사×전문어분야)",L3,"2026-10-01 12:52:45"
G5-73d379176ce678a6,2,"와와","부사/감탄사",0,"[Ⅰ]「1」여러 사람이 한꺼번에 잇따라 웃거나 소리를 지르거나 시끄럽게 떠들어 대는 소리. 또는 그 모양.
[Ⅰ]「2」여럿이 한곳으로 힘차게 자꾸 몰리거나 흩어지는 모양.
[Ⅱ]「1」‘우아우아「1」’의 준말.
[Ⅱ]「2」‘우아우아「2」’의 준말.
[Ⅱ]「3」‘우아우아「3」’의 준말.",0,0,0,"층화표본(2차 배치, seed=20261002, 품사×전문어분야)",L3,"2026-10-01 12:52:50"
G5-954dcec048fcf60e,2,"외박하다","동사",0,"자기 집이나 일정한 숙소에서 자지 아니하고 딴 데 나가서 자다.",0,0,0,"층화표본(2차 배치, seed=20261002, 품사×전문어분야)",L3,"2026-10-01 12:52:52"
G5-ea479b2f55daa588,2,"외성","명사",3,"성 밖에 겹으로 둘러쌓은 성.",0,0,0,"층화표본(2차 배치, seed=20261002, 품사×전문어분야)",L4,"2026-10-02 04:00:07"
G5-656d62d62cc25ae5,2,"용감무쌍하다","형용사",0,"용기가 있으며 씩씩하고 기운차기 짝이 없다.",0,0,0,"층화표본(2차 배치, seed=20261002, 품사×전문어분야)",L3,"2026-10-01 12:53:00"
G5-0e4e6e2846c46b25,2,"유기","명사",2,"언제까지라고 정한 기한이 있음.",0,1,0,"층화표본(2차 배치, seed=20261002, 품사×전문어분야)",L4,"2026-10-01 12:53:05"
G5-62db44d358bd9745,2,"유치장","명사",0,"피의자나 경범죄를 지은 사람 등을 한때 가두어 두는 곳. 각 경찰서에 있다.",0,0,0,"층화표본(2차 배치, seed=20261002, 품사×전문어분야)",L3,"2026-10-01 12:53:08"
G5-e409e1104d4ba9d7,2,"은덕","명사",1,"「1」은혜와 덕. 또는 은혜로운 덕.
「2」삼덕(三德)의 하나. 부처가 중생을 구제하려는 덕을 이른다.",1,0,0,"층화표본(2차 배치, seed=20261002, 품사×전문어분야)",L4,"2026-10-01 12:53:12"
G5-2dba851a36ec3638,2,"이따위","대명사/관형사",0,"[Ⅰ]이러한 부류의 대상을 낮잡아 이르는 지시 대명사.
[Ⅱ](낮잡는 뜻으로) 이러한 부류의.",0,0,0,"층화표본(2차 배치, seed=20261002, 품사×전문어분야)",L3,"2026-10-01 12:53:14"
G5-7627eeba20ba7a7f,2,"이래","품사 없음",1,"「1」‘이리하여’가 줄어든 말.
「2」‘이러하여’가 줄어든 말.",0,0,0,"층화표본(2차 배치, seed=20261002, 품사×전문어분야)",L4,"2026-10-02 04:01:35"
G5-258e6bf7d52e8e30,2,"이만치","부사/명사",0,"[Ⅰ]이만한 정도로.
[Ⅱ]이만한 정도.",0,0,0,"층화표본(2차 배치, seed=20261002, 품사×전문어분야)",L4,"2026-10-01 12:53:23"
G5-78409eadb0ec0f24,2,"일고여덟","수사/관형사",0,"[Ⅰ]일곱이나 여덟쯤 되는 수.
[Ⅱ]일곱이나 여덟쯤 되는 수의.",0,0,0,"층화표본(2차 배치, seed=20261002, 품사×전문어분야)",L3,"2026-10-01 12:53:31"
G5-43f7494184776546,2,"일수","명사",8,"「1」날의 수.
「2」그날의 운수.",1,0,0,"층화표본(2차 배치, seed=20261002, 품사×전문어분야)",L3,"2026-10-01 12:53:35"
G5-c82045ccb2ffc215,2,"일엽편주","명사",0,"한 척의 조그마한 배.",0,0,0,"층화표본(2차 배치, seed=20261002, 품사×전문어분야)",L4,"2026-10-01 12:53:39"
G5-7d4953428e8c29c6,2,"자질구레하다","형용사",0,"모두가 잘고 시시하여 대수롭지 아니하다.",0,0,0,"층화표본(2차 배치, seed=20261002, 품사×전문어분야)",L3,"2026-10-01 12:53:47"
G5-7c90fea98a30e2c9,2,"작은개자리","명사",0,"오리온자리와 쌍둥이자리 사이에 있는 별자리. 3월 초순에 자오선을 통과한다. 알파성(α星)인 프로키온은 밝기가 1등급인 실시 쌍성이다.",1,0,0,"층화표본(2차 배치, seed=20261002, 품사×전문어분야)",L4,"2026-10-01 12:53:52"
G5-ac1d745f570b5877,2,"장장","관형사/품사 없음",2,"[Ⅰ]분량이나 시간상의 길이 따위가 예상보다 상당히 많거나 긺을 나타내는 말.
[Ⅱ]‘장장하다01’의 어근.",0,0,0,"층화표본(2차 배치, seed=20261002, 품사×전문어분야)",L4,"2026-10-01 12:53:56"
G5-22b1c6b714665ce3,2,"재담","명사",0,"익살과 재치를 부리며 재미있게 이야기함. 또는 그런 말.",0,0,0,"층화표본(2차 배치, seed=20261002, 품사×전문어분야)",L4,"2026-10-02 04:00:35"
G5-35704bdfbc0772d7,2,"죔죔","감탄사/명사",0,"[Ⅰ]‘죄암죄암[Ⅰ]’의 준말.
[Ⅱ]‘죄암죄암[Ⅱ]’의 준말.",0,0,0,"층화표본(2차 배치, seed=20261002, 품사×전문어분야)",L4,"2026-10-01 12:54:03"
G5-298c9f8edb0f38fe,2,"중심각","명사",0,"원의 두 반지름이 만드는 각.",1,0,0,"층화표본(2차 배치, seed=20261002, 품사×전문어분야)",L3,"2026-10-01 12:54:05"
G5-64577cad723be7d1,2,"지우다","동사",5,"「1」물건을 짊어서 등에 얹게 하다. ‘지다05[1]’의 사동사.
「2」책임이나 의무를 맡기다. ‘지다05[3]「2」’의 사동사.
「3」빌린 돈을 갚아야 할 의무를 갖게 하다. ‘지다05[3]「3」’의 사동사.",0,1,0,"층화표본(2차 배치, seed=20261002, 품사×전문어분야)",L3,"2026-10-01 12:54:08"
G5-675d808ad643a66c,2,"찍","부사",1,"「1」줄이나 획을 세게 한 번 긋는 소리. 또는 그 모양. ‘직02「1」’보다 센 느낌을 준다.
「2」종이나 천 따위를 세게 찢는 소리. 또는 그 모양. ‘직02「2」’보다 센 느낌을 준다.",0,1,0,"층화표본(2차 배치, seed=20261002, 품사×전문어분야)",L3,"2026-10-01 12:54:11"
G5-c95c031b9f9c7593,2,"참말","명사/부사/감탄사",0,"[Ⅰ]「1」사실과 조금도 틀림이 없는 말.
[Ⅰ]「2」겉으로 내비치지 아니한 사실을 말할 때 쓰는 말.
[Ⅰ]「3」자신의 말을 강조할 때 쓰는 말.
[Ⅱ]사실과 조금도 다름이 없이 과연.
[Ⅲ]「1」어떤 일을 심각하게 느끼거나 동의할 때 하는 말.
[Ⅲ]「2」어떤 사람이나 물건 따위에 대하여 화가 나거나 기가 막힘을 나타내는 말.",0,0,0,"층화표본(2차 배치, seed=20261002, 품사×전문어분야)",L3,"2026-10-01 12:54:14"
G5-24580b12dad90e07,2,"촉각","명사",2,"물건이 피부에 닿아서 느껴지는 감각. 압각(壓覺), 통각(痛覺) 따위이다.",1,1,0,"층화표본(2차 배치, seed=20261002, 품사×전문어분야)",L3,"2026-10-01 12:54:16"
G5-5e94775bbb42107e,2,"총합계","명사",0,"모두를 합하여 셈함. 또는 그런 수.",0,0,0,"층화표본(2차 배치, seed=20261002, 품사×전문어분야)",L3,"2026-10-01 12:54:19"
G5-f174901693726b16,2,"최대치","명사",0,"「1」가장 큰 값.
「2」실숫값을 취하는 함수가 그 정의구역 안에서 취하는 가장 큰 값.",1,0,0,"층화표본(2차 배치, seed=20261002, 품사×전문어분야)",L3,"2026-10-01 12:54:21"
G5-9f8a5cc594e60916,2,"큰곰","명사",1,"곰과의 포유류. 몸의 길이는 2~2.8미터이며 거대하고 어깨가 등보다 높다. 어릴 때는 반달 가슴이 있다. 비교적 나무에 잘 오르나 다 커서는 서투르다. 야행성으로 단독 생활을 한다. 잡식성으로 북아메리카, 아시아, 유럽 등지의 산지에 분포한다.",1,0,0,"층화표본(2차 배치, seed=20261002, 품사×전문어분야)",L3,"2026-10-01 12:54:24"
G5-2fdadf3c1db1466b,2,"큰삼촌","명사",0,"「1」둘 이상의 삼촌 가운데 맏이인 삼촌을 이르거나 부르는 말.
「2」삼촌들 가운데 자기 아버지보다 나이가 많은 삼촌.",0,0,0,"층화표본(2차 배치, seed=20261002, 품사×전문어분야)",L3,"2026-10-01 12:54:26"
G5-9178460f3297687e,2,"터럭","명사",0,"「1」사람이나 길짐승의 몸에 난 길고 굵은 털.
「2」아주 작거나 사소한 것을 비유적으로 이르는 말.",0,0,0,"층화표본(2차 배치, seed=20261002, 품사×전문어분야)",L4,"2026-10-01 12:54:29"
G5-849d93d9dbaa799b,2,"턱수염","명사",0,"아래턱에 난 수염.",0,0,0,"층화표본(2차 배치, seed=20261002, 품사×전문어분야)",L3,"2026-10-01 12:54:33"
G5-d98571818b1d4c26,2,"파운드","의존 명사",1,"「1」야드파운드법에 의한 무게의 단위. 1파운드는 1온스의 16배로 약 453.592그램에 해당한다. 기호는 lb.
「2」영국의 화폐 단위. 1파운드는 1페니의 100배이다. 기호는 ￡.
「3」이스라엘, 이집트, 아일랜드, 키프로스 등의 화폐 단위.",0,0,0,"층화표본(2차 배치, seed=20261002, 품사×전문어분야)",L3,"2026-10-01 12:54:37"
G5-88ade883dcf18ae7,2,"파키스탄","명사",0,"인도반도 서북부에 있는 공화국. 1947년 영국령 인도에서 분리하여 독립하였으며, 동파키스탄과 서파키스탄으로 분리되어 있다가 1971년 동파키스탄이 방글라데시로 독립하여 지금의 영토가 확정되었다. 주산업은 농업으로 밀ㆍ목화ㆍ사탕수수가 많이 나며, 주민은 튀르키예ㆍ이란 계통으로 대부분이 이슬람교도이고 주요 언어는 우르두어와 영어이다. 수도는 이슬라마바드, 면적은 80만 3944㎢.",1,0,0,"층화표본(2차 배치, seed=20261002, 품사×전문어분야)",L3,"2026-10-01 12:54:40"
G5-611be4c014a30387,2,"판전","명사",0,"경판(經板)을 쌓아 두는 전각.",1,0,0,"층화표본(2차 배치, seed=20261002, 품사×전문어분야)",L4,"2026-10-01 12:54:44"
G5-9662cecc55e4e161,2,"편익","명사",0,"편리하고 유익함.",0,0,0,"층화표본(2차 배치, seed=20261002, 품사×전문어분야)",L4,"2026-10-01 12:54:46"
G5-36deb023167c53ff,2,"포장도로","명사",0,"길바닥에 돌과 모래 따위를 깔고 그 위에 시멘트나 아스팔트 따위로 덮어 단단하게 다져 사람이나 자동차가 다닐 수 있도록 꾸민 비교적 넓은 길.",0,0,0,"층화표본(2차 배치, seed=20261002, 품사×전문어분야)",L3,"2026-10-01 12:54:49"
G5-b913b0fe410c1dc7,2,"표결","명사",2,"투표를 하여 결정함.",0,1,0,"층화표본(2차 배치, seed=20261002, 품사×전문어분야)",L3,"2026-10-01 12:54:51"
G5-2497efdf106d7391,2,"핀잔주다","동사",0,"핀잔을 하다.",0,0,0,"층화표본(2차 배치, seed=20261002, 품사×전문어분야)",L3,"2026-10-01 12:54:55"
G5-38690569e7f4f509,2,"한재","명사",1,"가뭄으로 인하여 생기는 재앙.",0,0,0,"층화표본(2차 배치, seed=20261002, 품사×전문어분야)",L4,"2026-10-01 12:55:00"
G5-3110a0f4c95c7c8d,2,"해독기","명사",0,"암호화된 정보를 복원하거나 다른 형태로 변환하거나 하는 장치.",1,0,0,"층화표본(2차 배치, seed=20261002, 품사×전문어분야)",L4,"2026-10-01 12:55:05"
G5-061fc05d0d57dfec,2,"호령하다","동사",0,"「1」부하나 동물 따위를 지휘하여 명령하다.
「2」큰 소리로 꾸짖다.
「3」여러 사람이 일정한 동작을 일제히 취하도록 하기 위하여 지휘자가 말로 간단한 명령을 내리다. 주로 단체 행동에서 한다.",0,0,0,"층화표본(2차 배치, seed=20261002, 품사×전문어분야)",L3,"2026-10-01 12:55:08"
G5-907a1f279a938291,2,"호위하다","동사",2,"따라다니며 곁에서 보호하고 지키다.",0,0,0,"층화표본(2차 배치, seed=20261002, 품사×전문어분야)",L3,"2026-10-01 12:55:10"
G5-ac38dd29b7d99ee6,2,"혼연","명사",2,"마땅히 머뭇거리거나 두려워할 상황에서 태도나 기색이 아무렇지도 않은 듯이 예사로움.",0,0,0,"층화표본(2차 배치, seed=20261002, 품사×전문어분야)",L4,"2026-10-01 12:55:14"
G5-97bd7832cda56d61,2,"홀치다","동사",1,"풀리지 않도록 단단히 동여매다.",0,0,0,"층화표본(2차 배치, seed=20261002, 품사×전문어분야)",L4,"2026-10-01 12:55:21"
G5-4eb3bc6dcaa38333,2,"획일적","명사/관형사",0,"[Ⅰ]「1」모두가 한결같아서 다름이 없는 것.
[Ⅰ]「2」모두가 가지런하게 고른 것.
[Ⅱ]「1」모두가 한결같아서 다름이 없는.
[Ⅱ]「2」모두가 가지런하게 고른.",0,0,0,"층화표본(2차 배치, seed=20261002, 품사×전문어분야)",L3,"2026-10-01 12:55:26"
