candidate_id,lemma,pos,homonym_number,batch_no,official_meaning_short,student_definition,example_sentence,human_level_judgment,human_reviewed_at
G5-0c775f5c27362d4a,수시,명사,5,2,일정하게 정하여 놓은 때 없이 그때그때 상황에 따름.,정해진 때가 없이 그때그때 상황에 따라 함.,선생님께서는 수업 중 수시로 학생들의 이해도를 확인하셨다.,L3,2026-10-01 12:51:43
G5-2fac71523c3c7e31,숙련,명사,0,2,연습을 많이 하여 능숙하게 익힘.,같은 일을 여러 번 되풀이해서 솜씨가 좋아짐.,그는 오랜 숙련 끝에 능숙한 목수가 되었다.,L3,2026-10-01 12:51:46
G5-3aedc662710832d4,순서도,명사,0,1,"컴퓨터로 처리하고자 하는 문제를 분석하고 그 처리 순서를 단계화하여, 상호 간의 관계를 알기 쉽게 약속된 기호와 도형을 써서 나타낸 그림.",컴퓨터로 처리할 일의 차례를 약속된 기호와 그림으로 나타낸 표.,프로그램을 만들기 전에 먼저 순서도를 그려 처리 과정을 정리했다.,L3,2026-10-01 07:32:30
G5-cb0ca8ec0b1687e8,시찰,명사,0,1,두루 돌아다니며 실지(實地)의 사정을 살핌.,어떤 곳을 두루 돌아다니며 실제 상황을 직접 보고 살핌.,국회의원들은 수해를 입은 지역을 시찰하기 위해 현장을 방문했다.,L3,2026-10-01 07:32:33
G5-39a4e81b714f5ff4,아무개,대명사,0,2,어떤 사람을 구체적인 이름 대신 이르는 인칭 대명사.,누구인지 이름을 밝히지 않고 사람을 가리킬 때 쓰는 말.,그는 범인을 아무개라고만 부르며 이름을 밝히지 않았다.,L3,2026-10-01 12:52:06
G5-3f37a66e5d7c35c6,아무렴,감탄사,0,2,"말할 나위 없이 그렇다는 뜻으로, 상대편의 말에 강한 긍정을 보일 때 하는 말.",상대방의 말에 '정말 그렇다'며 강하게 동의할 때 하는 말.,"""우리 내일도 같이 놀 거지?"" ""아무렴, 당연하지!""",L3,2026-10-01 12:52:10
G5-6a7b802b9c395b22,아이스박스,명사,0,2,얼음을 넣어 그 냉기로 음식물을 차게 보관하는 상자.,얼음을 넣어 음식을 차갑게 보관하는 상자.,우리 가족은 캠핑을 갈 때 아이스박스에 음료수와 과일을 담아 갔다.,L3,2026-10-01 12:52:12
G5-ebf10f49fc3e8e8c,앎,명사,0,1,아는 일.,무엇을 알고 있는 것. 또는 안다는 사실 그 자체.,스스로 모른다는 것을 깨닫는 것도 하나의 앎이다.,L3,2026-10-01 07:32:36
G5-91f5a77a39d93785,연중행사,명사,0,2,해마다 일정한 시기를 정하여 놓고 하는 행사.,해마다 정해진 시기에 되풀이하여 열리는 행사.,체육 대회는 우리 학교의 대표적인 연중행사이다.,L3,2026-10-01 12:52:37
G5-e15695de1f4b174e,열등하다,형용사,0,1,보통의 수준이나 등급보다 낮다.,보통의 수준이나 등급보다 낮다.,이 기계는 최신 기계보다 성능이 열등하다.,L3,2026-10-01 07:32:54
G5-954dcec048fcf60e,외박하다,동사,0,2,자기 집이나 일정한 숙소에서 자지 아니하고 딴 데 나가서 자다.,자기 집이나 머물던 곳에서 자지 않고 다른 곳에서 밤을 지내다.,그는 친구 집에서 외박하고 다음 날 아침에 돌아왔다.,L3,2026-10-01 12:52:52
G5-656d62d62cc25ae5,용감무쌍하다,형용사,0,2,용기가 있으며 씩씩하고 기운차기 짝이 없다.,비교할 데가 없을 만큼 용기가 있고 씩씩하다.,소방관은 불길 속에서도 용감무쌍하게 사람들을 구해 냈다.,L3,2026-10-01 12:53:00
G5-6de00460b8d3f2ed,유공자,명사,0,1,공로가 있는 사람.,나라나 사회를 위해 힘써 큰 공을 세운 사람.,현충일에는 나라를 위해 희생한 유공자들을 기리는 행사가 열린다.,L3,2026-10-01 07:33:18
G5-62db44d358bd9745,유치장,명사,0,2,피의자나 경범죄를 지은 사람 등을 한때 가두어 두는 곳. 각 경찰서에 있다.,경찰서에서 죄를 지었다고 의심되는 사람을 잠시 가두어 두는 곳.,경찰은 사건의 용의자를 유치장에 가두고 조사를 시작했다.,L3,2026-10-01 12:53:08
G5-33e172c1fb916e0d,의혹하다,동사,0,1,의심하여 수상히 여기다.,무엇이 수상하다고 느껴 의심하다.,사람들은 그의 갑작스러운 행동을 의혹하기 시작했다.,L3,2026-10-01 07:33:35
G5-7f73a436a64e023d,자전축,명사,0,1,천체(天體)가 자전할 때 중심이 되는 축.,지구와 같은 천체가 스스로 돌 때 중심이 되는 가상의 선.,지구는 자전축이 23.5도 기울어진 채로 돈다.,L3,2026-10-01 07:33:48
G5-7d4953428e8c29c6,자질구레하다,형용사,0,2,모두가 잘고 시시하여 대수롭지 아니하다.,여러 가지가 다 작고 하찮아서 별로 중요하지 않다.,서랍 속에는 자질구레한 물건들이 잔뜩 들어 있었다.,L3,2026-10-01 12:53:47
G5-2fd478453d644311,자책감,명사,0,1,자신의 결함이나 잘못에 대하여 깊이 뉘우치고 자신을 책망하는 마음.,자기 잘못이나 실수를 깊이 뉘우치며 스스로를 탓하는 마음.,그는 약속을 지키지 못한 것에 대해 깊은 자책감을 느꼈다.,L3,2026-10-01 07:33:54
G5-41d7d493497694bb,조달,명사,3,1,자금이나 물자 따위를 대어 줌.,필요한 돈이나 물건을 구하여 마련해 줌.,회사는 새로운 공장을 짓기 위한 자금 조달 방법을 고민했다.,L3,2026-10-01 07:34:42
G5-9407574f98d8223a,종잡다,동사,0,1,대중으로 헤아려 잡다.,대강 짐작하여 알아내다.,그의 속마음을 도무지 종잡을 수가 없었다.,L3,2026-10-01 07:34:55
G5-298c9f8edb0f38fe,중심각,명사,0,2,원의 두 반지름이 만드는 각.,원의 중심에서 두 반지름이 만나 이루는 각.,부채꼴의 중심각이 90도이면 그 부채꼴은 원의 4분의 1이다.,L3,2026-10-01 12:54:05
G5-a1d45cd61a3f5e0b,지근지근,부사,2,1,머리가 자꾸 쑤시듯 아픈 모양.,머리가 자꾸 쑤시듯이 아픈 모양.,감기에 걸렸는지 머리가 지근지근 아팠다.,L3,2026-10-01 07:35:07
G5-040795386d94973e,차렷하다,동사,0,1,차렷 자세를 취하다.,몸을 똑바로 세우고 움직이지 않는 차렷 자세를 하다.,선생님의 구령에 맞춰 학생들은 일제히 차렷했다.,L3,2026-10-01 07:35:10
G5-5e94775bbb42107e,총합계,명사,0,2,모두를 합하여 셈함. 또는 그런 수.,모든 것을 다 더해서 셈한 수.,이번 달 용돈을 모두 더하니 총합계가 오만 원이었다.,L3,2026-10-01 12:54:19
G5-ab0a37f0461f391b,축하문,명사,0,1,축하하는 뜻을 나타내기 위하여 적은 글.,축하하는 마음을 담아 쓴 글.,졸업식에서 후배들이 쓴 축하문을 선배들에게 전달했다.,L3,2026-10-01 07:35:23
G5-5a852850f4ed0e6f,춘곤증,명사,0,1,봄철에 나른하고 피로를 쉽게 느끼는 증상. 환경 변화에 몸이 적응하지 못하여 생긴다.,봄이 되면 몸이 나른하고 쉽게 피곤해지는 증상.,따뜻한 봄날 오후가 되면 춘곤증 때문에 자꾸 졸음이 쏟아졌다.,L3,2026-10-01 07:35:26
G5-3a3fa28212cbd5ef,치어,명사,2,1,알에서 깬 지 얼마 안 되는 어린 물고기.,알에서 깨어난 지 얼마 안 된 어린 물고기.,양식장에서는 치어를 길러 바다로 방류하는 행사를 열었다.,L3,2026-10-01 07:35:29
G5-4e23b8f2082b588a,쾌속,명사,0,1,속도가 매우 빠름. 또는 그 속도.,속도가 매우 빠름. 또는 그런 빠른 속도.,이 여객선은 쾌속으로 운항해 목적지까지 금방 도착한다.,L3,2026-10-01 07:35:38
G5-9f8a5cc594e60916,큰곰,명사,1,2,"곰과의 포유류. 몸의 길이는 2~2.8미터이며 거대하고 어깨가 등보다 높다. 어릴 때는 반달 가슴이 있다. 비교적 나무에 잘 오르나 다 커서는 서투르다. 야행성으로 단독 생활을 한다. 잡식성으로 북아메리카, 아시아, 유럽 등지의 산지에 분포한다.","몸집이 매우 크고 힘이 센 곰의 한 종류로, 북반구의 산속에 사는 동물.",큰곰은 겨울이 되면 굴속에서 겨울잠을 잔다.,L3,2026-10-01 12:54:24
G5-44a69a009f753aa8,타향,명사,1,1,자기 고향이 아닌 고장.,자기가 태어나 자란 고향이 아닌 다른 고장.,그는 젊은 시절 타향에서 혼자 힘들게 생활했다.,L3,2026-10-01 07:35:41
G5-9a8bb8abc0cfa4da,탄생석,명사,0,1,태어난 달을 상징하는 보석. 행운을 불러들인다고 하여 몸에 지닌다.,태어난 달을 상징하여 몸에 지니면 행운을 준다고 알려진 보석.,내 탄생석은 7월을 상징하는 루비이다.,L3,2026-10-01 07:35:47
G5-849d93d9dbaa799b,턱수염,명사,0,2,아래턱에 난 수염.,아래턱 부분에 자라난 수염.,할아버지는 하얗게 센 턱수염을 기르고 계셨다.,L3,2026-10-01 12:54:33
G5-36deb023167c53ff,포장도로,명사,0,2,길바닥에 돌과 모래 따위를 깔고 그 위에 시멘트나 아스팔트 따위로 덮어 단단하게 다져 사람이나 자동차가 다닐 수 있도록 꾸민 비교적 넓은 길.,시멘트나 아스팔트 따위로 단단하게 덮어 차와 사람이 다니기 좋게 만든 길.,공사가 끝나자 울퉁불퉁하던 흙길이 매끈한 포장도로로 바뀌었다.,L3,2026-10-01 12:54:49
G5-25ba52eb835b5d79,품팔이,명사,0,1,품삯을 받고 남의 일을 해 주는 일. 또는 그런 사람.,삯을 받고 남의 일을 해 주는 일. 또는 그 일을 하는 사람.,옛날 가난한 농민들은 품팔이로 생계를 이어 가기도 했다.,L3,2026-10-01 07:35:58
G5-80c717622f097d44,해명하다,동사,0,1,까닭이나 내용을 풀어서 밝히다.,어떤 일의 까닭이나 속사정을 자세히 풀어서 밝히다.,그는 오해를 풀기 위해 사건의 전말을 차근차근 해명했다.,L3,2026-10-01 07:36:10
G5-907a1f279a938291,호위하다,동사,2,2,따라다니며 곁에서 보호하고 지키다.,곁에서 따라다니며 위험하지 않도록 보호하고 지키다.,경호원들은 대통령의 곁에서 그를 호위했다.,L3,2026-10-01 12:55:10
G5-04c5b7256a520ffc,화전민,명사,0,1,화전을 일구어 농사를 짓는 사람.,산에 불을 질러 밭을 만들고 그 땅에서 농사를 짓는 사람.,산골짜기의 화전민들은 나무를 베고 불을 질러 밭을 일구었다.,L3,2026-10-01 07:36:22
G5-36f40d4775d9e761,희희낙락거리다,동사,0,1,계속 매우 기뻐하고 즐거워하다.,매우 기뻐하며 계속 즐거워하다.,아이들은 눈싸움을 하며 희희낙락거렸다.,L3,2026-10-01 07:36:30
