source_file,group,v_s,lemma,pos,literacy_source,literacy_term_id,csv_definition,level_basis,student_definition,example_sentence,example_target_form,subject_category,note_week,reuse_check,final_classification,csv_caution,content_id,vocab_level,level_status,db_headword,db_pos,db_source,db_level,db_subject_category,db_note,db_definition,db_review_status,checks_json,flags_json,verdict,verdict_reason
schema_reading_phase13_l4_core50_final_20260925.csv,B_10_real_L4_verified,V,착수,명사,schemareading-tooldict,4813,어떤 일에 손을 댐. 또는 어떤 일을 시작함.,"literacy.db 실제 저장 level=4, term_id=4813 재조회 확인(2026-09-25 라이브 재검증)",어떤 일을 시작하여 손을 대는 것,도서관 공사가 다음 주에 착수될 예정입니다.,착수,,,"vocabulary_contents(5723건, 서버) 전체 lemma 대조 - 0건 일치(REUSE 후보 없음)",NEW_PRIVATE_LOADABLE,,SR_L4CORE_4813,4,REVIEW_BOUNDARY,착수,명사,schemareading-tooldict,4,,,어떤 일에 손을 댐. 또는 어떤 일을 시작함.,검수전,"{""term_exists"": ""PASS"", ""headword_match"": ""PASS"", ""source_match"": ""PASS"", ""level_match"": ""PASS"", ""pos_match"": ""PASS"", ""definition_verbatim_match"": ""PASS"", ""literacy_db_homonym_row_count"": ""1""}",[],AUTO_PASS,"구조 대조 전부 PASS, caution 없음, literacy.db 내 동형이의 분리 행 없음"
schema_reading_phase13_l4_core50_final_20260925.csv,B_10_real_L4_verified,V,조치,명사,schemareading-tooldict,4794,벌어지는 사태를 잘 살펴서 필요한 대책을 세워 행함. 또는 그 대책.,"literacy.db 실제 저장 level=4, term_id=4794 재조회 확인(2026-09-25 라이브 재검증)",상황을 살펴보고 필요한 일을 하는 것,학교는 미끄러운 계단에 안전 표지를 붙이는 조치를 했습니다.,조치,,,"vocabulary_contents(5723건, 서버) 전체 lemma 대조 - 0건 일치(REUSE 후보 없음)",NEW_PRIVATE_LOADABLE,,SR_L4CORE_4794,4,REVIEW_BOUNDARY,조치,명사,schemareading-tooldict,4,,,벌어지는 사태를 잘 살펴서 필요한 대책을 세워 행함. 또는 그 대책.,검수전,"{""term_exists"": ""PASS"", ""headword_match"": ""PASS"", ""source_match"": ""PASS"", ""level_match"": ""PASS"", ""pos_match"": ""PASS"", ""definition_verbatim_match"": ""PASS"", ""literacy_db_homonym_row_count"": ""1""}",[],AUTO_PASS,"구조 대조 전부 PASS, caution 없음, literacy.db 내 동형이의 분리 행 없음"
schema_reading_phase13_l4_core50_final_20260925.csv,B_10_real_L4_verified,V,집단,명사,schemareading-tooldict,4812,여럿이 모여 이룬 모임.,"literacy.db 실제 저장 level=4, term_id=4812 재조회 확인(2026-09-25 라이브 재검증)",여러 사람이 모여 이룬 무리,합창단은 노래를 함께 부르려고 모인 집단입니다.,집단,,,"vocabulary_contents(5723건, 서버) 전체 lemma 대조 - 0건 일치(REUSE 후보 없음)",NEW_PRIVATE_LOADABLE,,SR_L4CORE_4812,4,REVIEW_BOUNDARY,집단,명사,schemareading-tooldict,4,,,여럿이 모여 이룬 모임.,검수전,"{""term_exists"": ""PASS"", ""headword_match"": ""PASS"", ""source_match"": ""PASS"", ""level_match"": ""PASS"", ""pos_match"": ""PASS"", ""definition_verbatim_match"": ""PASS"", ""literacy_db_homonym_row_count"": ""1""}",[],AUTO_PASS,"구조 대조 전부 PASS, caution 없음, literacy.db 내 동형이의 분리 행 없음"
schema_reading_phase13_l4_core50_final_20260925.csv,B_10_real_L4_verified,V,종속,명사,schemareading-tooldict,4796,자주성이 없이 주가 되는 것에 딸려 붙음.,"literacy.db 실제 저장 level=4, term_id=4796 재조회 확인(2026-09-25 라이브 재검증)",스스로 결정하지 못하고 다른 것에 딸려 따르는 것,그 조직은 본부에 종속되어 중요한 일을 혼자 결정할 수 없습니다.,종속,,,"vocabulary_contents(5723건, 서버) 전체 lemma 대조 - 0건 일치(REUSE 후보 없음)",NEW_PRIVATE_LOADABLE,,SR_L4CORE_4796,4,REVIEW_BOUNDARY,종속,명사,schemareading-tooldict,4,,,자주성이 없이 주가 되는 것에 딸려 붙음.,검수전,"{""term_exists"": ""PASS"", ""headword_match"": ""PASS"", ""source_match"": ""PASS"", ""level_match"": ""PASS"", ""pos_match"": ""PASS"", ""definition_verbatim_match"": ""PASS"", ""literacy_db_homonym_row_count"": ""1""}",[],AUTO_PASS,"구조 대조 전부 PASS, caution 없음, literacy.db 내 동형이의 분리 행 없음"
schema_reading_phase13_l4_core50_final_20260925.csv,B_10_real_L4_verified,V,정상,명사,schemareading-tooldict,4787,특별한 변동이나 탈이 없이 제대로인 상태.,"literacy.db 실제 저장 level=4, term_id=4787 재조회 확인(2026-09-25 라이브 재검증)",별다른 문제가 없이 제대로인 상태,전원을 다시 켜자 측정기가 정상 상태로 돌아왔습니다.,정상,,,"vocabulary_contents(5723건, 서버) 전체 lemma 대조 - 0건 일치(REUSE 후보 없음)",NEW_PRIVATE_LOADABLE,동형이의어 주의: '정상(산 정상=꼭대기)'이라는 다른 뜻이 있음. literacy.db에는 '제대로인 상태' 뜻 1건만 저장(all_matches_count=1) - 출제 시 문맥으로 뜻을 명확히 구분해야 함,SR_L4CORE_4787,4,REVIEW_BOUNDARY,정상,명사,schemareading-tooldict,4,,,특별한 변동이나 탈이 없이 제대로인 상태.,검수전,"{""term_exists"": ""PASS"", ""headword_match"": ""PASS"", ""source_match"": ""PASS"", ""level_match"": ""PASS"", ""pos_match"": ""PASS"", ""definition_verbatim_match"": ""PASS"", ""literacy_db_homonym_row_count"": ""1""}","[""결과표 caution 필드 기존 표시: 동형이의어 주의: '정상(산 정상=꼭대기)'이라는 다른 뜻이 있음. literacy.db에는 '제대로인 상태' 뜻 1건만 저장(all_matches_count=1) - 출제 시 문맥으로 뜻을 명확히 구분해야 함""]",MEANING_REVIEW,결과표 caution: 동형이의어 주의: '정상(산 정상=꼭대기)'이라는 다른 뜻이 있음. literacy.db에는 '제대로인 상태' 뜻 1건만 저장(all_matches_count=1) - 출제 시 문맥으로 뜻을 명확히 구분해야 함
schema_reading_phase13_l4_core50_final_20260925.csv,B_10_real_L4_verified,V,합성,명사,schemareading-tooldict,4827,둘 이상의 것을 합쳐서 하나를 이룸.,"literacy.db 실제 저장 level=4, term_id=4827 재조회 확인(2026-09-25 라이브 재검증)",둘 이상의 것을 합쳐 하나로 만드는 것,미술 시간에는 여러 사진을 합성하여 새로운 장면을 만들었습니다.,합성,,,"vocabulary_contents(5723건, 서버) 전체 lemma 대조 - 0건 일치(REUSE 후보 없음)",NEW_PRIVATE_LOADABLE,,SR_L4CORE_4827,4,REVIEW_BOUNDARY,합성,명사,schemareading-tooldict,4,,,둘 이상의 것을 합쳐서 하나를 이룸.,검수전,"{""term_exists"": ""PASS"", ""headword_match"": ""PASS"", ""source_match"": ""PASS"", ""level_match"": ""PASS"", ""pos_match"": ""PASS"", ""definition_verbatim_match"": ""PASS"", ""literacy_db_homonym_row_count"": ""1""}",[],AUTO_PASS,"구조 대조 전부 PASS, caution 없음, literacy.db 내 동형이의 분리 행 없음"
schema_reading_phase13_l4_core50_final_20260925.csv,B_10_real_L4_verified,V,하위,명사,schemareading-tooldict,4825,낮은 지위나 등급이나 위치.,"literacy.db 실제 저장 level=4, term_id=4825 재조회 확인(2026-09-25 라이브 재검증)","지위나 등급, 위치가 더 낮은 쪽",이 표에서는 큰 주제 아래에 세부 항목을 하위 항목으로 적었습니다.,하위,,,"vocabulary_contents(5723건, 서버) 전체 lemma 대조 - 0건 일치(REUSE 후보 없음)",NEW_PRIVATE_LOADABLE,,SR_L4CORE_4825,4,REVIEW_BOUNDARY,하위,명사,schemareading-tooldict,4,,,낮은 지위나 등급이나 위치.,검수전,"{""term_exists"": ""PASS"", ""headword_match"": ""PASS"", ""source_match"": ""PASS"", ""level_match"": ""PASS"", ""pos_match"": ""PASS"", ""definition_verbatim_match"": ""PASS"", ""literacy_db_homonym_row_count"": ""1""}",[],AUTO_PASS,"구조 대조 전부 PASS, caution 없음, literacy.db 내 동형이의 분리 행 없음"
schema_reading_phase13_l4_core50_final_20260925.csv,B_10_real_L4_verified,V,중복,명사,schemareading-tooldict,4801,거듭하거나 겹침.,"literacy.db 실제 저장 level=4, term_id=4801 재조회 확인(2026-09-25 라이브 재검증)",같은 것이 거듭되거나 서로 겹치는 것,명단에서 이름의 중복을 확인하고 한 번만 적었습니다.,중복,,,"vocabulary_contents(5723건, 서버) 전체 lemma 대조 - 0건 일치(REUSE 후보 없음)",NEW_PRIVATE_LOADABLE,,SR_L4CORE_4801,4,REVIEW_BOUNDARY,중복,명사,schemareading-tooldict,4,,,거듭하거나 겹침.,검수전,"{""term_exists"": ""PASS"", ""headword_match"": ""PASS"", ""source_match"": ""PASS"", ""level_match"": ""PASS"", ""pos_match"": ""PASS"", ""definition_verbatim_match"": ""PASS"", ""literacy_db_homonym_row_count"": ""1""}",[],AUTO_PASS,"구조 대조 전부 PASS, caution 없음, literacy.db 내 동형이의 분리 행 없음"
schema_reading_phase13_l4_core50_final_20260925.csv,B_10_real_L4_verified,V,정기,명사,schemareading-tooldict,4786,기한이나 기간이 일정하게 정하여져 있는 것. 또는 그 기한이나 기간.,"literacy.db 실제 저장 level=4, term_id=4786 재조회 확인(2026-09-25 라이브 재검증)",일정한 기간마다 되풀이하도록 정한 것,우리 반은 매달 첫째 주에 정기 모임을 엽니다.,정기,,,"vocabulary_contents(5723건, 서버) 전체 lemma 대조 - 0건 일치(REUSE 후보 없음)",NEW_PRIVATE_LOADABLE,,SR_L4CORE_4786,4,REVIEW_BOUNDARY,정기,명사,schemareading-tooldict,4,,,기한이나 기간이 일정하게 정하여져 있는 것. 또는 그 기한이나 기간.,검수전,"{""term_exists"": ""PASS"", ""headword_match"": ""PASS"", ""source_match"": ""PASS"", ""level_match"": ""PASS"", ""pos_match"": ""PASS"", ""definition_verbatim_match"": ""PASS"", ""literacy_db_homonym_row_count"": ""1""}",[],AUTO_PASS,"구조 대조 전부 PASS, caution 없음, literacy.db 내 동형이의 분리 행 없음"
schema_reading_phase13_l4_core50_final_20260925.csv,B_10_real_L4_verified,V,유추,명사,schemareading-tooldict,4767,같은 종류의 것 또는 비슷한 것에 기초하여 다른 사물을 미루어 추측하는 일.,"literacy.db 실제 저장 level=4, term_id=4767 재조회 확인(2026-09-25 라이브 재검증)",비슷한 점을 근거로 다른 일도 그럴 것이라 미루어 생각하는 것,다른 지역의 사례를 유추해 우리 마을에서도 비슷한 일이 일어날지 생각했습니다.,유추,,,"vocabulary_contents(5723건, 서버) 전체 lemma 대조 - 0건 일치(REUSE 후보 없음)",NEW_PRIVATE_LOADABLE,,SR_L4CORE_4767,4,REVIEW_BOUNDARY,유추,명사,schemareading-tooldict,4,,,같은 종류의 것 또는 비슷한 것에 기초하여 다른 사물을 미루어 추측하는 일.,검수전,"{""term_exists"": ""PASS"", ""headword_match"": ""PASS"", ""source_match"": ""PASS"", ""level_match"": ""PASS"", ""pos_match"": ""PASS"", ""definition_verbatim_match"": ""PASS"", ""literacy_db_homonym_row_count"": ""1""}","[""보고서 본문 전용 캐주션(phase15 편입): phase13 보고서 2-4절: '유사'와 어근 '유' 공유 + '비슷함' 개념 인접(유사=비슷함 자체, 유추=비슷함에 근거한 추론)이라 학생이 혼동할 수 있음 - caution 컬럼에는 기록되지 않고 보고서 본문에만 서술돼 있던 것을 phase15가 재확인해 편입.""]",MEANING_REVIEW,"보고서 본문 전용 캐주션(phase15 편입): phase13 보고서 2-4절: '유사'와 어근 '유' 공유 + '비슷함' 개념 인접(유사=비슷함 자체, 유추=비슷함에 근거한 추론)이라 학생이 혼동할 수 있음 - caution 컬럼에는 기록되지 않고 보고서 본문에만 서술돼 있던 것을 phase15가 재확인해 편입."
schema_reading_phase13_l4_core50_final_20260925.csv,C_11_supplement_carryover,V,간과,명사,schemareading-tooldict,4749,대충 보아 넘김. 깊이 유의하지 않고 예사로 내버려둠.,"literacy.db 실제 저장 level=4, term_id=4749 재조회 확인(2026-09-25 라이브 재검증)",중요한 것을 대충 보고 넘겨서 미처 신경 쓰지 않는 것,우리는 안전 규칙을 간과해서 작은 사고가 났습니다.,간과,,,"vocabulary_contents(5723건, 서버) 전체 lemma 대조 - 0건 일치(REUSE 후보 없음)",NEW_PRIVATE_LOADABLE,,SR_L4CORE_4749,4,REVIEW_BOUNDARY,간과,명사,schemareading-tooldict,4,,,대충 보아 넘김. 깊이 유의하지 않고 예사로 내버려둠.,검수전,"{""term_exists"": ""PASS"", ""headword_match"": ""PASS"", ""source_match"": ""PASS"", ""level_match"": ""PASS"", ""pos_match"": ""PASS"", ""definition_verbatim_match"": ""PASS"", ""literacy_db_homonym_row_count"": ""1""}",[],AUTO_PASS,"구조 대조 전부 PASS, caution 없음, literacy.db 내 동형이의 분리 행 없음"
schema_reading_phase13_l4_core50_final_20260925.csv,C_11_supplement_carryover,V,공간,명사,schemareading-tooldict,4750,"아무 것도 없는 빈 곳. 또는 물질, 물체가 존재할 수 있거나 어떤 일이 일어날 수 있는 자리.","literacy.db 실제 저장 level=4, term_id=4750 재조회 확인(2026-09-25 라이브 재검증)",무엇이 있거나 어떤 일이 일어날 수 있는 자리나 빈 곳,교실 뒤쪽에 책상을 놓을 공간이 남아 있습니다.,공간,,,"vocabulary_contents(5723건, 서버) 전체 lemma 대조 - 0건 일치(REUSE 후보 없음)",NEW_PRIVATE_LOADABLE,,SR_L4CORE_4750,4,REVIEW_BOUNDARY,공간,명사,schemareading-tooldict,4,,,"아무 것도 없는 빈 곳. 또는 물질, 물체가 존재할 수 있거나 어떤 일이 일어날 수 있는 자리.",검수전,"{""term_exists"": ""PASS"", ""headword_match"": ""PASS"", ""source_match"": ""PASS"", ""level_match"": ""PASS"", ""pos_match"": ""PASS"", ""definition_verbatim_match"": ""PASS"", ""literacy_db_homonym_row_count"": ""1""}",[],AUTO_PASS,"구조 대조 전부 PASS, caution 없음, literacy.db 내 동형이의 분리 행 없음"
schema_reading_phase13_l4_core50_final_20260925.csv,C_11_supplement_carryover,V,기억,명사,schemareading-tooldict,4751,지난 일을 잊지 아니함. 또는 그 내용.,"literacy.db 실제 저장 level=4, term_id=4751 재조회 확인(2026-09-25 라이브 재검증)",지나간 일을 잊지 않고 마음속에 간직하고 있는 것,할머니 댁에서 보낸 여름은 좋은 기억으로 남아 있습니다.,기억,,,"vocabulary_contents(5723건, 서버) 전체 lemma 대조 - 0건 일치(REUSE 후보 없음)",NEW_PRIVATE_LOADABLE,,SR_L4CORE_4751,4,REVIEW_BOUNDARY,기억,명사,schemareading-tooldict,4,,,지난 일을 잊지 아니함. 또는 그 내용.,검수전,"{""term_exists"": ""PASS"", ""headword_match"": ""PASS"", ""source_match"": ""PASS"", ""level_match"": ""PASS"", ""pos_match"": ""PASS"", ""definition_verbatim_match"": ""PASS"", ""literacy_db_homonym_row_count"": ""1""}",[],AUTO_PASS,"구조 대조 전부 PASS, caution 없음, literacy.db 내 동형이의 분리 행 없음"
schema_reading_phase13_l4_core50_final_20260925.csv,C_11_supplement_carryover,V,만족,명사,schemareading-tooldict,4752,마음에 흡족함. 또는 흡족하게 생각함.,"literacy.db 실제 저장 level=4, term_id=4752 재조회 확인(2026-09-25 라이브 재검증)",바라던 대로 이루어져 마음이 흡족한 것,발표를 무사히 마치고 나니 만족스러운 기분이 들었습니다.,만족,,,"vocabulary_contents(5723건, 서버) 전체 lemma 대조 - 0건 일치(REUSE 후보 없음)",NEW_PRIVATE_LOADABLE,,SR_L4CORE_4752,4,REVIEW_BOUNDARY,만족,명사,schemareading-tooldict,4,,,마음에 흡족함. 또는 흡족하게 생각함.,검수전,"{""term_exists"": ""PASS"", ""headword_match"": ""PASS"", ""source_match"": ""PASS"", ""level_match"": ""PASS"", ""pos_match"": ""PASS"", ""definition_verbatim_match"": ""PASS"", ""literacy_db_homonym_row_count"": ""1""}",[],AUTO_PASS,"구조 대조 전부 PASS, caution 없음, literacy.db 내 동형이의 분리 행 없음"
schema_reading_phase13_l4_core50_final_20260925.csv,C_11_supplement_carryover,V,문자,명사,schemareading-tooldict,4753,"말의 음과 뜻을 나타내는 시각적 기호, 글자.","literacy.db 실제 저장 level=4, term_id=4753 재조회 확인(2026-09-25 라이브 재검증)","말소리와 뜻을 눈으로 볼 수 있게 나타낸 기호, 즉 글자",한글은 소리를 정확하게 나타낼 수 있는 문자입니다.,문자,,,"vocabulary_contents(5723건, 서버) 전체 lemma 대조 - 0건 일치(REUSE 후보 없음)",NEW_PRIVATE_LOADABLE,,SR_L4CORE_4753,4,REVIEW_BOUNDARY,문자,명사,schemareading-tooldict,4,,,"말의 음과 뜻을 나타내는 시각적 기호, 글자.",검수전,"{""term_exists"": ""PASS"", ""headword_match"": ""PASS"", ""source_match"": ""PASS"", ""level_match"": ""PASS"", ""pos_match"": ""PASS"", ""definition_verbatim_match"": ""PASS"", ""literacy_db_homonym_row_count"": ""1""}",[],AUTO_PASS,"구조 대조 전부 PASS, caution 없음, literacy.db 내 동형이의 분리 행 없음"
schema_reading_phase13_l4_core50_final_20260925.csv,C_11_supplement_carryover,V,보수,명사,schemareading-tooldict,4754,낡은 것을 보충해서 수선함.,"literacy.db 실제 저장 level=4, term_id=4754 재조회 확인(2026-09-25 라이브 재검증)",낡거나 고장 난 것을 손보아 고치는 것,장마가 끝난 뒤 학교는 새는 지붕을 보수했습니다.,보수,,,"vocabulary_contents(5723건, 서버) 전체 lemma 대조 - 0건 일치(REUSE 후보 없음)",NEW_PRIVATE_LOADABLE,"동형이의어 주의(phase11 기록 재인용): '정치적 보수', '급여(보수를 받다)' 등 다른 뜻 존재. literacy.db 정의(수선)에 한정된 뜻만 채택",SR_L4CORE_4754,4,REVIEW_BOUNDARY,보수,명사,schemareading-tooldict,4,,,낡은 것을 보충해서 수선함.,검수전,"{""term_exists"": ""PASS"", ""headword_match"": ""PASS"", ""source_match"": ""PASS"", ""level_match"": ""PASS"", ""pos_match"": ""PASS"", ""definition_verbatim_match"": ""PASS"", ""literacy_db_homonym_row_count"": ""1""}","[""결과표 caution 필드 기존 표시: 동형이의어 주의(phase11 기록 재인용): '정치적 보수', '급여(보수를 받다)' 등 다른 뜻 존재. literacy.db 정의(수선)에 한정된 뜻만 채택""]",MEANING_REVIEW,"결과표 caution: 동형이의어 주의(phase11 기록 재인용): '정치적 보수', '급여(보수를 받다)' 등 다른 뜻 존재. literacy.db 정의(수선)에 한정된 뜻만 채택"
schema_reading_phase13_l4_core50_final_20260925.csv,C_11_supplement_carryover,V,불가피하다,형용사,schemareading-tooldict,4755,피할 수가 없다.,"literacy.db 실제 저장 level=4, term_id=4755 재조회 확인(2026-09-25 라이브 재검증)",어쩔 수 없어서 피할 수가 없다,갑자기 폭우가 쏟아져 일정 변경이 불가피했습니다.,불가피하다,,,"vocabulary_contents(5723건, 서버) 전체 lemma 대조 - 0건 일치(REUSE 후보 없음)",NEW_PRIVATE_LOADABLE,,SR_L4CORE_4755,4,REVIEW_BOUNDARY,불가피하다,형용사,schemareading-tooldict,4,,,피할 수가 없다.,검수전,"{""term_exists"": ""PASS"", ""headword_match"": ""PASS"", ""source_match"": ""PASS"", ""level_match"": ""PASS"", ""pos_match"": ""PASS"", ""definition_verbatim_match"": ""PASS"", ""literacy_db_homonym_row_count"": ""1""}",[],AUTO_PASS,"구조 대조 전부 PASS, caution 없음, literacy.db 내 동형이의 분리 행 없음"
schema_reading_phase13_l4_core50_final_20260925.csv,C_11_supplement_carryover,V,완료,명사,schemareading-tooldict,4759,완전히 끝마침.,"literacy.db 실제 저장 level=4, term_id=4759 재조회 확인(2026-09-25 라이브 재검증)",하던 일을 완전히 끝내는 것,모둠은 예정보다 일찍 과제를 완료했습니다.,완료,,,"vocabulary_contents(5723건, 서버) 전체 lemma 대조 - 0건 일치(REUSE 후보 없음)",NEW_PRIVATE_LOADABLE,,SR_L4CORE_4759,4,REVIEW_BOUNDARY,완료,명사,schemareading-tooldict,4,,,완전히 끝마침.,검수전,"{""term_exists"": ""PASS"", ""headword_match"": ""PASS"", ""source_match"": ""PASS"", ""level_match"": ""PASS"", ""pos_match"": ""PASS"", ""definition_verbatim_match"": ""PASS"", ""literacy_db_homonym_row_count"": ""1""}",[],AUTO_PASS,"구조 대조 전부 PASS, caution 없음, literacy.db 내 동형이의 분리 행 없음"
schema_reading_phase13_l4_core50_final_20260925.csv,C_11_supplement_carryover,V,요건,명사,schemareading-tooldict,4760,긴요한 일이나 안건. 필요한 조건.,"literacy.db 실제 저장 level=4, term_id=4760 재조회 확인(2026-09-25 라이브 재검증)",어떤 일을 하기 위해 반드시 갖추어야 하는 조건,이 대회에 나가려면 몇 가지 요건을 먼저 갖추어야 합니다.,요건,,,"vocabulary_contents(5723건, 서버) 전체 lemma 대조 - 0건 일치(REUSE 후보 없음)",NEW_PRIVATE_LOADABLE,,SR_L4CORE_4760,4,REVIEW_BOUNDARY,요건,명사,schemareading-tooldict,4,,,긴요한 일이나 안건. 필요한 조건.,검수전,"{""term_exists"": ""PASS"", ""headword_match"": ""PASS"", ""source_match"": ""PASS"", ""level_match"": ""PASS"", ""pos_match"": ""PASS"", ""definition_verbatim_match"": ""PASS"", ""literacy_db_homonym_row_count"": ""1""}",[],AUTO_PASS,"구조 대조 전부 PASS, caution 없음, literacy.db 내 동형이의 분리 행 없음"
schema_reading_phase13_l4_core50_final_20260925.csv,C_11_supplement_carryover,V,원천,명사,schemareading-tooldict,4761,물이 흘러나오는 근원. 사물의 근원.,"literacy.db 실제 저장 level=4, term_id=4761 재조회 확인(2026-09-25 라이브 재검증)",어떤 것이 처음 생겨나거나 흘러나오는 근본이 되는 곳,독서는 새로운 생각의 원천이 됩니다.,원천,,,"vocabulary_contents(5723건, 서버) 전체 lemma 대조 - 0건 일치(REUSE 후보 없음)",NEW_PRIVATE_LOADABLE,,SR_L4CORE_4761,4,REVIEW_BOUNDARY,원천,명사,schemareading-tooldict,4,,,물이 흘러나오는 근원. 사물의 근원.,검수전,"{""term_exists"": ""PASS"", ""headword_match"": ""PASS"", ""source_match"": ""PASS"", ""level_match"": ""PASS"", ""pos_match"": ""PASS"", ""definition_verbatim_match"": ""PASS"", ""literacy_db_homonym_row_count"": ""1""}",[],AUTO_PASS,"구조 대조 전부 PASS, caution 없음, literacy.db 내 동형이의 분리 행 없음"
schema_reading_phase13_l4_core50_final_20260925.csv,C_11_supplement_carryover,V,유동,명사,schemareading-tooldict,4762,액체 상태의 물질이나 전류 따위가 흘러 움직임. 이리저리 자주 옮겨 다님.,"literacy.db 실제 저장 level=4, term_id=4762 재조회 확인(2026-09-25 라이브 재검증)","액체나 전류처럼 흘러 움직이거나, 한곳에 머물지 않고 자주 옮겨 다니는 것",명절에는 고속도로에 차량 유동이 많아집니다.,유동,,,"vocabulary_contents(5723건, 서버) 전체 lemma 대조 - 0건 일치(REUSE 후보 없음)",NEW_PRIVATE_LOADABLE,,SR_L4CORE_4762,4,REVIEW_BOUNDARY,유동,명사,schemareading-tooldict,4,,,액체 상태의 물질이나 전류 따위가 흘러 움직임. 이리저리 자주 옮겨 다님.,검수전,"{""term_exists"": ""PASS"", ""headword_match"": ""PASS"", ""source_match"": ""PASS"", ""level_match"": ""PASS"", ""pos_match"": ""PASS"", ""definition_verbatim_match"": ""PASS"", ""literacy_db_homonym_row_count"": ""1""}",[],AUTO_PASS,"구조 대조 전부 PASS, caution 없음, literacy.db 내 동형이의 분리 행 없음"
schema_reading_phase13_l4_core50_final_20260925.csv,D_29_new_V_S_candidates,V,유사,명사,schemareading-tooldict,4765,서로 비슷함.,"literacy.db 실제 저장 level=4, term_id=4765 재조회 확인(2026-09-25 라이브 재검증)",두 가지 이상이 서로 비슷한 것,쌍둥이 자매는 얼굴 생김새가 유사해서 사람들이 자주 헷갈려 합니다.,유사,,,"vocabulary_contents(5723건, 서버) 전체 lemma 대조 - 0건 일치(REUSE 후보 없음)",NEW_PRIVATE_LOADABLE,,SR_L4CORE_4765,4,REVIEW_BOUNDARY,유사,명사,schemareading-tooldict,4,,,서로 비슷함.,검수전,"{""term_exists"": ""PASS"", ""headword_match"": ""PASS"", ""source_match"": ""PASS"", ""level_match"": ""PASS"", ""pos_match"": ""PASS"", ""definition_verbatim_match"": ""PASS"", ""literacy_db_homonym_row_count"": ""1""}","[""보고서 본문 전용 캐주션(phase15 편입): phase13 보고서 2-4절: '유추'와 근접(위 항목 참고) - caution 컬럼 누락분 phase15가 편입.""]",MEANING_REVIEW,보고서 본문 전용 캐주션(phase15 편입): phase13 보고서 2-4절: '유추'와 근접(위 항목 참고) - caution 컬럼 누락분 phase15가 편입.
schema_reading_phase13_l4_core50_final_20260925.csv,D_29_new_V_S_candidates,V,인지,명사,schemareading-tooldict,4773,어떤 사실을 인정하여 앎.,"literacy.db 실제 저장 level=4, term_id=4773 재조회 확인(2026-09-25 라이브 재검증)",어떤 사실을 알아차리고 그렇다고 받아들이는 것,친구는 자신의 실수를 인지하고 곧바로 사과했습니다.,인지,,,"vocabulary_contents(5723건, 서버) 전체 lemma 대조 - 0건 일치(REUSE 후보 없음)",NEW_PRIVATE_LOADABLE,,SR_L4CORE_4773,4,REVIEW_BOUNDARY,인지,명사,schemareading-tooldict,4,,,어떤 사실을 인정하여 앎.,검수전,"{""term_exists"": ""PASS"", ""headword_match"": ""PASS"", ""source_match"": ""PASS"", ""level_match"": ""PASS"", ""pos_match"": ""PASS"", ""definition_verbatim_match"": ""PASS"", ""literacy_db_homonym_row_count"": ""1""}",[],AUTO_PASS,"구조 대조 전부 PASS, caution 없음, literacy.db 내 동형이의 분리 행 없음"
schema_reading_phase13_l4_core50_final_20260925.csv,D_29_new_V_S_candidates,V,일관성,명사,schemareading-tooldict,4774,방법이나 태도 따위가 한결같은 성질.,"literacy.db 실제 저장 level=4, term_id=4774 재조회 확인(2026-09-25 라이브 재검증)",처음부터 끝까지 태도나 방법이 한결같이 변하지 않는 성질,심판은 모든 경기에서 같은 기준으로 일관성 있게 판정했습니다.,일관성,,,"vocabulary_contents(5723건, 서버) 전체 lemma 대조 - 0건 일치(REUSE 후보 없음)",NEW_PRIVATE_LOADABLE,,SR_L4CORE_4774,4,REVIEW_BOUNDARY,일관성,명사,schemareading-tooldict,4,,,방법이나 태도 따위가 한결같은 성질.,검수전,"{""term_exists"": ""PASS"", ""headword_match"": ""PASS"", ""source_match"": ""PASS"", ""level_match"": ""PASS"", ""pos_match"": ""PASS"", ""definition_verbatim_match"": ""PASS"", ""literacy_db_homonym_row_count"": ""1""}",[],AUTO_PASS,"구조 대조 전부 PASS, caution 없음, literacy.db 내 동형이의 분리 행 없음"
schema_reading_phase13_l4_core50_final_20260925.csv,D_29_new_V_S_candidates,V,임의,명사,schemareading-tooldict,4776,일정한 기준이나 원칙 없이 하고 싶은 대로 함. 또는 대상이나 장소 따위를 일정하게 정하지 아니함.,"literacy.db 실제 저장 level=4, term_id=4776 재조회 확인(2026-09-25 라이브 재검증)",정해진 기준 없이 마음대로 정하는 것,모둠원은 발표 순서를 임의로 정하지 말고 제비뽑기로 정하자고 했습니다.,임의,,,"vocabulary_contents(5723건, 서버) 전체 lemma 대조 - 0건 일치(REUSE 후보 없음)",NEW_PRIVATE_LOADABLE,,SR_L4CORE_4776,4,REVIEW_BOUNDARY,임의,명사,schemareading-tooldict,4,,,일정한 기준이나 원칙 없이 하고 싶은 대로 함. 또는 대상이나 장소 따위를 일정하게 정하지 아니함.,검수전,"{""term_exists"": ""PASS"", ""headword_match"": ""PASS"", ""source_match"": ""PASS"", ""level_match"": ""PASS"", ""pos_match"": ""PASS"", ""definition_verbatim_match"": ""PASS"", ""literacy_db_homonym_row_count"": ""1""}",[],AUTO_PASS,"구조 대조 전부 PASS, caution 없음, literacy.db 내 동형이의 분리 행 없음"
schema_reading_phase13_l4_core50_final_20260925.csv,D_29_new_V_S_candidates,V,자연적,"명사, 관형사",schemareading-tooldict,4778,사람의 손길이 가지 아니한 자연 그대로의 모습을 지닌 것. 또는 사람의 손길이 가지 아니한 자연 그대로의 모습을 지닌.,"literacy.db 실제 저장 level=4, term_id=4778 재조회 확인(2026-09-25 라이브 재검증)",사람이 손대지 않고 자연 그대로 이루어진 것,이 계곡은 사람이 만들지 않은 자연적 풍경으로 유명합니다.,자연적,,,"vocabulary_contents(5723건, 서버) 전체 lemma 대조 - 0건 일치(REUSE 후보 없음)",NEW_PRIVATE_LOADABLE,,SR_L4CORE_4778,4,REVIEW_BOUNDARY,자연적,"명사, 관형사",schemareading-tooldict,4,,,사람의 손길이 가지 아니한 자연 그대로의 모습을 지닌 것. 또는 사람의 손길이 가지 아니한 자연 그대로의 모습을 지닌.,검수전,"{""term_exists"": ""PASS"", ""headword_match"": ""PASS"", ""source_match"": ""PASS"", ""level_match"": ""PASS"", ""pos_match"": ""PASS"", ""definition_verbatim_match"": ""PASS"", ""literacy_db_homonym_row_count"": ""1""}",[],AUTO_PASS,"구조 대조 전부 PASS, caution 없음, literacy.db 내 동형이의 분리 행 없음"
schema_reading_phase13_l4_core50_final_20260925.csv,D_29_new_V_S_candidates,V,저하,명사,schemareading-tooldict,4780,"정도, 수준, 능률 따위가 떨어져 낮아짐.","literacy.db 실제 저장 level=4, term_id=4780 재조회 확인(2026-09-25 라이브 재검증)","정도나 수준, 능률이 떨어져서 낮아지는 것",잠을 충분히 자지 못하면 집중력 저하로 이어질 수 있습니다.,저하,,,"vocabulary_contents(5723건, 서버) 전체 lemma 대조 - 0건 일치(REUSE 후보 없음)",NEW_PRIVATE_LOADABLE,,SR_L4CORE_4780,4,REVIEW_BOUNDARY,저하,명사,schemareading-tooldict,4,,,"정도, 수준, 능률 따위가 떨어져 낮아짐.",검수전,"{""term_exists"": ""PASS"", ""headword_match"": ""PASS"", ""source_match"": ""PASS"", ""level_match"": ""PASS"", ""pos_match"": ""PASS"", ""definition_verbatim_match"": ""PASS"", ""literacy_db_homonym_row_count"": ""1""}",[],AUTO_PASS,"구조 대조 전부 PASS, caution 없음, literacy.db 내 동형이의 분리 행 없음"
schema_reading_phase13_l4_core50_final_20260925.csv,D_29_new_V_S_candidates,V,적절,명사,schemareading-tooldict,4782,꼭 맞음. 어떤 기준이나 정도에 맞아 어울리는 상태.,"literacy.db 실제 저장 level=4, term_id=4782 재조회 확인(2026-09-25 라이브 재검증)",상황이나 기준에 딱 맞고 알맞은 상태,발표 시간에 맞게 내용을 적절하게 줄였습니다.,적절,,,"vocabulary_contents(5723건, 서버) 전체 lemma 대조 - 0건 일치(REUSE 후보 없음)",NEW_PRIVATE_LOADABLE,,SR_L4CORE_4782,4,REVIEW_BOUNDARY,적절,명사,schemareading-tooldict,4,,,꼭 맞음. 어떤 기준이나 정도에 맞아 어울리는 상태.,검수전,"{""term_exists"": ""PASS"", ""headword_match"": ""PASS"", ""source_match"": ""PASS"", ""level_match"": ""PASS"", ""pos_match"": ""PASS"", ""definition_verbatim_match"": ""PASS"", ""literacy_db_homonym_row_count"": ""1""}",[],AUTO_PASS,"구조 대조 전부 PASS, caution 없음, literacy.db 내 동형이의 분리 행 없음"
schema_reading_phase13_l4_core50_final_20260925.csv,D_29_new_V_S_candidates,V,점진,명사,schemareading-tooldict,4784,조금씩 앞으로 나아감. 점점 발전함.,"literacy.db 실제 저장 level=4, term_id=4784 재조회 확인(2026-09-25 라이브 재검증)",한 번에 크게 바뀌지 않고 조금씩 앞으로 나아가는 것,우리 반은 줄넘기 목표 횟수를 점진적으로 늘려 나갔습니다.,점진,,,"vocabulary_contents(5723건, 서버) 전체 lemma 대조 - 0건 일치(REUSE 후보 없음)",NEW_PRIVATE_LOADABLE,,SR_L4CORE_4784,4,REVIEW_BOUNDARY,점진,명사,schemareading-tooldict,4,,,조금씩 앞으로 나아감. 점점 발전함.,검수전,"{""term_exists"": ""PASS"", ""headword_match"": ""PASS"", ""source_match"": ""PASS"", ""level_match"": ""PASS"", ""pos_match"": ""PASS"", ""definition_verbatim_match"": ""PASS"", ""literacy_db_homonym_row_count"": ""1""}",[],AUTO_PASS,"구조 대조 전부 PASS, caution 없음, literacy.db 내 동형이의 분리 행 없음"
schema_reading_phase13_l4_core50_final_20260925.csv,D_29_new_V_S_candidates,V,정교,명사,schemareading-tooldict,4785,정밀하고 교묘함.,"literacy.db 실제 저장 level=4, term_id=4785 재조회 확인(2026-09-25 라이브 재검증)",아주 세밀하고 빈틈없이 잘 만들어진 것,장인은 나무를 깎아 정교한 모형 배를 만들었습니다.,정교,,,"vocabulary_contents(5723건, 서버) 전체 lemma 대조 - 0건 일치(REUSE 후보 없음)",NEW_PRIVATE_LOADABLE,,SR_L4CORE_4785,4,REVIEW_BOUNDARY,정교,명사,schemareading-tooldict,4,,,정밀하고 교묘함.,검수전,"{""term_exists"": ""PASS"", ""headword_match"": ""PASS"", ""source_match"": ""PASS"", ""level_match"": ""PASS"", ""pos_match"": ""PASS"", ""definition_verbatim_match"": ""PASS"", ""literacy_db_homonym_row_count"": ""1""}",[],AUTO_PASS,"구조 대조 전부 PASS, caution 없음, literacy.db 내 동형이의 분리 행 없음"
schema_reading_phase13_l4_core50_final_20260925.csv,D_29_new_V_S_candidates,V,존중,명사,schemareading-tooldict,4795,높이어 귀중하게 대함.,"literacy.db 실제 저장 level=4, term_id=4795 재조회 확인(2026-09-25 라이브 재검증)",다른 사람이나 그 생각을 소중하게 여기고 예의를 갖추어 대하는 것,토론할 때는 서로 다른 의견도 존중해야 합니다.,존중,,,"vocabulary_contents(5723건, 서버) 전체 lemma 대조 - 0건 일치(REUSE 후보 없음)",NEW_PRIVATE_LOADABLE,,SR_L4CORE_4795,4,REVIEW_BOUNDARY,존중,명사,schemareading-tooldict,4,,,높이어 귀중하게 대함.,검수전,"{""term_exists"": ""PASS"", ""headword_match"": ""PASS"", ""source_match"": ""PASS"", ""level_match"": ""PASS"", ""pos_match"": ""PASS"", ""definition_verbatim_match"": ""PASS"", ""literacy_db_homonym_row_count"": ""1""}",[],AUTO_PASS,"구조 대조 전부 PASS, caution 없음, literacy.db 내 동형이의 분리 행 없음"
schema_reading_phase13_l4_core50_final_20260925.csv,D_29_new_V_S_candidates,V,준거,명사,schemareading-tooldict,4799,사물의 정도나 성격 따위를 알기 위한 근거나 기준.,"literacy.db 실제 저장 level=4, term_id=4799 재조회 확인(2026-09-25 라이브 재검증)",무엇을 판단하기 위해 기준으로 삼는 근거,선생님은 채점 준거를 미리 알려 주셨습니다.,준거,,,"vocabulary_contents(5723건, 서버) 전체 lemma 대조 - 0건 일치(REUSE 후보 없음)",NEW_PRIVATE_LOADABLE,,SR_L4CORE_4799,4,REVIEW_BOUNDARY,준거,명사,schemareading-tooldict,4,,,사물의 정도나 성격 따위를 알기 위한 근거나 기준.,검수전,"{""term_exists"": ""PASS"", ""headword_match"": ""PASS"", ""source_match"": ""PASS"", ""level_match"": ""PASS"", ""pos_match"": ""PASS"", ""definition_verbatim_match"": ""PASS"", ""literacy_db_homonym_row_count"": ""1""}",[],AUTO_PASS,"구조 대조 전부 PASS, caution 없음, literacy.db 내 동형이의 분리 행 없음"
schema_reading_phase13_l4_core50_final_20260925.csv,D_29_new_V_S_candidates,V,지향,명사,schemareading-tooldict,4808,어떤 목표로 뜻이 쏠리어 향함. 또는 그 방향이나 그쪽으로 쏠리는 의지.,"literacy.db 실제 저장 level=4, term_id=4808 재조회 확인(2026-09-25 라이브 재검증)",어떤 목표를 향해 마음과 뜻이 쏠려 나아가는 것,우리 동아리는 협력을 지향하는 활동을 계획했습니다.,지향,,,"vocabulary_contents(5723건, 서버) 전체 lemma 대조 - 0건 일치(REUSE 후보 없음)",NEW_PRIVATE_LOADABLE,"파생/혼동 주의: 같은 V L4 목록의 '지양'(4804, 하지 않으려 함)과 형태·발음이 비슷하고 뜻은 반대 - 이번 배치에는 '지향'만 포함, '지양'은 미포함(혼동 위험 회피)",SR_L4CORE_4808,4,REVIEW_BOUNDARY,지향,명사,schemareading-tooldict,4,,,어떤 목표로 뜻이 쏠리어 향함. 또는 그 방향이나 그쪽으로 쏠리는 의지.,검수전,"{""term_exists"": ""PASS"", ""headword_match"": ""PASS"", ""source_match"": ""PASS"", ""level_match"": ""PASS"", ""pos_match"": ""PASS"", ""definition_verbatim_match"": ""PASS"", ""literacy_db_homonym_row_count"": ""1""}","[""결과표 caution 필드 기존 표시: 파생/혼동 주의: 같은 V L4 목록의 '지양'(4804, 하지 않으려 함)과 형태·발음이 비슷하고 뜻은 반대 - 이번 배치에는 '지향'만 포함, '지양'은 미포함(혼동 위험 회피)""]",MEANING_REVIEW,"결과표 caution: 파생/혼동 주의: 같은 V L4 목록의 '지양'(4804, 하지 않으려 함)과 형태·발음이 비슷하고 뜻은 반대 - 이번 배치에는 '지향'만 포함, '지양'은 미포함(혼동 위험 회피)"
schema_reading_phase13_l4_core50_final_20260925.csv,D_29_new_V_S_candidates,V,직면,명사,schemareading-tooldict,4810,어떠한 일이나 사물을 직접 당하거나 접함.,"literacy.db 실제 저장 level=4, term_id=4810 재조회 확인(2026-09-25 라이브 재검증)",어떤 일이나 문제를 피하지 않고 직접 마주하는 것,우리 모둠은 갑작스러운 문제에 직면했지만 침착하게 해결했습니다.,직면,,,"vocabulary_contents(5723건, 서버) 전체 lemma 대조 - 0건 일치(REUSE 후보 없음)",NEW_PRIVATE_LOADABLE,,SR_L4CORE_4810,4,REVIEW_BOUNDARY,직면,명사,schemareading-tooldict,4,,,어떠한 일이나 사물을 직접 당하거나 접함.,검수전,"{""term_exists"": ""PASS"", ""headword_match"": ""PASS"", ""source_match"": ""PASS"", ""level_match"": ""PASS"", ""pos_match"": ""PASS"", ""definition_verbatim_match"": ""PASS"", ""literacy_db_homonym_row_count"": ""1""}",[],AUTO_PASS,"구조 대조 전부 PASS, caution 없음, literacy.db 내 동형이의 분리 행 없음"
schema_reading_phase13_l4_core50_final_20260925.csv,D_29_new_V_S_candidates,V,축적,명사,schemareading-tooldict,4816,"지식, 경험, 자금 따위를 모아서 쌓음. 또는 모아서 쌓은 것.","literacy.db 실제 저장 level=4, term_id=4816 재조회 확인(2026-09-25 라이브 재검증)","지식이나 경험, 돈 따위를 조금씩 모아서 쌓는 것",꾸준한 독서로 배경지식을 축적할 수 있습니다.,축적,,,"vocabulary_contents(5723건, 서버) 전체 lemma 대조 - 0건 일치(REUSE 후보 없음)",NEW_PRIVATE_LOADABLE,,SR_L4CORE_4816,4,REVIEW_BOUNDARY,축적,명사,schemareading-tooldict,4,,,"지식, 경험, 자금 따위를 모아서 쌓음. 또는 모아서 쌓은 것.",검수전,"{""term_exists"": ""PASS"", ""headword_match"": ""PASS"", ""source_match"": ""PASS"", ""level_match"": ""PASS"", ""pos_match"": ""PASS"", ""definition_verbatim_match"": ""PASS"", ""literacy_db_homonym_row_count"": ""1""}",[],AUTO_PASS,"구조 대조 전부 PASS, caution 없음, literacy.db 내 동형이의 분리 행 없음"
schema_reading_phase13_l4_core50_final_20260925.csv,D_29_new_V_S_candidates,V,필연,명사,schemareading-tooldict,4823,사물의 관련이나 일의 결과가 반드시 그렇게 될 수밖에 없음.,"literacy.db 실제 저장 level=4, term_id=4823 재조회 확인(2026-09-25 라이브 재검증)",어떤 일이 다른 방식이 아니라 반드시 그렇게 될 수밖에 없는 것,겨울이 지나면 봄이 오는 것은 필연적인 자연의 흐름입니다.,필연,,,"vocabulary_contents(5723건, 서버) 전체 lemma 대조 - 0건 일치(REUSE 후보 없음)",NEW_PRIVATE_LOADABLE,,SR_L4CORE_4823,4,REVIEW_BOUNDARY,필연,명사,schemareading-tooldict,4,,,사물의 관련이나 일의 결과가 반드시 그렇게 될 수밖에 없음.,검수전,"{""term_exists"": ""PASS"", ""headword_match"": ""PASS"", ""source_match"": ""PASS"", ""level_match"": ""PASS"", ""pos_match"": ""PASS"", ""definition_verbatim_match"": ""PASS"", ""literacy_db_homonym_row_count"": ""1""}",[],AUTO_PASS,"구조 대조 전부 PASS, caution 없음, literacy.db 내 동형이의 분리 행 없음"
schema_reading_phase13_l4_core50_final_20260925.csv,D_29_new_V_S_candidates,S,자기장,명사,schemareading-schema,6392,"자석의 주위, 전류의 주위, 지구의 표면 따위와 같이 자기력이 작용하는 공간.","literacy.db 실제 저장 level=4, term_id=6392 재조회 확인(2026-09-25 라이브 재검증)",자석이나 전류 주위에서 자기력이 미치는 공간,나침반 바늘은 자기장의 방향에 따라 움직입니다.,자기장,물리,1주차 / 소분류: 전류가 만드는 자기장,"vocabulary_contents(5723건, 서버) 전체 lemma 대조 - 0건 일치(REUSE 후보 없음)",NEW_PRIVATE_LOADABLE,,SR_L4CORE_6392,4,REVIEW_BOUNDARY,자기장,,schemareading-schema,4,과학,소분류: 전류가 만드는 자기장 / 주차: 1주차,"자석의 주위, 전류의 주위, 지구의 표면 따위와 같이 자기력이 작용하는 공간.",검수전,"{""term_exists"": ""PASS"", ""headword_match"": ""PASS"", ""source_match"": ""PASS"", ""level_match"": ""PASS"", ""pos_match"": ""DB_POS_MISSING"", ""definition_verbatim_match"": ""PASS"", ""literacy_db_homonym_row_count"": ""1"", ""subject_category_match"": ""FAIL""}","[""literacy.db pos가 비어 있어 결과표 pos를 검증할 수 없음"", ""subject_category 불일치: db='과학' vs csv='물리'""]",AUTO_PASS,"구조 대조 전부 PASS, caution 없음, literacy.db 내 동형이의 분리 행 없음"
schema_reading_phase13_l4_core50_final_20260925.csv,D_29_new_V_S_candidates,S,비열,명사,schemareading-schema,6400,"물질 1kg의 온도를 1°C 올리는 데 드는 열량. 물의 비열은 1kcal/(g*°C)로서, 모든 물질 가운데 가장 크다.","literacy.db 실제 저장 level=4, term_id=6400 재조회 확인(2026-09-25 라이브 재검증)",어떤 물질 1kg의 온도를 1도 올리는 데 필요한 열의 양,물은 비열이 커서 다른 물질보다 천천히 데워집니다.,비열,물리,3주차 / 소분류: 열을 받으면 커지는 것들이 있다고?,"vocabulary_contents(5723건, 서버) 전체 lemma 대조 - 0건 일치(REUSE 후보 없음)",NEW_PRIVATE_LOADABLE,,SR_L4CORE_6400,4,REVIEW_BOUNDARY,비열,,schemareading-schema,4,과학,소분류: 열을 받으면 커지는 것들이 있다고? / 주차: 3주차,"물질 1kg의 온도를 1°C 올리는 데 드는 열량. 물의 비열은 1kcal/(g*°C)로서, 모든 물질 가운데 가장 크다.",검수전,"{""term_exists"": ""PASS"", ""headword_match"": ""PASS"", ""source_match"": ""PASS"", ""level_match"": ""PASS"", ""pos_match"": ""DB_POS_MISSING"", ""definition_verbatim_match"": ""PASS"", ""literacy_db_homonym_row_count"": ""1"", ""subject_category_match"": ""FAIL""}","[""literacy.db pos가 비어 있어 결과표 pos를 검증할 수 없음"", ""subject_category 불일치: db='과학' vs csv='물리'""]",AUTO_PASS,"구조 대조 전부 PASS, caution 없음, literacy.db 내 동형이의 분리 행 없음"
schema_reading_phase13_l4_core50_final_20260925.csv,D_29_new_V_S_candidates,S,이동거리,명사,schemareading-schema,6403,물체가 운동하는 동안 움직인 거리.,"literacy.db 실제 저장 level=4, term_id=6403 재조회 확인(2026-09-25 라이브 재검증)",물체가 움직이는 동안 실제로 이동한 거리,자동차가 출발점에서 도착점까지 움직인 이동거리를 측정했습니다.,이동거리,물리,4주차 / 소분류: 물체가 어떻게 운동을 할 수 있을까?,"vocabulary_contents(5723건, 서버) 전체 lemma 대조 - 0건 일치(REUSE 후보 없음)",NEW_PRIVATE_LOADABLE,,SR_L4CORE_6403,4,REVIEW_BOUNDARY,이동거리,,schemareading-schema,4,과학,소분류: 물체가 어떻게 운동을 할 수 있을까? / 주차: 4주차,물체가 운동하는 동안 움직인 거리.,검수전,"{""term_exists"": ""PASS"", ""headword_match"": ""PASS"", ""source_match"": ""PASS"", ""level_match"": ""PASS"", ""pos_match"": ""DB_POS_MISSING"", ""definition_verbatim_match"": ""PASS"", ""literacy_db_homonym_row_count"": ""1"", ""subject_category_match"": ""FAIL""}","[""literacy.db pos가 비어 있어 결과표 pos를 검증할 수 없음"", ""subject_category 불일치: db='과학' vs csv='물리'""]",AUTO_PASS,"구조 대조 전부 PASS, caution 없음, literacy.db 내 동형이의 분리 행 없음"
schema_reading_phase13_l4_core50_final_20260925.csv,D_29_new_V_S_candidates,S,해류,명사,schemareading-schema,6418,오랜 기간 동안 일정한 방향으로 흐르는 지속적인 해수의 흐름.,"literacy.db 실제 저장 level=4, term_id=6418 재조회 확인(2026-09-25 라이브 재검증)",바닷물이 오랫동안 일정한 방향으로 흐르는 것,따뜻한 해류를 타고 물고기 떼가 북쪽으로 이동했습니다.,해류,지구과학,7주차 / 소분류: 바닷물의 움직임,"vocabulary_contents(5723건, 서버) 전체 lemma 대조 - 0건 일치(REUSE 후보 없음)",NEW_PRIVATE_LOADABLE,,SR_L4CORE_6418,4,REVIEW_BOUNDARY,해류,,schemareading-schema,4,과학,소분류: 바닷물의 움직임 / 주차: 7주차,오랜 기간 동안 일정한 방향으로 흐르는 지속적인 해수의 흐름.,검수전,"{""term_exists"": ""PASS"", ""headword_match"": ""PASS"", ""source_match"": ""PASS"", ""level_match"": ""PASS"", ""pos_match"": ""DB_POS_MISSING"", ""definition_verbatim_match"": ""PASS"", ""literacy_db_homonym_row_count"": ""1"", ""subject_category_match"": ""FAIL""}","[""literacy.db pos가 비어 있어 결과표 pos를 검증할 수 없음"", ""subject_category 불일치: db='과학' vs csv='지구과학'""]",AUTO_PASS,"구조 대조 전부 PASS, caution 없음, literacy.db 내 동형이의 분리 행 없음"
schema_reading_phase13_l4_core50_final_20260925.csv,D_29_new_V_S_candidates,S,기권의 층상구조,명사,schemareading-schema,6426,"기권을 높이에 따른 기온 변화를 기준으로 하여 4개의 층으로 구분한 것. 지표면에서부터 상층까지 대류권, 성층권, 중간권, 열권으로 나뉜다.","literacy.db 실제 저장 level=4, term_id=6426 재조회 확인(2026-09-25 라이브 재검증)",높이에 따른 기온 변화를 기준으로 대기를 네 개의 층으로 나눈 것,과학 시간에 기권의 층상구조를 그림으로 나타내며 대류권과 성층권의 차이를 배웠습니다.,기권의 층상구조,지구과학,8주차 / 소분류: 뜨거워지는 지구,"vocabulary_contents(5723건, 서버) 전체 lemma 대조 - 0건 일치(REUSE 후보 없음)",NEW_PRIVATE_LOADABLE,,SR_L4CORE_6426,4,REVIEW_BOUNDARY,기권의 층상구조,,schemareading-schema,4,과학,소분류: 뜨거워지는 지구 / 주차: 8주차,"기권을 높이에 따른 기온 변화를 기준으로 하여 4개의 층으로 구분한 것. 지표면에서부터 상층까지 대류권, 성층권, 중간권, 열권으로 나뉜다.",검수전,"{""term_exists"": ""PASS"", ""headword_match"": ""PASS"", ""source_match"": ""PASS"", ""level_match"": ""PASS"", ""pos_match"": ""DB_POS_MISSING"", ""definition_verbatim_match"": ""PASS"", ""literacy_db_homonym_row_count"": ""1"", ""subject_category_match"": ""FAIL""}","[""literacy.db pos가 비어 있어 결과표 pos를 검증할 수 없음"", ""subject_category 불일치: db='과학' vs csv='지구과학'""]",AUTO_PASS,"구조 대조 전부 PASS, caution 없음, literacy.db 내 동형이의 분리 행 없음"
schema_reading_phase13_l4_core50_final_20260925.csv,D_29_new_V_S_candidates,S,세포분열,명사,schemareading-schema,6460,일정한 크기에 도달한 세포가 두 개의 세포로 나누어지는 현상.,"literacy.db 실제 저장 level=4, term_id=6460 재조회 확인(2026-09-25 라이브 재검증)",세포가 일정한 크기가 되면 두 개로 나누어지는 현상,우리 몸이 자라는 것은 세포분열이 계속 일어나기 때문입니다.,세포분열,생명과학,14주차 / 소분류: 우리 몸의 성장은 어떻게 이뤄지는가?,"vocabulary_contents(5723건, 서버) 전체 lemma 대조 - 0건 일치(REUSE 후보 없음)",NEW_PRIVATE_LOADABLE,,SR_L4CORE_6460,4,REVIEW_BOUNDARY,세포분열,,schemareading-schema,4,과학,소분류: 우리 몸의 성장은 어떻게 이뤄지는가? / 주차: 14주차,일정한 크기에 도달한 세포가 두 개의 세포로 나누어지는 현상.,검수전,"{""term_exists"": ""PASS"", ""headword_match"": ""PASS"", ""source_match"": ""PASS"", ""level_match"": ""PASS"", ""pos_match"": ""DB_POS_MISSING"", ""definition_verbatim_match"": ""PASS"", ""literacy_db_homonym_row_count"": ""1"", ""subject_category_match"": ""FAIL""}","[""literacy.db pos가 비어 있어 결과표 pos를 검증할 수 없음"", ""subject_category 불일치: db='과학' vs csv='생명과학'""]",AUTO_PASS,"구조 대조 전부 PASS, caution 없음, literacy.db 내 동형이의 분리 행 없음"
schema_reading_phase13_l4_core50_final_20260925.csv,D_29_new_V_S_candidates,S,순물질,명사,schemareading-schema,6476,한 종류의 물질로만 이루어진 물질.,"literacy.db 실제 저장 level=4, term_id=6476 재조회 확인(2026-09-25 라이브 재검증)",다른 것이 섞이지 않고 한 가지 물질로만 이루어진 것,실험에 사용한 증류수는 순물질에 해당합니다.,순물질,화학,17주차 / 소분류: 라면 끓일 때 스프를 넣고 끓이면 100℃ 에도 끓지 않는 이유,"vocabulary_contents(5723건, 서버) 전체 lemma 대조 - 0건 일치(REUSE 후보 없음)",NEW_PRIVATE_LOADABLE,,SR_L4CORE_6476,4,REVIEW_BOUNDARY,순물질,,schemareading-schema,4,과학,소분류: 라면 끓일 때 스프를 넣고 끓이면 100℃ 에도 끓지 않는 이유 / 주차: 17주차,한 종류의 물질로만 이루어진 물질.,검수전,"{""term_exists"": ""PASS"", ""headword_match"": ""PASS"", ""source_match"": ""PASS"", ""level_match"": ""PASS"", ""pos_match"": ""DB_POS_MISSING"", ""definition_verbatim_match"": ""PASS"", ""literacy_db_homonym_row_count"": ""1"", ""subject_category_match"": ""FAIL""}","[""literacy.db pos가 비어 있어 결과표 pos를 검증할 수 없음"", ""subject_category 불일치: db='과학' vs csv='화학'""]",AUTO_PASS,"구조 대조 전부 PASS, caution 없음, literacy.db 내 동형이의 분리 행 없음"
schema_reading_phase13_l4_core50_final_20260925.csv,D_29_new_V_S_candidates,S,사회변동,명사,schemareading-schema,5410,"사회 질서나 구조가 부분적 또는 전체적으로 변화가 나타나는 현상. 즉 한 사회의 질서나 구조, 규범, 가치관 등이 시간이 지나면서 변화하는 것.","literacy.db 실제 저장 level=4, term_id=5410 재조회 확인(2026-09-25 라이브 재검증)","사회의 질서나 구조, 가치관 등이 시간이 지나며 달라지는 현상",교통과 통신의 발달은 사회변동을 빠르게 만들었습니다.,사회변동,일반사회,1주차 / 소분류: 사회 변화의 물결,"vocabulary_contents(5723건, 서버) 전체 lemma 대조 - 0건 일치(REUSE 후보 없음)",NEW_PRIVATE_LOADABLE,,SR_L4CORE_5410,4,REVIEW_BOUNDARY,사회변동,,schemareading-schema,4,사회,소분류: 사회 변화의 물결 / 주차: 1주차,"사회 질서나 구조가 부분적 또는 전체적으로 변화가 나타나는 현상. 즉 한 사회의 질서나 구조, 규범, 가치관 등이 시간이 지나면서 변화하는 것.",검수전,"{""term_exists"": ""PASS"", ""headword_match"": ""PASS"", ""source_match"": ""PASS"", ""level_match"": ""PASS"", ""pos_match"": ""DB_POS_MISSING"", ""definition_verbatim_match"": ""PASS"", ""literacy_db_homonym_row_count"": ""1"", ""subject_category_match"": ""FAIL""}","[""literacy.db pos가 비어 있어 결과표 pos를 검증할 수 없음"", ""subject_category 불일치: db='사회' vs csv='일반사회'""]",AUTO_PASS,"구조 대조 전부 PASS, caution 없음, literacy.db 내 동형이의 분리 행 없음"
schema_reading_phase13_l4_core50_final_20260925.csv,D_29_new_V_S_candidates,S,고원,명사,schemareading-schema,5427,해발 고도가 높은 곳에 있지만 지형의 높낮이가 크지 않고 평탄한 곳.,"literacy.db 실제 저장 level=4, term_id=5427 재조회 확인(2026-09-25 라이브 재검증)",높은 곳에 있지만 표면이 평평한 넓은 땅,이 지역은 해발 고도가 높은 고원 지대라 여름에도 서늘합니다.,고원,지리,"4주차 / 소분류: 지구가 살아서 움직이는 증거, 산지지형","vocabulary_contents(5723건, 서버) 전체 lemma 대조 - 0건 일치(REUSE 후보 없음)",NEW_PRIVATE_LOADABLE,,SR_L4CORE_5427,4,REVIEW_BOUNDARY,고원,,schemareading-schema,4,사회,"소분류: 지구가 살아서 움직이는 증거, 산지지형 / 주차: 4주차",해발 고도가 높은 곳에 있지만 지형의 높낮이가 크지 않고 평탄한 곳.,검수전,"{""term_exists"": ""PASS"", ""headword_match"": ""PASS"", ""source_match"": ""PASS"", ""level_match"": ""PASS"", ""pos_match"": ""DB_POS_MISSING"", ""definition_verbatim_match"": ""PASS"", ""literacy_db_homonym_row_count"": ""1"", ""subject_category_match"": ""FAIL""}","[""literacy.db pos가 비어 있어 결과표 pos를 검증할 수 없음"", ""subject_category 불일치: db='사회' vs csv='지리'""]",AUTO_PASS,"구조 대조 전부 PASS, caution 없음, literacy.db 내 동형이의 분리 행 없음"
schema_reading_phase13_l4_core50_final_20260925.csv,D_29_new_V_S_candidates,S,곶,명사,schemareading-schema,5431,육지가 바다 쪽으로 튀어나와 있는 곳으로 포항의 호미곶 등이 있음.,"literacy.db 실제 저장 level=4, term_id=5431 재조회 확인(2026-09-25 라이브 재검증)",육지가 바다 쪽으로 뾰족하게 튀어나온 곳,배는 곶을 돌아 항구로 들어왔습니다.,곶,사회,"5주차 / 소분류: 바다와 육지의 만남, 해안 지형","vocabulary_contents(5723건, 서버) 전체 lemma 대조 - 0건 일치(REUSE 후보 없음)",NEW_PRIVATE_LOADABLE,,SR_L4CORE_5431,4,REVIEW_BOUNDARY,곶,,schemareading-schema,4,사회,"소분류: 바다와 육지의 만남, 해안 지형 / 주차: 5주차",육지가 바다 쪽으로 튀어나와 있는 곳으로 포항의 호미곶 등이 있음.,검수전,"{""term_exists"": ""PASS"", ""headword_match"": ""PASS"", ""source_match"": ""PASS"", ""level_match"": ""PASS"", ""pos_match"": ""DB_POS_MISSING"", ""definition_verbatim_match"": ""PASS"", ""literacy_db_homonym_row_count"": ""1"", ""subject_category_match"": ""PASS""}","[""literacy.db pos가 비어 있어 결과표 pos를 검증할 수 없음""]",AUTO_PASS,"구조 대조 전부 PASS, caution 없음, literacy.db 내 동형이의 분리 행 없음"
schema_reading_phase13_l4_core50_final_20260925.csv,D_29_new_V_S_candidates,S,대통령,명사,schemareading-schema,5488,외국에 대하여 국가를 대표하는 국가의 원수. 우리나라에서는 행정부의 실질적인 권한도 갖는다.,"literacy.db 실제 저장 level=4, term_id=5488 재조회 확인(2026-09-25 라이브 재검증)",나라를 대표하고 행정부를 이끄는 국가의 최고 책임자,대통령은 다른 나라 정상과 만나 우리나라를 대표해 이야기를 나눕니다.,대통령,사회,"14주차 / 소분류: 국민의 일꾼, 행정부","vocabulary_contents(5723건, 서버) 전체 lemma 대조 - 0건 일치(REUSE 후보 없음)",NEW_PRIVATE_LOADABLE,,SR_L4CORE_5488,4,REVIEW_BOUNDARY,대통령,,schemareading-schema,4,사회,"소분류: 국민의 일꾼, 행정부 / 주차: 14주차",외국에 대하여 국가를 대표하는 국가의 원수. 우리나라에서는 행정부의 실질적인 권한도 갖는다.,검수전,"{""term_exists"": ""PASS"", ""headword_match"": ""PASS"", ""source_match"": ""PASS"", ""level_match"": ""PASS"", ""pos_match"": ""DB_POS_MISSING"", ""definition_verbatim_match"": ""PASS"", ""literacy_db_homonym_row_count"": ""1"", ""subject_category_match"": ""PASS""}","[""literacy.db pos가 비어 있어 결과표 pos를 검증할 수 없음""]",AUTO_PASS,"구조 대조 전부 PASS, caution 없음, literacy.db 내 동형이의 분리 행 없음"
schema_reading_phase13_l4_core50_final_20260925.csv,D_29_new_V_S_candidates,S,사법권,명사,schemareading-schema,5495,"민사, 형사, 행정에 관한 재판권으로서 법원에 속해 있다.","literacy.db 실제 저장 level=4, term_id=5495 재조회 확인(2026-09-25 라이브 재검증)",다툼이나 범죄에 대해 재판을 할 수 있는 권한,법원은 사법권을 가지고 여러 사건을 재판합니다.,사법권,사회,"15주차 / 소분류: 국민의 판관, 사법부","vocabulary_contents(5723건, 서버) 전체 lemma 대조 - 0건 일치(REUSE 후보 없음)",NEW_PRIVATE_LOADABLE,,SR_L4CORE_5495,4,REVIEW_BOUNDARY,사법권,,schemareading-schema,4,사회,"소분류: 국민의 판관, 사법부 / 주차: 15주차","민사, 형사, 행정에 관한 재판권으로서 법원에 속해 있다.",검수전,"{""term_exists"": ""PASS"", ""headword_match"": ""PASS"", ""source_match"": ""PASS"", ""level_match"": ""PASS"", ""pos_match"": ""DB_POS_MISSING"", ""definition_verbatim_match"": ""PASS"", ""literacy_db_homonym_row_count"": ""1"", ""subject_category_match"": ""PASS""}","[""literacy.db pos가 비어 있어 결과표 pos를 검증할 수 없음"", ""보고서 본문 전용 캐주션(phase15 편입): phase13 보고서 2-4절: 기존 vocabulary_contents의 '사법부'(권한을 행사하는 기관)와 권한(사법권) vs 기관(사법부)을 혼동할 수 있음(이번 97건과 무관한 기존 콘텐츠와의 교차 위험) - caution 컬럼 누락분 phase15가 편입.""]",MEANING_REVIEW,보고서 본문 전용 캐주션(phase15 편입): phase13 보고서 2-4절: 기존 vocabulary_contents의 '사법부'(권한을 행사하는 기관)와 권한(사법권) vs 기관(사법부)을 혼동할 수 있음(이번 97건과 무관한 기존 콘텐츠와의 교차 위험) - caution 컬럼 누락분 phase15가 편입.
schema_reading_phase13_l4_core50_final_20260925.csv,D_29_new_V_S_candidates,S,균형 가격,명사,schemareading-schema,5518,시장에서 수요량과 공급량이 일치하여 상품의 가격이 더는 변하지 않는 균형 상태에 도달하게 될 때의 가격. 시장 가격.,"literacy.db 실제 저장 level=4, term_id=5518 재조회 확인(2026-09-25 라이브 재검증)",사려는 양과 팔려는 양이 같아져서 더 이상 변하지 않는 가격,사과의 수요량과 공급량이 같아지는 지점에서 균형 가격이 정해졌습니다.,균형 가격,사회,18주차 / 소분류: 시장 경제의 보이지 않는 손,"vocabulary_contents(5723건, 서버) 전체 lemma 대조 - 0건 일치(REUSE 후보 없음)",NEW_PRIVATE_LOADABLE,,SR_L4CORE_5518,4,REVIEW_BOUNDARY,균형 가격,,schemareading-schema,4,사회,소분류: 시장 경제의 보이지 않는 손 / 주차: 18주차,시장에서 수요량과 공급량이 일치하여 상품의 가격이 더는 변하지 않는 균형 상태에 도달하게 될 때의 가격. 시장 가격.,검수전,"{""term_exists"": ""PASS"", ""headword_match"": ""PASS"", ""source_match"": ""PASS"", ""level_match"": ""PASS"", ""pos_match"": ""DB_POS_MISSING"", ""definition_verbatim_match"": ""PASS"", ""literacy_db_homonym_row_count"": ""1"", ""subject_category_match"": ""PASS""}","[""literacy.db pos가 비어 있어 결과표 pos를 검증할 수 없음""]",AUTO_PASS,"구조 대조 전부 PASS, caution 없음, literacy.db 내 동형이의 분리 행 없음"
schema_reading_phase14_l5_core_final_20260925.csv,L5_CANDIDATE,V,대등,명사,V(schemareading-tooldict),4868,서로 견주어 높고 낮음이나 낫고 못함이 없이 비슷함.,,서로 비교했을 때 높고 낮음이나 잘하고 못함의 차이가 없이 비슷한 것,두 팀의 실력은 대등해서 누가 이길지 예측하기 어려웠다.,대등해서,,,"REUSE=0 (exact lemma match against 5,772 existing vocabulary_contents rows incl. L4 49) confirmed via phase14 reuse_check.py",NEW_PRIVATE_LOADABLE,,SR_L5CORE_4868,5,REVIEW_BOUNDARY,대등,명사,schemareading-tooldict,5,,,서로 견주어 높고 낮음이나 낫고 못함이 없이 비슷함.,검수전,"{""term_exists"": ""PASS"", ""headword_match"": ""PASS"", ""source_match"": ""PASS"", ""level_match"": ""PASS"", ""pos_match"": ""PASS"", ""definition_verbatim_match"": ""PASS"", ""literacy_db_homonym_row_count"": ""1""}",[],AUTO_PASS,"구조 대조 전부 PASS, caution 없음, literacy.db 내 동형이의 분리 행 없음"
schema_reading_phase14_l5_core_final_20260925.csv,L5_CANDIDATE,V,사후,명사,V(schemareading-tooldict),4920,일이 끝난 뒤. 또는 일을 끝낸 뒤.,,어떤 일이 다 끝난 뒤,사고가 난 뒤에는 사후 대책을 마련하는 것이 중요하다.,사후,,,"REUSE=0 (exact lemma match against 5,772 existing vocabulary_contents rows incl. L4 49) confirmed via phase14 reuse_check.py",NEW_PRIVATE_LOADABLE,기존 vocabulary_contents에는 없지만 뜻이 반대인 '향후'(앞으로)와 글자(뒤 '후')를 공유해 혼동 가능 - 향후는 이번 배치에 없음.,SR_L5CORE_4920,5,REVIEW_BOUNDARY,사후,명사,schemareading-tooldict,5,,,일이 끝난 뒤. 또는 일을 끝낸 뒤.,검수전,"{""term_exists"": ""PASS"", ""headword_match"": ""PASS"", ""source_match"": ""PASS"", ""level_match"": ""PASS"", ""pos_match"": ""PASS"", ""definition_verbatim_match"": ""PASS"", ""literacy_db_homonym_row_count"": ""1""}","[""결과표 caution 필드 기존 표시: 기존 vocabulary_contents에는 없지만 뜻이 반대인 '향후'(앞으로)와 글자(뒤 '후')를 공유해 혼동 가능 - 향후는 이번 배치에 없음.""]",MEANING_REVIEW,결과표 caution: 기존 vocabulary_contents에는 없지만 뜻이 반대인 '향후'(앞으로)와 글자(뒤 '후')를 공유해 혼동 가능 - 향후는 이번 배치에 없음.
schema_reading_phase14_l5_core_final_20260925.csv,L5_CANDIDATE,V,본론,명사,V(schemareading-tooldict),4904,말이나 글에서 주장이 있는 부분.,,말이나 글에서 하고 싶은 주장이나 중심 내용을 담은 부분,"서론에서 문제를 제기한 뒤, 본론에서 자신의 주장을 자세히 설명했다.",본론에서,,,"REUSE=0 (exact lemma match against 5,772 existing vocabulary_contents rows incl. L4 49) confirmed via phase14 reuse_check.py",NEW_PRIVATE_LOADABLE,,SR_L5CORE_4904,5,REVIEW_BOUNDARY,본론,명사,schemareading-tooldict,5,,,말이나 글에서 주장이 있는 부분.,검수전,"{""term_exists"": ""PASS"", ""headword_match"": ""PASS"", ""source_match"": ""PASS"", ""level_match"": ""PASS"", ""pos_match"": ""PASS"", ""definition_verbatim_match"": ""PASS"", ""literacy_db_homonym_row_count"": ""1""}",[],AUTO_PASS,"구조 대조 전부 PASS, caution 없음, literacy.db 내 동형이의 분리 행 없음"
schema_reading_phase14_l5_core_final_20260925.csv,L5_CANDIDATE,V,논술,명사,V(schemareading-tooldict),4859,어떤 것에 관하여 의견을 논리적으로 서술함. 또는 그런 서술.,,어떤 주제에 대한 자신의 의견을 논리적으로 밝혀 쓰는 것,그는 환경 문제에 대한 논술을 써서 상을 받았다.,논술을,,,"REUSE=0 (exact lemma match against 5,772 existing vocabulary_contents rows incl. L4 49) confirmed via phase14 reuse_check.py",NEW_PRIVATE_LOADABLE,,SR_L5CORE_4859,5,REVIEW_BOUNDARY,논술,명사,schemareading-tooldict,5,,,어떤 것에 관하여 의견을 논리적으로 서술함. 또는 그런 서술.,검수전,"{""term_exists"": ""PASS"", ""headword_match"": ""PASS"", ""source_match"": ""PASS"", ""level_match"": ""PASS"", ""pos_match"": ""PASS"", ""definition_verbatim_match"": ""PASS"", ""literacy_db_homonym_row_count"": ""1""}",[],AUTO_PASS,"구조 대조 전부 PASS, caution 없음, literacy.db 내 동형이의 분리 행 없음"
schema_reading_phase14_l5_core_final_20260925.csv,L5_CANDIDATE,V,부가,명사,V(schemareading-tooldict),4906,주된 것에 덧붙임.,,주된 것에 다른 것을 더 덧붙이는 것,기본 요금에 부가 서비스 비용이 추가로 붙었다.,부가,,,"REUSE=0 (exact lemma match against 5,772 existing vocabulary_contents rows incl. L4 49) confirmed via phase14 reuse_check.py",NEW_PRIVATE_LOADABLE,,SR_L5CORE_4906,5,REVIEW_BOUNDARY,부가,명사,schemareading-tooldict,5,,,주된 것에 덧붙임.,검수전,"{""term_exists"": ""PASS"", ""headword_match"": ""PASS"", ""source_match"": ""PASS"", ""level_match"": ""PASS"", ""pos_match"": ""PASS"", ""definition_verbatim_match"": ""PASS"", ""literacy_db_homonym_row_count"": ""1""}",[],AUTO_PASS,"구조 대조 전부 PASS, caution 없음, literacy.db 내 동형이의 분리 행 없음"
schema_reading_phase14_l5_core_final_20260925.csv,L5_CANDIDATE,V,성향,명사,V(schemareading-tooldict),4934,성질에 따른 경향.,,타고난 성질에 따라 나타나는 행동이나 생각의 경향,그는 위험을 피하려는 성향이 강한 편이다.,성향이,,,"REUSE=0 (exact lemma match against 5,772 existing vocabulary_contents rows incl. L4 49) confirmed via phase14 reuse_check.py",NEW_PRIVATE_LOADABLE,"기존 vocabulary_contents의 L4 '지향'(4808, 방향을 잡아 나아감)과 끝 글자 '향'을 공유하고 의미도 '경향/방향' 개념으로 인접해 혼동 가능 - 유추/유사급의 낮은 수준 주의.",SR_L5CORE_4934,5,REVIEW_BOUNDARY,성향,명사,schemareading-tooldict,5,,,성질에 따른 경향.,검수전,"{""term_exists"": ""PASS"", ""headword_match"": ""PASS"", ""source_match"": ""PASS"", ""level_match"": ""PASS"", ""pos_match"": ""PASS"", ""definition_verbatim_match"": ""PASS"", ""literacy_db_homonym_row_count"": ""1""}","[""결과표 caution 필드 기존 표시: 기존 vocabulary_contents의 L4 '지향'(4808, 방향을 잡아 나아감)과 끝 글자 '향'을 공유하고 의미도 '경향/방향' 개념으로 인접해 혼동 가능 - 유추/유사급의 낮은 수준 주의.""]",MEANING_REVIEW,"결과표 caution: 기존 vocabulary_contents의 L4 '지향'(4808, 방향을 잡아 나아감)과 끝 글자 '향'을 공유하고 의미도 '경향/방향' 개념으로 인접해 혼동 가능 - 유추/유사급의 낮은 수준 주의."
schema_reading_phase14_l5_core_final_20260925.csv,D_new_V,V,가변,명사,V(schemareading-tooldict),4834,사물의 모양이나 성질이 바뀌거나 달라질 수 있음. 또는 그런 사물의 모양이나 성질을 바꾸거나 달라지게 할 수 있음.,,사물의 모양이나 성질이 상황에 따라 바뀌거나 달라질 수 있는 것,환율은 여러 요인에 따라 오르내리는 가변적인 수치이다.,가변적인,,,"REUSE=0 (exact lemma match against 5,772 existing vocabulary_contents rows incl. L4 49) confirmed via phase14 reuse_check.py",NEW_PRIVATE_LOADABLE,"phase13에서 HOLD된 '가변성'(자원 관련 S 콘텐츠, 이번 배치와 무관)과 어근은 같으나 별개 표제어·별개 term_id. 반의어 '불변'은 이번 배치에 포함하지 않음.",SR_L5CORE_4834,5,REVIEW_BOUNDARY,가변,명사,schemareading-tooldict,5,,,사물의 모양이나 성질이 바뀌거나 달라질 수 있음. 또는 그런 사물의 모양이나 성질을 바꾸거나 달라지게 할 수 있음.,검수전,"{""term_exists"": ""PASS"", ""headword_match"": ""PASS"", ""source_match"": ""PASS"", ""level_match"": ""PASS"", ""pos_match"": ""PASS"", ""definition_verbatim_match"": ""PASS"", ""literacy_db_homonym_row_count"": ""1""}","[""결과표 caution 필드 기존 표시: phase13에서 HOLD된 '가변성'(자원 관련 S 콘텐츠, 이번 배치와 무관)과 어근은 같으나 별개 표제어·별개 term_id. 반의어 '불변'은 이번 배치에 포함하지 않음.""]",MEANING_REVIEW,"결과표 caution: phase13에서 HOLD된 '가변성'(자원 관련 S 콘텐츠, 이번 배치와 무관)과 어근은 같으나 별개 표제어·별개 term_id. 반의어 '불변'은 이번 배치에 포함하지 않음."
schema_reading_phase14_l5_core_final_20260925.csv,D_new_V,V,가치관,명사,V(schemareading-tooldict),4835,가치에 대한 관점. 인간이 자기를 포함한 세계나 그 속의 사상에 대하여 가지는 평가의 근본적 태도이다.,,"무엇이 옳고 그른지, 중요한지 아닌지를 판단하는 자기만의 기준이나 관점",청소년기에는 자신만의 가치관을 세워 나가는 것이 중요하다.,가치관을,,,"REUSE=0 (exact lemma match against 5,772 existing vocabulary_contents rows incl. L4 49) confirmed via phase14 reuse_check.py",NEW_PRIVATE_LOADABLE,,SR_L5CORE_4835,5,REVIEW_BOUNDARY,가치관,명사,schemareading-tooldict,5,,,가치에 대한 관점. 인간이 자기를 포함한 세계나 그 속의 사상에 대하여 가지는 평가의 근본적 태도이다.,검수전,"{""term_exists"": ""PASS"", ""headword_match"": ""PASS"", ""source_match"": ""PASS"", ""level_match"": ""PASS"", ""pos_match"": ""PASS"", ""definition_verbatim_match"": ""PASS"", ""literacy_db_homonym_row_count"": ""1""}",[],AUTO_PASS,"구조 대조 전부 PASS, caution 없음, literacy.db 내 동형이의 분리 행 없음"
schema_reading_phase14_l5_core_final_20260925.csv,D_new_V,V,간략,명사,V(schemareading-tooldict),4836,손쉽고 간단함.,,손쉽고 간단한 것,발표 내용을 간략하게 정리해서 발표했다.,간략하게,,,"REUSE=0 (exact lemma match against 5,772 existing vocabulary_contents rows incl. L4 49) confirmed via phase14 reuse_check.py",NEW_PRIVATE_LOADABLE,,SR_L5CORE_4836,5,REVIEW_BOUNDARY,간략,명사,schemareading-tooldict,5,,,손쉽고 간단함.,검수전,"{""term_exists"": ""PASS"", ""headword_match"": ""PASS"", ""source_match"": ""PASS"", ""level_match"": ""PASS"", ""pos_match"": ""PASS"", ""definition_verbatim_match"": ""PASS"", ""literacy_db_homonym_row_count"": ""1""}",[],AUTO_PASS,"구조 대조 전부 PASS, caution 없음, literacy.db 내 동형이의 분리 행 없음"
schema_reading_phase14_l5_core_final_20260925.csv,D_new_V,V,감안,명사,V(schemareading-tooldict),4837,여러 사정을 참고하여 생각함.,,여러 사정을 참고하여 생각에 넣는 것,날씨가 좋지 않은 점을 감안해서 일정을 미루기로 했다.,감안해서,,,"REUSE=0 (exact lemma match against 5,772 existing vocabulary_contents rows incl. L4 49) confirmed via phase14 reuse_check.py",NEW_PRIVATE_LOADABLE,,SR_L5CORE_4837,5,REVIEW_BOUNDARY,감안,명사,schemareading-tooldict,5,,,여러 사정을 참고하여 생각함.,검수전,"{""term_exists"": ""PASS"", ""headword_match"": ""PASS"", ""source_match"": ""PASS"", ""level_match"": ""PASS"", ""pos_match"": ""PASS"", ""definition_verbatim_match"": ""PASS"", ""literacy_db_homonym_row_count"": ""1""}",[],AUTO_PASS,"구조 대조 전부 PASS, caution 없음, literacy.db 내 동형이의 분리 행 없음"
schema_reading_phase14_l5_core_final_20260925.csv,D_new_V,V,개관,명사,V(schemareading-tooldict),4838,전체를 대강 살펴봄. 또는 그런 것.,,전체를 대강 훑어보는 것,이 책의 1장은 한국 역사 전체를 개관하는 내용으로 시작한다.,개관하는,,,"REUSE=0 (exact lemma match against 5,772 existing vocabulary_contents rows incl. L4 49) confirmed via phase14 reuse_check.py",NEW_PRIVATE_LOADABLE,'개괄'(이번 배치에 포함)과 뜻이 비슷해(둘 다 '대강 살펴봄/추려냄') 동의어에 가까운 혼동 가능 - 반의어 관계는 아님.,SR_L5CORE_4838,5,REVIEW_BOUNDARY,개관,명사,schemareading-tooldict,5,,,전체를 대강 살펴봄. 또는 그런 것.,검수전,"{""term_exists"": ""PASS"", ""headword_match"": ""PASS"", ""source_match"": ""PASS"", ""level_match"": ""PASS"", ""pos_match"": ""PASS"", ""definition_verbatim_match"": ""PASS"", ""literacy_db_homonym_row_count"": ""1""}","[""결과표 caution 필드 기존 표시: '개괄'(이번 배치에 포함)과 뜻이 비슷해(둘 다 '대강 살펴봄/추려냄') 동의어에 가까운 혼동 가능 - 반의어 관계는 아님.""]",MEANING_REVIEW,결과표 caution: '개괄'(이번 배치에 포함)과 뜻이 비슷해(둘 다 '대강 살펴봄/추려냄') 동의어에 가까운 혼동 가능 - 반의어 관계는 아님.
schema_reading_phase14_l5_core_final_20260925.csv,D_new_V,V,개괄,명사,V(schemareading-tooldict),4839,중요한 내용이나 줄거리를 대강 추려 냄.,,중요한 내용이나 줄거리를 대강 간추려서 정리하는 것,선생님은 수업을 시작하며 오늘 배울 내용을 개괄해서 설명했다.,개괄해서,,,"REUSE=0 (exact lemma match against 5,772 existing vocabulary_contents rows incl. L4 49) confirmed via phase14 reuse_check.py",NEW_PRIVATE_LOADABLE,'개관'과 뜻이 비슷함(위 항목 참고).,SR_L5CORE_4839,5,REVIEW_BOUNDARY,개괄,명사,schemareading-tooldict,5,,,중요한 내용이나 줄거리를 대강 추려 냄.,검수전,"{""term_exists"": ""PASS"", ""headword_match"": ""PASS"", ""source_match"": ""PASS"", ""level_match"": ""PASS"", ""pos_match"": ""PASS"", ""definition_verbatim_match"": ""PASS"", ""literacy_db_homonym_row_count"": ""1""}","[""결과표 caution 필드 기존 표시: '개관'과 뜻이 비슷함(위 항목 참고).""]",MEANING_REVIEW,결과표 caution: '개관'과 뜻이 비슷함(위 항목 참고).
schema_reading_phase14_l5_core_final_20260925.csv,D_new_V,V,거시,명사,V(schemareading-tooldict),4840,어떤 대상을 전체적으로 크게 봄.,,어떤 대상을 세세한 부분이 아니라 전체적으로 크게 보는 것,경제를 공부할 때는 개인의 소비뿐 아니라 거시 경제 지표도 살펴봐야 한다.,거시,,,"REUSE=0 (exact lemma match against 5,772 existing vocabulary_contents rows incl. L4 49) confirmed via phase14 reuse_check.py",NEW_PRIVATE_LOADABLE,"반의어 '미시'는 이번 배치에 포함하지 않음(둘은 교육상 대비어로 함께 배우는 것이 자연스러우나, 이번 세션은 거시만 선정).",SR_L5CORE_4840,5,REVIEW_BOUNDARY,거시,명사,schemareading-tooldict,5,,,어떤 대상을 전체적으로 크게 봄.,검수전,"{""term_exists"": ""PASS"", ""headword_match"": ""PASS"", ""source_match"": ""PASS"", ""level_match"": ""PASS"", ""pos_match"": ""PASS"", ""definition_verbatim_match"": ""PASS"", ""literacy_db_homonym_row_count"": ""1""}","[""결과표 caution 필드 기존 표시: 반의어 '미시'는 이번 배치에 포함하지 않음(둘은 교육상 대비어로 함께 배우는 것이 자연스러우나, 이번 세션은 거시만 선정).""]",MEANING_REVIEW,"결과표 caution: 반의어 '미시'는 이번 배치에 포함하지 않음(둘은 교육상 대비어로 함께 배우는 것이 자연스러우나, 이번 세션은 거시만 선정)."
schema_reading_phase14_l5_core_final_20260925.csv,D_new_V,V,계승,명사,V(schemareading-tooldict),4843,"조상의 전통이나 문화유산, 업적 따위를 물려받아 이어 나감.",,"전통이나 문화유산, 업적 등을 물려받아 이어 나가는 것",그는 전통 도자기 기술을 계승한 장인이다.,계승한,,,"REUSE=0 (exact lemma match against 5,772 existing vocabulary_contents rows incl. L4 49) confirmed via phase14 reuse_check.py",NEW_PRIVATE_LOADABLE,,SR_L5CORE_4843,5,REVIEW_BOUNDARY,계승,명사,schemareading-tooldict,5,,,"조상의 전통이나 문화유산, 업적 따위를 물려받아 이어 나감.",검수전,"{""term_exists"": ""PASS"", ""headword_match"": ""PASS"", ""source_match"": ""PASS"", ""level_match"": ""PASS"", ""pos_match"": ""PASS"", ""definition_verbatim_match"": ""PASS"", ""literacy_db_homonym_row_count"": ""1""}",[],AUTO_PASS,"구조 대조 전부 PASS, caution 없음, literacy.db 내 동형이의 분리 행 없음"
schema_reading_phase14_l5_core_final_20260925.csv,D_new_V,V,계통,명사,V(schemareading-tooldict),4844,일정한 체계에 따라 서로 관련되어 있는 부분들의 통일적 조직.,,일정한 체계에 따라 서로 관련된 부분들이 이루는 하나의 조직이나 줄기,생물은 진화의 계통에 따라 분류할 수 있다.,계통에,,,"REUSE=0 (exact lemma match against 5,772 existing vocabulary_contents rows incl. L4 49) confirmed via phase14 reuse_check.py",NEW_PRIVATE_LOADABLE,,SR_L5CORE_4844,5,REVIEW_BOUNDARY,계통,명사,schemareading-tooldict,5,,,일정한 체계에 따라 서로 관련되어 있는 부분들의 통일적 조직.,검수전,"{""term_exists"": ""PASS"", ""headword_match"": ""PASS"", ""source_match"": ""PASS"", ""level_match"": ""PASS"", ""pos_match"": ""PASS"", ""definition_verbatim_match"": ""PASS"", ""literacy_db_homonym_row_count"": ""1""}",[],AUTO_PASS,"구조 대조 전부 PASS, caution 없음, literacy.db 내 동형이의 분리 행 없음"
schema_reading_phase14_l5_core_final_20260925.csv,D_new_V,V,광범위,명사,V(schemareading-tooldict),4845,범위가 넓음. 또는 넓은 범위.,,범위가 넓은 것,이번 조사는 전국을 대상으로 한 광범위한 조사였다.,광범위한,,,"REUSE=0 (exact lemma match against 5,772 existing vocabulary_contents rows incl. L4 49) confirmed via phase14 reuse_check.py",NEW_PRIVATE_LOADABLE,,SR_L5CORE_4845,5,REVIEW_BOUNDARY,광범위,명사,schemareading-tooldict,5,,,범위가 넓음. 또는 넓은 범위.,검수전,"{""term_exists"": ""PASS"", ""headword_match"": ""PASS"", ""source_match"": ""PASS"", ""level_match"": ""PASS"", ""pos_match"": ""PASS"", ""definition_verbatim_match"": ""PASS"", ""literacy_db_homonym_row_count"": ""1""}",[],AUTO_PASS,"구조 대조 전부 PASS, caution 없음, literacy.db 내 동형이의 분리 행 없음"
schema_reading_phase14_l5_core_final_20260925.csv,D_new_V,V,구축,명사,V(schemareading-tooldict),4846,어떤 시설물을 쌓아 올려 만듦.,,어떤 시설이나 체계를 쌓아 올려 만드는 것,회사는 새로운 물류 시스템을 구축했다.,구축했다,,,"REUSE=0 (exact lemma match against 5,772 existing vocabulary_contents rows incl. L4 49) confirmed via phase14 reuse_check.py",NEW_PRIVATE_LOADABLE,"'구현'(이번 배치 포함)과 '무언가를 만들어낸다'는 점에서 뜻이 비슷해 실제로도 자주 혼용되는 표현 - 구축=기반/체계를 쌓아 만듦, 구현=생각·계획을 실제로 나타나게 함으로 구분 필요.",SR_L5CORE_4846,5,REVIEW_BOUNDARY,구축,명사,schemareading-tooldict,5,,,어떤 시설물을 쌓아 올려 만듦.,검수전,"{""term_exists"": ""PASS"", ""headword_match"": ""PASS"", ""source_match"": ""PASS"", ""level_match"": ""PASS"", ""pos_match"": ""PASS"", ""definition_verbatim_match"": ""PASS"", ""literacy_db_homonym_row_count"": ""1""}","[""결과표 caution 필드 기존 표시: '구현'(이번 배치 포함)과 '무언가를 만들어낸다'는 점에서 뜻이 비슷해 실제로도 자주 혼용되는 표현 - 구축=기반/체계를 쌓아 만듦, 구현=생각·계획을 실제로 나타나게 함으로 구분 필요.""]",MEANING_REVIEW,"결과표 caution: '구현'(이번 배치 포함)과 '무언가를 만들어낸다'는 점에서 뜻이 비슷해 실제로도 자주 혼용되는 표현 - 구축=기반/체계를 쌓아 만듦, 구현=생각·계획을 실제로 나타나게 함으로 구분 필요."
schema_reading_phase14_l5_core_final_20260925.csv,D_new_V,V,구현,명사,V(schemareading-tooldict),4847,어떤 내용이 구체적인 사실로 나타나게 함.,,생각이나 계획을 구체적인 현실로 나타나게 하는 것,이 프로그램은 사용자의 아이디어를 실제 화면으로 구현해 준다.,구현해,,,"REUSE=0 (exact lemma match against 5,772 existing vocabulary_contents rows incl. L4 49) confirmed via phase14 reuse_check.py",NEW_PRIVATE_LOADABLE,'구축'과 혼동 가능(위 항목 참고).,SR_L5CORE_4847,5,REVIEW_BOUNDARY,구현,명사,schemareading-tooldict,5,,,어떤 내용이 구체적인 사실로 나타나게 함.,검수전,"{""term_exists"": ""PASS"", ""headword_match"": ""PASS"", ""source_match"": ""PASS"", ""level_match"": ""PASS"", ""pos_match"": ""PASS"", ""definition_verbatim_match"": ""PASS"", ""literacy_db_homonym_row_count"": ""1""}","[""결과표 caution 필드 기존 표시: '구축'과 혼동 가능(위 항목 참고).""]",MEANING_REVIEW,결과표 caution: '구축'과 혼동 가능(위 항목 참고).
schema_reading_phase14_l5_core_final_20260925.csv,D_new_V,V,국면,명사,V(schemareading-tooldict),4848,어떤 일이 벌어진 장면이나 형편.,,어떤 일이 벌어지고 있는 장면이나 상황,협상이 새로운 국면으로 접어들었다.,국면으로,,,"REUSE=0 (exact lemma match against 5,772 existing vocabulary_contents rows incl. L4 49) confirmed via phase14 reuse_check.py",NEW_PRIVATE_LOADABLE,,SR_L5CORE_4848,5,REVIEW_BOUNDARY,국면,명사,schemareading-tooldict,5,,,어떤 일이 벌어진 장면이나 형편.,검수전,"{""term_exists"": ""PASS"", ""headword_match"": ""PASS"", ""source_match"": ""PASS"", ""level_match"": ""PASS"", ""pos_match"": ""PASS"", ""definition_verbatim_match"": ""PASS"", ""literacy_db_homonym_row_count"": ""1""}",[],AUTO_PASS,"구조 대조 전부 PASS, caution 없음, literacy.db 내 동형이의 분리 행 없음"
schema_reading_phase14_l5_core_final_20260925.csv,D_new_V,V,급진,명사,V(schemareading-tooldict),4849,서둘러 급히 나아감.,,서두르고 급하게 목표를 향해 나아가는 것,그는 천천히 바꾸기보다 급진적인 개혁을 주장했다.,급진적인,,,"REUSE=0 (exact lemma match against 5,772 existing vocabulary_contents rows incl. L4 49) confirmed via phase14 reuse_check.py",NEW_PRIVATE_LOADABLE,,SR_L5CORE_4849,5,REVIEW_BOUNDARY,급진,명사,schemareading-tooldict,5,,,서둘러 급히 나아감.,검수전,"{""term_exists"": ""PASS"", ""headword_match"": ""PASS"", ""source_match"": ""PASS"", ""level_match"": ""PASS"", ""pos_match"": ""PASS"", ""definition_verbatim_match"": ""PASS"", ""literacy_db_homonym_row_count"": ""1""}",[],AUTO_PASS,"구조 대조 전부 PASS, caution 없음, literacy.db 내 동형이의 분리 행 없음"
schema_reading_phase14_l5_core_final_20260925.csv,D_new_V,V,난점,명사,V(schemareading-tooldict),4854,곤란한 점.,,일을 하는 데 어려움이 있는 부분,이 계획에는 예산 확보라는 난점이 있다.,난점이,,,"REUSE=0 (exact lemma match against 5,772 existing vocabulary_contents rows incl. L4 49) confirmed via phase14 reuse_check.py",NEW_PRIVATE_LOADABLE,,SR_L5CORE_4854,5,REVIEW_BOUNDARY,난점,명사,schemareading-tooldict,5,,,곤란한 점.,검수전,"{""term_exists"": ""PASS"", ""headword_match"": ""PASS"", ""source_match"": ""PASS"", ""level_match"": ""PASS"", ""pos_match"": ""PASS"", ""definition_verbatim_match"": ""PASS"", ""literacy_db_homonym_row_count"": ""1""}",[],AUTO_PASS,"구조 대조 전부 PASS, caution 없음, literacy.db 내 동형이의 분리 행 없음"
schema_reading_phase14_l5_core_final_20260925.csv,D_new_V,V,내재,명사,V(schemareading-tooldict),4856,어떤 사물이나 범위의 안에 들어 있음. 또는 그런 존재.,,어떤 것 안에 원래부터 들어 있는 것,이 정책에는 처음부터 문제가 내재되어 있었다.,내재되어,,,"REUSE=0 (exact lemma match against 5,772 existing vocabulary_contents rows incl. L4 49) confirmed via phase14 reuse_check.py",NEW_PRIVATE_LOADABLE,,SR_L5CORE_4856,5,REVIEW_BOUNDARY,내재,명사,schemareading-tooldict,5,,,어떤 사물이나 범위의 안에 들어 있음. 또는 그런 존재.,검수전,"{""term_exists"": ""PASS"", ""headword_match"": ""PASS"", ""source_match"": ""PASS"", ""level_match"": ""PASS"", ""pos_match"": ""PASS"", ""definition_verbatim_match"": ""PASS"", ""literacy_db_homonym_row_count"": ""1""}",[],AUTO_PASS,"구조 대조 전부 PASS, caution 없음, literacy.db 내 동형이의 분리 행 없음"
schema_reading_phase14_l5_core_final_20260925.csv,D_new_V,V,논거,명사,V(schemareading-tooldict),4857,"어떤 이론이나 논리, 논설 따위의 근거.",,주장이나 이론을 뒷받침하는 근거,그는 자신의 주장에 대한 논거를 명확히 제시했다.,논거를,,,"REUSE=0 (exact lemma match against 5,772 existing vocabulary_contents rows incl. L4 49) confirmed via phase14 reuse_check.py",NEW_PRIVATE_LOADABLE,,SR_L5CORE_4857,5,REVIEW_BOUNDARY,논거,명사,schemareading-tooldict,5,,,"어떤 이론이나 논리, 논설 따위의 근거.",검수전,"{""term_exists"": ""PASS"", ""headword_match"": ""PASS"", ""source_match"": ""PASS"", ""level_match"": ""PASS"", ""pos_match"": ""PASS"", ""definition_verbatim_match"": ""PASS"", ""literacy_db_homonym_row_count"": ""1""}",[],AUTO_PASS,"구조 대조 전부 PASS, caution 없음, literacy.db 내 동형이의 분리 행 없음"
schema_reading_phase14_l5_core_final_20260925.csv,D_new_V,V,논리적,명사,V(schemareading-tooldict),4858,논리에 맞는 것.,,생각이나 말이 앞뒤가 맞고 이치에 맞는 것,그는 감정적으로 말하지 않고 논리적으로 설명했다.,논리적으로,,,"REUSE=0 (exact lemma match against 5,772 existing vocabulary_contents rows incl. L4 49) confirmed via phase14 reuse_check.py",NEW_PRIVATE_LOADABLE,,SR_L5CORE_4858,5,REVIEW_BOUNDARY,논리적,명사,schemareading-tooldict,5,,,논리에 맞는 것.,검수전,"{""term_exists"": ""PASS"", ""headword_match"": ""PASS"", ""source_match"": ""PASS"", ""level_match"": ""PASS"", ""pos_match"": ""PASS"", ""definition_verbatim_match"": ""PASS"", ""literacy_db_homonym_row_count"": ""1""}",[],AUTO_PASS,"구조 대조 전부 PASS, caution 없음, literacy.db 내 동형이의 분리 행 없음"
schema_reading_phase14_l5_core_final_20260925.csv,D_new_S_sci,S,연약권,명사,S(schemareading-schema),6494,딱딱한 암석권 아래로 평균 지하 100km 부근의 부드러운 부분.,,"단단한 암석권 아래, 땅속 약 100km 부근에 있는 비교적 부드러운 부분",판은 그 아래에 있는 연약권 위를 천천히 움직인다.,연약권,과학,소분류: 판구조론 / 주차: 1주차,"REUSE=0 (exact lemma match against 5,772 existing vocabulary_contents rows incl. L4 49) confirmed via phase14 reuse_check.py",NEW_PRIVATE_LOADABLE,,SR_L5CORE_6494,5,REVIEW_BOUNDARY,연약권,,schemareading-schema,5,과학,소분류: 판구조론 / 주차: 1주차,딱딱한 암석권 아래로 평균 지하 100km 부근의 부드러운 부분.,검수전,"{""term_exists"": ""PASS"", ""headword_match"": ""PASS"", ""source_match"": ""PASS"", ""level_match"": ""PASS"", ""pos_match"": ""DB_POS_MISSING"", ""definition_verbatim_match"": ""PASS"", ""literacy_db_homonym_row_count"": ""1"", ""subject_category_match"": ""PASS""}","[""literacy.db pos가 비어 있어 결과표 pos를 검증할 수 없음""]",AUTO_PASS,"구조 대조 전부 PASS, caution 없음, literacy.db 내 동형이의 분리 행 없음"
schema_reading_phase14_l5_core_final_20260925.csv,D_new_S_sci,S,맨틀,명사,S(schemareading-schema),6495,지구를 구성하는 층서 중 지각과 외핵 사이에 분포하는 영역.,,지구 내부에서 지각과 외핵 사이에 있는 두꺼운 층,"지구 내부는 지각, 맨틀, 외핵, 내핵의 순서로 이루어져 있다.",맨틀,과학,소분류: 판구조론 / 주차: 1주차,"REUSE=0 (exact lemma match against 5,772 existing vocabulary_contents rows incl. L4 49) confirmed via phase14 reuse_check.py",NEW_PRIVATE_LOADABLE,,SR_L5CORE_6495,5,REVIEW_BOUNDARY,맨틀,,schemareading-schema,5,과학,소분류: 판구조론 / 주차: 1주차,지구를 구성하는 층서 중 지각과 외핵 사이에 분포하는 영역.,검수전,"{""term_exists"": ""PASS"", ""headword_match"": ""PASS"", ""source_match"": ""PASS"", ""level_match"": ""PASS"", ""pos_match"": ""DB_POS_MISSING"", ""definition_verbatim_match"": ""PASS"", ""literacy_db_homonym_row_count"": ""1"", ""subject_category_match"": ""PASS""}","[""literacy.db pos가 비어 있어 결과표 pos를 검증할 수 없음""]",AUTO_PASS,"구조 대조 전부 PASS, caution 없음, literacy.db 내 동형이의 분리 행 없음"
schema_reading_phase14_l5_core_final_20260925.csv,D_new_S_sci,S,발산형 경계,명사,S(schemareading-schema),6498,지구를 구성하는 판이 생성되어 멀어지는 부분 . 맨틀 대류에 의한 판 이동 시 갈라지는 부분.,,두 판이 서로 멀어지면서 그 사이에 새로운 판이 만들어지는 경계,대서양 중앙 해령은 두 판이 멀어지는 발산형 경계의 대표적인 예이다.,발산형 경계,과학,소분류: 판구조론 / 주차: 1주차,"REUSE=0 (exact lemma match against 5,772 existing vocabulary_contents rows incl. L4 49) confirmed via phase14 reuse_check.py",NEW_PRIVATE_LOADABLE,'수렴형 경계'(이번 배치 포함)와 짝을 이루는 대비 개념 - 교육상 함께 배우는 것이 자연스러우나 출제 시 방향(멀어짐/충돌) 구분 필요.,SR_L5CORE_6498,5,REVIEW_BOUNDARY,발산형 경계,,schemareading-schema,5,과학,소분류: 판구조론 / 주차: 1주차,지구를 구성하는 판이 생성되어 멀어지는 부분 . 맨틀 대류에 의한 판 이동 시 갈라지는 부분.,검수전,"{""term_exists"": ""PASS"", ""headword_match"": ""PASS"", ""source_match"": ""PASS"", ""level_match"": ""PASS"", ""pos_match"": ""DB_POS_MISSING"", ""definition_verbatim_match"": ""PASS"", ""literacy_db_homonym_row_count"": ""1"", ""subject_category_match"": ""PASS""}","[""literacy.db pos가 비어 있어 결과표 pos를 검증할 수 없음"", ""결과표 caution 필드 기존 표시: '수렴형 경계'(이번 배치 포함)와 짝을 이루는 대비 개념 - 교육상 함께 배우는 것이 자연스러우나 출제 시 방향(멀어짐/충돌) 구분 필요.""]",MEANING_REVIEW,결과표 caution: '수렴형 경계'(이번 배치 포함)와 짝을 이루는 대비 개념 - 교육상 함께 배우는 것이 자연스러우나 출제 시 방향(멀어짐/충돌) 구분 필요.
schema_reading_phase14_l5_core_final_20260925.csv,D_new_S_sci,S,해령,명사,S(schemareading-schema),6499,깊은 바다에 있는 길고 좁은 산맥 모양의 솟아오른 부분.,,깊은 바다 밑에 길게 이어진 산맥처럼 솟아오른 지형,해령에서는 새로운 해양 지각이 만들어진다.,해령에서,과학,소분류: 판구조론 / 주차: 1주차,"REUSE=0 (exact lemma match against 5,772 existing vocabulary_contents rows incl. L4 49) confirmed via phase14 reuse_check.py",NEW_PRIVATE_LOADABLE,"'해구'(이번 배치 포함, 움푹 파인 지형)와 높낮이가 반대인 지형 개념 - 글자도 '해'로 시작해 혼동 가능, 출제 시 구분 필요.",SR_L5CORE_6499,5,REVIEW_BOUNDARY,해령,,schemareading-schema,5,과학,소분류: 판구조론 / 주차: 1주차,깊은 바다에 있는 길고 좁은 산맥 모양의 솟아오른 부분.,검수전,"{""term_exists"": ""PASS"", ""headword_match"": ""PASS"", ""source_match"": ""PASS"", ""level_match"": ""PASS"", ""pos_match"": ""DB_POS_MISSING"", ""definition_verbatim_match"": ""PASS"", ""literacy_db_homonym_row_count"": ""1"", ""subject_category_match"": ""PASS""}","[""literacy.db pos가 비어 있어 결과표 pos를 검증할 수 없음"", ""결과표 caution 필드 기존 표시: '해구'(이번 배치 포함, 움푹 파인 지형)와 높낮이가 반대인 지형 개념 - 글자도 '해'로 시작해 혼동 가능, 출제 시 구분 필요.""]",MEANING_REVIEW,"결과표 caution: '해구'(이번 배치 포함, 움푹 파인 지형)와 높낮이가 반대인 지형 개념 - 글자도 '해'로 시작해 혼동 가능, 출제 시 구분 필요."
schema_reading_phase14_l5_core_final_20260925.csv,D_new_S_sci,S,열곡,명사,S(schemareading-schema),6500,확장이 일어나는 부분에서 두 개의 단층 사이에 생성된 골짜기.,,땅이 양쪽으로 벌어지면서 두 단층 사이에 생긴 좁고 긴 골짜기,해령의 한가운데에는 열곡이라는 좁은 골짜기가 있다.,열곡,과학,소분류: 판구조론 / 주차: 1주차,"REUSE=0 (exact lemma match against 5,772 existing vocabulary_contents rows incl. L4 49) confirmed via phase14 reuse_check.py",NEW_PRIVATE_LOADABLE,,SR_L5CORE_6500,5,REVIEW_BOUNDARY,열곡,,schemareading-schema,5,과학,소분류: 판구조론 / 주차: 1주차,확장이 일어나는 부분에서 두 개의 단층 사이에 생성된 골짜기.,검수전,"{""term_exists"": ""PASS"", ""headword_match"": ""PASS"", ""source_match"": ""PASS"", ""level_match"": ""PASS"", ""pos_match"": ""DB_POS_MISSING"", ""definition_verbatim_match"": ""PASS"", ""literacy_db_homonym_row_count"": ""1"", ""subject_category_match"": ""PASS""}","[""literacy.db pos가 비어 있어 결과표 pos를 검증할 수 없음""]",AUTO_PASS,"구조 대조 전부 PASS, caution 없음, literacy.db 내 동형이의 분리 행 없음"
schema_reading_phase14_l5_core_final_20260925.csv,D_new_S_sci,S,수렴형 경계,명사,S(schemareading-schema),6501,두 개의 판이 서로 충돌하여 그림과 같이 맨틀의 대류가 하강하는 곳으로 해양 지각이 연약권 밑으로 밀려 들어가기 때문에 해양 지각이 소실되는 경계.,,두 판이 서로 부딪쳐서 한쪽이 다른 쪽 밑으로 밀려 들어가는 경계,일본 부근은 두 판이 부딪치는 수렴형 경계에 속해 지진이 잦다.,수렴형 경계,과학,소분류: 판구조론 / 주차: 1주차,"REUSE=0 (exact lemma match against 5,772 existing vocabulary_contents rows incl. L4 49) confirmed via phase14 reuse_check.py",NEW_PRIVATE_LOADABLE,'발산형 경계'와 짝을 이루는 대비 개념(위 항목 참고).,SR_L5CORE_6501,5,REVIEW_BOUNDARY,수렴형 경계,,schemareading-schema,5,과학,소분류: 판구조론 / 주차: 1주차,두 개의 판이 서로 충돌하여 그림과 같이 맨틀의 대류가 하강하는 곳으로 해양 지각이 연약권 밑으로 밀려 들어가기 때문에 해양 지각이 소실되는 경계.,검수전,"{""term_exists"": ""PASS"", ""headword_match"": ""PASS"", ""source_match"": ""PASS"", ""level_match"": ""PASS"", ""pos_match"": ""DB_POS_MISSING"", ""definition_verbatim_match"": ""PASS"", ""literacy_db_homonym_row_count"": ""1"", ""subject_category_match"": ""PASS""}","[""literacy.db pos가 비어 있어 결과표 pos를 검증할 수 없음"", ""결과표 caution 필드 기존 표시: '발산형 경계'와 짝을 이루는 대비 개념(위 항목 참고).""]",MEANING_REVIEW,결과표 caution: '발산형 경계'와 짝을 이루는 대비 개념(위 항목 참고).
schema_reading_phase14_l5_core_final_20260925.csv,D_new_S_sci,S,해구,명사,S(schemareading-schema),6502,"심해저에서 움푹 들어간 좁고 긴 곳으로, 급사면에 둘러싸인 해저지형.",,깊은 바다 밑바닥이 좁고 길게 움푹 파인 지형,태평양의 마리아나 해구는 세계에서 가장 깊은 곳이다.,해구는,과학,소분류: 판구조론 / 주차: 1주차,"REUSE=0 (exact lemma match against 5,772 existing vocabulary_contents rows incl. L4 49) confirmed via phase14 reuse_check.py",NEW_PRIVATE_LOADABLE,'해령'과 혼동 가능(위 항목 참고).,SR_L5CORE_6502,5,REVIEW_BOUNDARY,해구,,schemareading-schema,5,과학,소분류: 판구조론 / 주차: 1주차,"심해저에서 움푹 들어간 좁고 긴 곳으로, 급사면에 둘러싸인 해저지형.",검수전,"{""term_exists"": ""PASS"", ""headword_match"": ""PASS"", ""source_match"": ""PASS"", ""level_match"": ""PASS"", ""pos_match"": ""DB_POS_MISSING"", ""definition_verbatim_match"": ""PASS"", ""literacy_db_homonym_row_count"": ""1"", ""subject_category_match"": ""PASS""}","[""literacy.db pos가 비어 있어 결과표 pos를 검증할 수 없음"", ""결과표 caution 필드 기존 표시: '해령'과 혼동 가능(위 항목 참고).""]",MEANING_REVIEW,결과표 caution: '해령'과 혼동 가능(위 항목 참고).
schema_reading_phase14_l5_core_final_20260925.csv,D_new_S_sci,S,열점,명사,S(schemareading-schema),6508,맨틀 깊은 곳에서 기둥 모양으로 올라오는 물질의 흐름이 지표에서 화산이나 융기로서 나타난 지점.,,맨틀 깊은 곳에서 뜨거운 물질이 기둥처럼 솟아올라 화산 활동이 일어나는 지점,하와이 화산섬들은 열점 위를 판이 이동하면서 만들어졌다.,열점,과학,소분류: 판구조론 / 주차: 1주차,"REUSE=0 (exact lemma match against 5,772 existing vocabulary_contents rows incl. L4 49) confirmed via phase14 reuse_check.py",NEW_PRIVATE_LOADABLE,,SR_L5CORE_6508,5,REVIEW_BOUNDARY,열점,,schemareading-schema,5,과학,소분류: 판구조론 / 주차: 1주차,맨틀 깊은 곳에서 기둥 모양으로 올라오는 물질의 흐름이 지표에서 화산이나 융기로서 나타난 지점.,검수전,"{""term_exists"": ""PASS"", ""headword_match"": ""PASS"", ""source_match"": ""PASS"", ""level_match"": ""PASS"", ""pos_match"": ""DB_POS_MISSING"", ""definition_verbatim_match"": ""PASS"", ""literacy_db_homonym_row_count"": ""1"", ""subject_category_match"": ""PASS""}","[""literacy.db pos가 비어 있어 결과표 pos를 검증할 수 없음""]",AUTO_PASS,"구조 대조 전부 PASS, caution 없음, literacy.db 내 동형이의 분리 행 없음"
schema_reading_phase14_l5_core_final_20260925.csv,D_new_S_sci,S,광물,명사,S(schemareading-schema),6509,천연으로 나며 질이 고르고 화학적 조성(組成)이 일정한 물질.,,자연적으로 생기며 성분이 일정한 고체 물질,이 암석에는 여러 종류의 광물이 섞여 있다.,광물이,과학,소분류: 지구 구성 물질 / 주차: 2주차,"REUSE=0 (exact lemma match against 5,772 existing vocabulary_contents rows incl. L4 49) confirmed via phase14 reuse_check.py",NEW_PRIVATE_LOADABLE,,SR_L5CORE_6509,5,REVIEW_BOUNDARY,광물,,schemareading-schema,5,과학,소분류: 지구 구성 물질 / 주차: 2주차,천연으로 나며 질이 고르고 화학적 조성(組成)이 일정한 물질.,검수전,"{""term_exists"": ""PASS"", ""headword_match"": ""PASS"", ""source_match"": ""PASS"", ""level_match"": ""PASS"", ""pos_match"": ""DB_POS_MISSING"", ""definition_verbatim_match"": ""PASS"", ""literacy_db_homonym_row_count"": ""1"", ""subject_category_match"": ""PASS""}","[""literacy.db pos가 비어 있어 결과표 pos를 검증할 수 없음""]",AUTO_PASS,"구조 대조 전부 PASS, caution 없음, literacy.db 내 동형이의 분리 행 없음"
schema_reading_phase14_l5_core_final_20260925.csv,D_new_S_sci,S,결정형,명사,S(schemareading-schema),6510,결정이 나타내는 겉모양.,,광물의 결정이 가지는 겉모양이나 형태,같은 광물이라도 자라는 환경에 따라 결정형이 다르게 나타난다.,결정형이,과학,소분류: 지구 구성 물질 / 주차: 2주차,"REUSE=0 (exact lemma match against 5,772 existing vocabulary_contents rows incl. L4 49) confirmed via phase14 reuse_check.py",NEW_PRIVATE_LOADABLE,,SR_L5CORE_6510,5,REVIEW_BOUNDARY,결정형,,schemareading-schema,5,과학,소분류: 지구 구성 물질 / 주차: 2주차,결정이 나타내는 겉모양.,검수전,"{""term_exists"": ""PASS"", ""headword_match"": ""PASS"", ""source_match"": ""PASS"", ""level_match"": ""PASS"", ""pos_match"": ""DB_POS_MISSING"", ""definition_verbatim_match"": ""PASS"", ""literacy_db_homonym_row_count"": ""1"", ""subject_category_match"": ""PASS""}","[""literacy.db pos가 비어 있어 결과표 pos를 검증할 수 없음""]",AUTO_PASS,"구조 대조 전부 PASS, caution 없음, literacy.db 내 동형이의 분리 행 없음"
schema_reading_phase14_l5_core_final_20260925.csv,D_new_S_sci,S,쪼개짐,명사,S(schemareading-schema),6513,결합력이 약한 방향이나 특정한 면을 따라 광물이 쉽게 쪼개지는 성질.,,광물이 일정한 방향이나 면을 따라 매끈하게 쪼개지는 성질,운모는 얇은 판 모양으로 쪼개짐이 잘 일어나는 광물이다.,쪼개짐이,과학,소분류: 지구 구성 물질 / 주차: 2주차,"REUSE=0 (exact lemma match against 5,772 existing vocabulary_contents rows incl. L4 49) confirmed via phase14 reuse_check.py",NEW_PRIVATE_LOADABLE,'깨짐'(이번 배치 포함)과 짝을 이루는 대비 개념(광물이 매끈하게 갈라지는지/울퉁불퉁하게 갈라지는지) - 출제 시 구분 필요.,SR_L5CORE_6513,5,REVIEW_BOUNDARY,쪼개짐,,schemareading-schema,5,과학,소분류: 지구 구성 물질 / 주차: 2주차,결합력이 약한 방향이나 특정한 면을 따라 광물이 쉽게 쪼개지는 성질.,검수전,"{""term_exists"": ""PASS"", ""headword_match"": ""PASS"", ""source_match"": ""PASS"", ""level_match"": ""PASS"", ""pos_match"": ""DB_POS_MISSING"", ""definition_verbatim_match"": ""PASS"", ""literacy_db_homonym_row_count"": ""1"", ""subject_category_match"": ""PASS""}","[""literacy.db pos가 비어 있어 결과표 pos를 검증할 수 없음"", ""결과표 caution 필드 기존 표시: '깨짐'(이번 배치 포함)과 짝을 이루는 대비 개념(광물이 매끈하게 갈라지는지/울퉁불퉁하게 갈라지는지) - 출제 시 구분 필요.""]",MEANING_REVIEW,결과표 caution: '깨짐'(이번 배치 포함)과 짝을 이루는 대비 개념(광물이 매끈하게 갈라지는지/울퉁불퉁하게 갈라지는지) - 출제 시 구분 필요.
schema_reading_phase14_l5_core_final_20260925.csv,D_new_S_sci,S,깨짐,명사,S(schemareading-schema),6514,"광물이 힘을 받아 깨질 때 일정한 방향으로 쪼개지지 않아, 그 깨진 면이 평탄하지 않은 것.",,"광물이 힘을 받아 깨질 때, 일정한 방향 없이 울퉁불퉁하게 깨지는 성질",석영은 쪼개짐이 없고 깨짐만 나타나는 광물이다.,깨짐,과학,소분류: 지구 구성 물질 / 주차: 2주차,"REUSE=0 (exact lemma match against 5,772 existing vocabulary_contents rows incl. L4 49) confirmed via phase14 reuse_check.py",NEW_PRIVATE_LOADABLE,'쪼개짐'과 짝을 이루는 대비 개념(위 항목 참고). '깨짐' 자체가 일반적으로도 쓰이는 평범한 단어라 정의를 광물학적 의미로 한정해서 제시해야 함.,SR_L5CORE_6514,5,REVIEW_BOUNDARY,깨짐,,schemareading-schema,5,과학,소분류: 지구 구성 물질 / 주차: 2주차,"광물이 힘을 받아 깨질 때 일정한 방향으로 쪼개지지 않아, 그 깨진 면이 평탄하지 않은 것.",검수전,"{""term_exists"": ""PASS"", ""headword_match"": ""PASS"", ""source_match"": ""PASS"", ""level_match"": ""PASS"", ""pos_match"": ""DB_POS_MISSING"", ""definition_verbatim_match"": ""PASS"", ""literacy_db_homonym_row_count"": ""1"", ""subject_category_match"": ""PASS""}","[""literacy.db pos가 비어 있어 결과표 pos를 검증할 수 없음"", ""결과표 caution 필드 기존 표시: '쪼개짐'과 짝을 이루는 대비 개념(위 항목 참고). '깨짐' 자체가 일반적으로도 쓰이는 평범한 단어라 정의를 광물학적 의미로 한정해서 제시해야 함.""]",MEANING_REVIEW,결과표 caution: '쪼개짐'과 짝을 이루는 대비 개념(위 항목 참고). '깨짐' 자체가 일반적으로도 쓰이는 평범한 단어라 정의를 광물학적 의미로 한정해서 제시해야 함.
schema_reading_phase14_l5_core_final_20260925.csv,D_new_S_soc,S,사회구조,명사,S(schemareading-schema),5531,"일정한 사회관계에서, 지위와 역할에 따라 상호 의존적으로 관계하는 개인이 행동할 수 있는 범위나 행동 양식을 정하여 주는 사회적 정의나 틀.",,사람들이 사회 속에서 맡은 지위와 역할에 따라 서로 관계를 맺는 짜임새,산업화가 진행되면서 사회구조도 크게 변화하였다.,사회구조도,사회,소분류: 인간과 사회 / 주차: 1주차,"REUSE=0 (exact lemma match against 5,772 existing vocabulary_contents rows incl. L4 49) confirmed via phase14 reuse_check.py",NEW_PRIVATE_LOADABLE,,SR_L5CORE_5531,5,REVIEW_BOUNDARY,사회구조,,schemareading-schema,5,사회,소분류: 인간과 사회 / 주차: 1주차,"일정한 사회관계에서, 지위와 역할에 따라 상호 의존적으로 관계하는 개인이 행동할 수 있는 범위나 행동 양식을 정하여 주는 사회적 정의나 틀.",검수전,"{""term_exists"": ""PASS"", ""headword_match"": ""PASS"", ""source_match"": ""PASS"", ""level_match"": ""PASS"", ""pos_match"": ""DB_POS_MISSING"", ""definition_verbatim_match"": ""PASS"", ""literacy_db_homonym_row_count"": ""1"", ""subject_category_match"": ""PASS""}","[""literacy.db pos가 비어 있어 결과표 pos를 검증할 수 없음""]",AUTO_PASS,"구조 대조 전부 PASS, caution 없음, literacy.db 내 동형이의 분리 행 없음"
schema_reading_phase14_l5_core_final_20260925.csv,D_new_S_soc,S,사회제도,명사,S(schemareading-schema),5532,"한 사회에 의하여 지지되고 있는 조직화된 행위 양식. 경제, 법률, 종교, 도덕, 관습 따위의 규범으로 이루어진다.",,한 사회가 인정하고 지켜 나가는 조직적인 규칙이나 체계,결혼과 가족은 대표적인 사회제도 중 하나이다.,사회제도,사회,소분류: 인간과 사회 / 주차: 1주차,"REUSE=0 (exact lemma match against 5,772 existing vocabulary_contents rows incl. L4 49) confirmed via phase14 reuse_check.py",NEW_PRIVATE_LOADABLE,,SR_L5CORE_5532,5,REVIEW_BOUNDARY,사회제도,,schemareading-schema,5,사회,소분류: 인간과 사회 / 주차: 1주차,"한 사회에 의하여 지지되고 있는 조직화된 행위 양식. 경제, 법률, 종교, 도덕, 관습 따위의 규범으로 이루어진다.",검수전,"{""term_exists"": ""PASS"", ""headword_match"": ""PASS"", ""source_match"": ""PASS"", ""level_match"": ""PASS"", ""pos_match"": ""DB_POS_MISSING"", ""definition_verbatim_match"": ""PASS"", ""literacy_db_homonym_row_count"": ""1"", ""subject_category_match"": ""PASS""}","[""literacy.db pos가 비어 있어 결과표 pos를 검증할 수 없음""]",AUTO_PASS,"구조 대조 전부 PASS, caution 없음, literacy.db 내 동형이의 분리 행 없음"
schema_reading_phase14_l5_core_final_20260925.csv,D_new_S_soc,S,정주환경,명사,S(schemareading-schema),5536,"인간이 생명을 유지하고 행복한 삶을 누리기 위해서는 일정한 공간에 자리 잡고 살아갈 수 있는 다양한 주변환경이 필요한데, 이를 정주환경이라고 한다.",,사람이 일정한 곳에 자리 잡고 살아가는 데 필요한 주변 환경,쾌적한 정주환경을 만들기 위해 공원과 편의 시설이 늘어나고 있다.,정주환경을,사회,소분류: 인간과 사회 / 주차: 1주차,"REUSE=0 (exact lemma match against 5,772 existing vocabulary_contents rows incl. L4 49) confirmed via phase14 reuse_check.py",NEW_PRIVATE_LOADABLE,,SR_L5CORE_5536,5,REVIEW_BOUNDARY,정주환경,,schemareading-schema,5,사회,소분류: 인간과 사회 / 주차: 1주차,"인간이 생명을 유지하고 행복한 삶을 누리기 위해서는 일정한 공간에 자리 잡고 살아갈 수 있는 다양한 주변환경이 필요한데, 이를 정주환경이라고 한다.",검수전,"{""term_exists"": ""PASS"", ""headword_match"": ""PASS"", ""source_match"": ""PASS"", ""level_match"": ""PASS"", ""pos_match"": ""DB_POS_MISSING"", ""definition_verbatim_match"": ""PASS"", ""literacy_db_homonym_row_count"": ""1"", ""subject_category_match"": ""PASS""}","[""literacy.db pos가 비어 있어 결과표 pos를 검증할 수 없음""]",AUTO_PASS,"구조 대조 전부 PASS, caution 없음, literacy.db 내 동형이의 분리 행 없음"
schema_reading_phase14_l5_core_final_20260925.csv,D_new_S_soc,S,인간중심주의 자연관,명사,S(schemareading-schema),5542,인간과 자연과의 관계에서 인간을 가장 가치 있는 존재로 여기고 인간의 이익이나 행복을 우선시하는 관점.,,"인간을 가장 소중한 존재로 보고, 인간의 이익을 자연보다 앞세워 자연을 바라보는 관점",인간중심주의 자연관은 자연을 인간을 위한 자원으로 여기는 경향이 있다.,인간중심주의 자연관,사회,소분류: 자연환경과 인간 / 주차: 2주차,"REUSE=0 (exact lemma match against 5,772 existing vocabulary_contents rows incl. L4 49) confirmed via phase14 reuse_check.py",NEW_PRIVATE_LOADABLE,'생태중심주의 자연관'(이번 배치 포함)과 뜻이 반대되는 짝 개념이며 끝부분('~주의 자연관')이 동일해 혼동 가능 - 교과서에서도 대비해서 함께 가르치는 개념이라 출제 시 두 관점을 명확히 구분해야 함.,SR_L5CORE_5542,5,REVIEW_BOUNDARY,인간중심주의 자연관,,schemareading-schema,5,사회,소분류: 자연환경과 인간 / 주차: 2주차,인간과 자연과의 관계에서 인간을 가장 가치 있는 존재로 여기고 인간의 이익이나 행복을 우선시하는 관점.,검수전,"{""term_exists"": ""PASS"", ""headword_match"": ""PASS"", ""source_match"": ""PASS"", ""level_match"": ""PASS"", ""pos_match"": ""DB_POS_MISSING"", ""definition_verbatim_match"": ""PASS"", ""literacy_db_homonym_row_count"": ""1"", ""subject_category_match"": ""PASS""}","[""literacy.db pos가 비어 있어 결과표 pos를 검증할 수 없음"", ""결과표 caution 필드 기존 표시: '생태중심주의 자연관'(이번 배치 포함)과 뜻이 반대되는 짝 개념이며 끝부분('~주의 자연관')이 동일해 혼동 가능 - 교과서에서도 대비해서 함께 가르치는 개념이라 출제 시 두 관점을 명확히 구분해야 함.""]",MEANING_REVIEW,결과표 caution: '생태중심주의 자연관'(이번 배치 포함)과 뜻이 반대되는 짝 개념이며 끝부분('~주의 자연관')이 동일해 혼동 가능 - 교과서에서도 대비해서 함께 가르치는 개념이라 출제 시 두 관점을 명확히 구분해야 함.
schema_reading_phase14_l5_core_final_20260925.csv,D_new_S_soc,S,생태중심주의 자연관,명사,S(schemareading-schema),5543,"인간과 자연과의 관계에서, 인간을 자연의 일부분으로 간주하고 인간을 포함한 자연 전체의 균형과 안정을 중시하는 관점.",,"인간을 자연의 한 부분으로 보고, 자연 전체의 균형을 소중히 여기는 관점",생태중심주의 자연관에서는 인간도 자연의 일부라고 본다.,생태중심주의 자연관에서는,사회,소분류: 자연환경과 인간 / 주차: 2주차,"REUSE=0 (exact lemma match against 5,772 existing vocabulary_contents rows incl. L4 49) confirmed via phase14 reuse_check.py",NEW_PRIVATE_LOADABLE,'인간중심주의 자연관'과 혼동 가능(위 항목 참고).,SR_L5CORE_5543,5,REVIEW_BOUNDARY,생태중심주의 자연관,,schemareading-schema,5,사회,소분류: 자연환경과 인간 / 주차: 2주차,"인간과 자연과의 관계에서, 인간을 자연의 일부분으로 간주하고 인간을 포함한 자연 전체의 균형과 안정을 중시하는 관점.",검수전,"{""term_exists"": ""PASS"", ""headword_match"": ""PASS"", ""source_match"": ""PASS"", ""level_match"": ""PASS"", ""pos_match"": ""DB_POS_MISSING"", ""definition_verbatim_match"": ""PASS"", ""literacy_db_homonym_row_count"": ""1"", ""subject_category_match"": ""PASS""}","[""literacy.db pos가 비어 있어 결과표 pos를 검증할 수 없음"", ""결과표 caution 필드 기존 표시: '인간중심주의 자연관'과 혼동 가능(위 항목 참고).""]",MEANING_REVIEW,결과표 caution: '인간중심주의 자연관'과 혼동 가능(위 항목 참고).
schema_reading_phase14_l5_core_final_20260925.csv,D_new_S_soc,S,생태도시,명사,S(schemareading-schema),5546,사람과 자연 또는 환경이 서로 조화되며 공생할 수 있는 체계를 갖춘 도시.,,사람과 자연이 서로 어우러져 함께 살아갈 수 있도록 만든 도시,그 도시는 태양광 에너지를 활용하는 생태도시로 유명하다.,생태도시로,사회,소분류: 자연환경과 인간 / 주차: 2주차,"REUSE=0 (exact lemma match against 5,772 existing vocabulary_contents rows incl. L4 49) confirmed via phase14 reuse_check.py",NEW_PRIVATE_LOADABLE,,SR_L5CORE_5546,5,REVIEW_BOUNDARY,생태도시,,schemareading-schema,5,사회,소분류: 자연환경과 인간 / 주차: 2주차,사람과 자연 또는 환경이 서로 조화되며 공생할 수 있는 체계를 갖춘 도시.,검수전,"{""term_exists"": ""PASS"", ""headword_match"": ""PASS"", ""source_match"": ""PASS"", ""level_match"": ""PASS"", ""pos_match"": ""DB_POS_MISSING"", ""definition_verbatim_match"": ""PASS"", ""literacy_db_homonym_row_count"": ""1"", ""subject_category_match"": ""PASS""}","[""literacy.db pos가 비어 있어 결과표 pos를 검증할 수 없음""]",AUTO_PASS,"구조 대조 전부 PASS, caution 없음, literacy.db 내 동형이의 분리 행 없음"
schema_reading_phase14_l5_core_final_20260925.csv,D_new_S_soc,S,슬로시티,명사,S(schemareading-schema),5547,자연 친화적 환경에서 지역 고유의 전통을 살리고 양질의 삶을 누리면서 인간다움을 되찾고자 하는 사회 운동.,,자연과 지역의 전통을 살리면서 느리지만 여유 있는 삶을 추구하는 도시 운동,이 마을은 슬로시티로 지정된 뒤 관광객이 늘었다.,슬로시티로,사회,소분류: 자연환경과 인간 / 주차: 2주차,"REUSE=0 (exact lemma match against 5,772 existing vocabulary_contents rows incl. L4 49) confirmed via phase14 reuse_check.py",NEW_PRIVATE_LOADABLE,,SR_L5CORE_5547,5,REVIEW_BOUNDARY,슬로시티,,schemareading-schema,5,사회,소분류: 자연환경과 인간 / 주차: 2주차,자연 친화적 환경에서 지역 고유의 전통을 살리고 양질의 삶을 누리면서 인간다움을 되찾고자 하는 사회 운동.,검수전,"{""term_exists"": ""PASS"", ""headword_match"": ""PASS"", ""source_match"": ""PASS"", ""level_match"": ""PASS"", ""pos_match"": ""DB_POS_MISSING"", ""definition_verbatim_match"": ""PASS"", ""literacy_db_homonym_row_count"": ""1"", ""subject_category_match"": ""PASS""}","[""literacy.db pos가 비어 있어 결과표 pos를 검증할 수 없음""]",AUTO_PASS,"구조 대조 전부 PASS, caution 없음, literacy.db 내 동형이의 분리 행 없음"
schema_reading_phase14_l5_core_final_20260925.csv,D_new_S_soc,S,녹색소비,명사,S(schemareading-schema),5550,환경친화적인 제품을 구매하고 이를 환경친화적으로 사용하는 일.,,환경에 도움이 되는 제품을 사고 환경을 생각하며 사용하는 것,일회용품 대신 다회용품을 사용하는 것도 녹색소비의 한 방법이다.,녹색소비의,사회,소분류: 자연환경과 인간 / 주차: 2주차,"REUSE=0 (exact lemma match against 5,772 existing vocabulary_contents rows incl. L4 49) confirmed via phase14 reuse_check.py",NEW_PRIVATE_LOADABLE,,SR_L5CORE_5550,5,REVIEW_BOUNDARY,녹색소비,,schemareading-schema,5,사회,소분류: 자연환경과 인간 / 주차: 2주차,환경친화적인 제품을 구매하고 이를 환경친화적으로 사용하는 일.,검수전,"{""term_exists"": ""PASS"", ""headword_match"": ""PASS"", ""source_match"": ""PASS"", ""level_match"": ""PASS"", ""pos_match"": ""DB_POS_MISSING"", ""definition_verbatim_match"": ""PASS"", ""literacy_db_homonym_row_count"": ""1"", ""subject_category_match"": ""PASS""}","[""literacy.db pos가 비어 있어 결과표 pos를 검증할 수 없음""]",AUTO_PASS,"구조 대조 전부 PASS, caution 없음, literacy.db 내 동형이의 분리 행 없음"
schema_reading_phase14_l5_core_final_20260925.csv,D_new_S_soc,S,도시화,명사,S(schemareading-schema),5551,"인구가 도시 지역으로 집중되는 과정으로, 도시적 생활 양식으로의 변화를 말한다.",,인구가 도시로 몰리면서 도시적인 생활 방식으로 바뀌어 가는 과정,산업이 발달하면서 도시화가 빠르게 진행되었다.,도시화가,사회,소분류: 생활공간과 인간 / 주차: 3주차,"REUSE=0 (exact lemma match against 5,772 existing vocabulary_contents rows incl. L4 49) confirmed via phase14 reuse_check.py",NEW_PRIVATE_LOADABLE,,SR_L5CORE_5551,5,REVIEW_BOUNDARY,도시화,,schemareading-schema,5,사회,소분류: 생활공간과 인간 / 주차: 3주차,"인구가 도시 지역으로 집중되는 과정으로, 도시적 생활 양식으로의 변화를 말한다.",검수전,"{""term_exists"": ""PASS"", ""headword_match"": ""PASS"", ""source_match"": ""PASS"", ""level_match"": ""PASS"", ""pos_match"": ""DB_POS_MISSING"", ""definition_verbatim_match"": ""PASS"", ""literacy_db_homonym_row_count"": ""1"", ""subject_category_match"": ""PASS""}","[""literacy.db pos가 비어 있어 결과표 pos를 검증할 수 없음""]",AUTO_PASS,"구조 대조 전부 PASS, caution 없음, literacy.db 내 동형이의 분리 행 없음"
schema_reading_phase14_l5_core_final_20260925.csv,D_new_S_soc,S,교외화,명사,S(schemareading-schema),5552,"대도시로 인구와 산업 및 각종 기능이 집중됨에 따라 발생하는 문제점을 해소시키기 위하여 주거지나 공장이 도시 외곽으로 이주, 확산되는 현상을 말한다.",,도시가 복잡해지면서 사람들이 사는 곳과 공장이 도시 바깥쪽으로 옮겨 가는 현상,집값이 오르자 교외화 현상이 나타나 사람들이 도시 외곽으로 이사했다.,교외화,사회,소분류: 생활공간과 인간 / 주차: 3주차,"REUSE=0 (exact lemma match against 5,772 existing vocabulary_contents rows incl. L4 49) confirmed via phase14 reuse_check.py",NEW_PRIVATE_LOADABLE,"'도시화'와 방향이 반대되는 짝 개념(도시화=집중, 교외화=확산) - 교과서에서 함께 배우는 대비 개념, 출제 시 방향 구분 필요.",SR_L5CORE_5552,5,REVIEW_BOUNDARY,교외화,,schemareading-schema,5,사회,소분류: 생활공간과 인간 / 주차: 3주차,"대도시로 인구와 산업 및 각종 기능이 집중됨에 따라 발생하는 문제점을 해소시키기 위하여 주거지나 공장이 도시 외곽으로 이주, 확산되는 현상을 말한다.",검수전,"{""term_exists"": ""PASS"", ""headword_match"": ""PASS"", ""source_match"": ""PASS"", ""level_match"": ""PASS"", ""pos_match"": ""DB_POS_MISSING"", ""definition_verbatim_match"": ""PASS"", ""literacy_db_homonym_row_count"": ""1"", ""subject_category_match"": ""PASS""}","[""literacy.db pos가 비어 있어 결과표 pos를 검증할 수 없음"", ""결과표 caution 필드 기존 표시: '도시화'와 방향이 반대되는 짝 개념(도시화=집중, 교외화=확산) - 교과서에서 함께 배우는 대비 개념, 출제 시 방향 구분 필요.""]",MEANING_REVIEW,"결과표 caution: '도시화'와 방향이 반대되는 짝 개념(도시화=집중, 교외화=확산) - 교과서에서 함께 배우는 대비 개념, 출제 시 방향 구분 필요."
schema_reading_phase14_l5_core_final_20260925.csv,D_new_S_soc,S,도시문제,명사,S(schemareading-schema),5553,"도시의 구조적 불균형에서 비롯되는 도시생활의 사회적 장애 또는 사회적 곤란. 구체적으로는 인구집중에서 야기되는 실업·빈곤·전염·질병 등을 비롯하여 주택난·교통난·급수난·청소문제와 같은 예로, 각종 공해 ·재해 ·사고 등의 발생, 공공시설 부족에 의한 생활환경의 악화, 나아가서 도시 특유의 범죄 ·마약중독 ·정신병과 같은 병리현상 등이다.",,"인구가 도시에 집중되면서 생기는 교통, 주택, 환경 등의 여러 어려움",교통 혼잡과 주택 부족은 대표적인 도시문제이다.,도시문제이다,사회,소분류: 생활공간과 인간 / 주차: 3주차,"REUSE=0 (exact lemma match against 5,772 existing vocabulary_contents rows incl. L4 49) confirmed via phase14 reuse_check.py",NEW_PRIVATE_LOADABLE,,SR_L5CORE_5553,5,REVIEW_BOUNDARY,도시문제,,schemareading-schema,5,사회,소분류: 생활공간과 인간 / 주차: 3주차,"도시의 구조적 불균형에서 비롯되는 도시생활의 사회적 장애 또는 사회적 곤란. 구체적으로는 인구집중에서 야기되는 실업·빈곤·전염·질병 등을 비롯하여 주택난·교통난·급수난·청소문제와 같은 예로, 각종 공해 ·재해 ·사고 등의 발생, 공공시설 부족에 의한 생활환경의 악화, 나아가서 도시 특유의 범죄 ·마약중독 ·정신병과 같은 병리현상 등이다.",검수전,"{""term_exists"": ""PASS"", ""headword_match"": ""PASS"", ""source_match"": ""PASS"", ""level_match"": ""PASS"", ""pos_match"": ""DB_POS_MISSING"", ""definition_verbatim_match"": ""PASS"", ""literacy_db_homonym_row_count"": ""1"", ""subject_category_match"": ""PASS""}","[""literacy.db pos가 비어 있어 결과표 pos를 검증할 수 없음""]",AUTO_PASS,"구조 대조 전부 PASS, caution 없음, literacy.db 내 동형이의 분리 행 없음"
schema_reading_phase14_l5_core_final_20260925.csv,D_new_S_soc,S,인구공동화,명사,S(schemareading-schema),5554,도시 내부의 도심(都心)에서 주간 인구는 많지만 상주 인구는 감소하는 현상.,,"도심에 낮에는 일하는 사람이 많지만, 밤에는 사는 사람이 줄어드는 현상",도심의 땅값이 오르면서 인구공동화 현상이 심해졌다.,인구공동화,사회,소분류: 생활공간과 인간 / 주차: 3주차,"REUSE=0 (exact lemma match against 5,772 existing vocabulary_contents rows incl. L4 49) confirmed via phase14 reuse_check.py",NEW_PRIVATE_LOADABLE,,SR_L5CORE_5554,5,REVIEW_BOUNDARY,인구공동화,,schemareading-schema,5,사회,소분류: 생활공간과 인간 / 주차: 3주차,도시 내부의 도심(都心)에서 주간 인구는 많지만 상주 인구는 감소하는 현상.,검수전,"{""term_exists"": ""PASS"", ""headword_match"": ""PASS"", ""source_match"": ""PASS"", ""level_match"": ""PASS"", ""pos_match"": ""DB_POS_MISSING"", ""definition_verbatim_match"": ""PASS"", ""literacy_db_homonym_row_count"": ""1"", ""subject_category_match"": ""PASS""}","[""literacy.db pos가 비어 있어 결과표 pos를 검증할 수 없음""]",AUTO_PASS,"구조 대조 전부 PASS, caution 없음, literacy.db 내 동형이의 분리 행 없음"
