literacy_term_id,v_s,source,headword,pos,definition,sense_category,subject_category,note_raw,grade_level_raw,grade_source_raw,grade_evidence_strength,review_status_raw,ai_tagged,external_id,lower_level_match_count,lower_level_match_detail,reuse_check,homonym_numeric_suffix,caution,final_classification,classification_reason,proposed_first_l6_batch
6018,S,schemareading-schema,죄형법정주의,,"어떤 행위가 범죄인가 아닌가, 또는 그 범죄에 대하여 어떤 형벌을 내릴 것인가 하는 것은 법률에 의해서만 정할 수 있다는 원칙. 형벌권의 자의적 행사를 방지하는 인권 보장의 표상이며, 근대 자유주의 형법의 기본 원칙이다.",법,사회,소분류: 형법 / 주차: 18주차,,manual,"POLICY_MAPPING_ONLY(개별 학년 태그 없음, level=6→L6 정책 매핑에만 의존)",검수전,N,social-1058,0,,"NO_MATCH(exact lemma vs vocabulary_contents 5,820)",N,,NEW_CANDIDATE,"통합사회/법과정치 교과에서 폭넓게 다뤄지는 기초 법 개념으로 판단, 정의 원문 그대로 사용 가능",Y
6019,S,schemareading-schema,범죄,,법규를 어기고 저지른 잘못.,법,사회,소분류: 형법 / 주차: 18주차,,manual,"POLICY_MAPPING_ONLY(개별 학년 태그 없음, level=6→L6 정책 매핑에만 의존)",검수전,N,social-1059,0,,"NO_MATCH(exact lemma vs vocabulary_contents 5,820)",N,,NEW_CANDIDATE,"통합사회/법과정치 교과에서 폭넓게 다뤄지는 기초 법 개념으로 판단, 정의 원문 그대로 사용 가능",Y
6020,S,schemareading-schema,위법성조각사유,,"형식적으로는 범죄 행위나 불법 행위로서의 조건을 갖추고 있어도 실질적으로는 위법이 아니라고 인정할 만한 특별한 사유. 형법에서는 정당 행위, 정당방위, 긴급 피난 따위를 규정하고 있다.",법,사회,소분류: 형법 / 주차: 18주차,,manual,"POLICY_MAPPING_ONLY(개별 학년 태그 없음, level=6→L6 정책 매핑에만 의존)",검수전,N,social-1060,0,,"NO_MATCH(exact lemma vs vocabulary_contents 5,820)",N,,HOLD,"선택과목(법과 정치) 심화 절차·제도 전문용어로 일반 고2~3 스키마리딩 어휘 범위를 초과 - phase9/10의 인문철학 L4/L5 제외 논리를 이번 세션이 L6에 동일 적용(신규 판단, 재인용 아님)",
6021,S,schemareading-schema,형벌,,범죄에 대한 법률의 효과로서 국가 따위가 범죄자에게 제재를 가함. 또는 그 제재.,법,사회,소분류: 형법 / 주차: 18주차,,manual,"POLICY_MAPPING_ONLY(개별 학년 태그 없음, level=6→L6 정책 매핑에만 의존)",검수전,N,social-1061,0,,"NO_MATCH(exact lemma vs vocabulary_contents 5,820)",N,,NEW_CANDIDATE,"통합사회/법과정치 교과에서 폭넓게 다뤄지는 기초 법 개념으로 판단, 정의 원문 그대로 사용 가능",Y
6022,S,schemareading-schema,형벌의 종류,,"형벌에는 박탈되는 법익의 종류에 따라 생명형 ·신체형 ·자유형 ·명예형 ·재산형 등으로 구별되는데, 한국 형법은 생명형인 사형, 자유형인 징역 ·금고 ·구류, 재산형인 벌금 ·과료 ·몰수, 명예형인 자격상실 ·자격정지의 9가지를 인정하고 있다.",법,사회,소분류: 형법 / 주차: 18주차,,manual,"POLICY_MAPPING_ONLY(개별 학년 태그 없음, level=6→L6 정책 매핑에만 의존)",검수전,N,social-1062,0,,"NO_MATCH(exact lemma vs vocabulary_contents 5,820)",N,,HOLD,"선택과목(법과 정치) 심화 절차·제도 전문용어로 일반 고2~3 스키마리딩 어휘 범위를 초과 - phase9/10의 인문철학 L4/L5 제외 논리를 이번 세션이 L6에 동일 적용(신규 판단, 재인용 아님)",
6023,S,schemareading-schema,보안처분,,범인이 다시 범행할 위험을 막기 위하여 행하는 개선 교육이나 보호 그 밖의 처분.,법,사회,소분류: 형법 / 주차: 18주차,,manual,"POLICY_MAPPING_ONLY(개별 학년 태그 없음, level=6→L6 정책 매핑에만 의존)",검수전,N,social-1063,0,,"NO_MATCH(exact lemma vs vocabulary_contents 5,820)",N,,HOLD,"선택과목(법과 정치) 심화 절차·제도 전문용어로 일반 고2~3 스키마리딩 어휘 범위를 초과 - phase9/10의 인문철학 L4/L5 제외 논리를 이번 세션이 L6에 동일 적용(신규 판단, 재인용 아님)",
6024,S,schemareading-schema,형사절차,,수사 절차와 공소 절차로 되어 있는 공소 전 절차와 판결 절차와 집행 절차로 나누어진 공소 후 절차를 포괄하는 절차.,법,사회,소분류: 형법 / 주차: 18주차,,manual,"POLICY_MAPPING_ONLY(개별 학년 태그 없음, level=6→L6 정책 매핑에만 의존)",검수전,N,social-1064,0,,"NO_MATCH(exact lemma vs vocabulary_contents 5,820)",N,,HOLD,"선택과목(법과 정치) 심화 절차·제도 전문용어로 일반 고2~3 스키마리딩 어휘 범위를 초과 - phase9/10의 인문철학 L4/L5 제외 논리를 이번 세션이 L6에 동일 적용(신규 판단, 재인용 아님)",
6025,S,schemareading-schema,수사,,범죄의 혐의 유무를 명백히 하여 공소의 제기와 유지 여부를 결정하기 위하여서 범인을 발견ㆍ확보하고 증거를 수집ㆍ보전하는 수사 기관의 활동.,법,사회,소분류: 형법 / 주차: 18주차,,manual,"POLICY_MAPPING_ONLY(개별 학년 태그 없음, level=6→L6 정책 매핑에만 의존)",검수전,N,social-1065,0,,"NO_MATCH(exact lemma vs vocabulary_contents 5,820)",N,,HOLD,"선택과목(법과 정치) 심화 절차·제도 전문용어로 일반 고2~3 스키마리딩 어휘 범위를 초과 - phase9/10의 인문철학 L4/L5 제외 논리를 이번 세션이 L6에 동일 적용(신규 판단, 재인용 아님)",
6026,S,schemareading-schema,공소제기,,검사가 법원에 특정 형사 사건의 재판을 청구하여 소송을 일으킴. 또는 그런 일.,법,사회,소분류: 형법 / 주차: 18주차,,manual,"POLICY_MAPPING_ONLY(개별 학년 태그 없음, level=6→L6 정책 매핑에만 의존)",검수전,N,social-1066,0,,"NO_MATCH(exact lemma vs vocabulary_contents 5,820)",N,,HOLD,"선택과목(법과 정치) 심화 절차·제도 전문용어로 일반 고2~3 스키마리딩 어휘 범위를 초과 - phase9/10의 인문철학 L4/L5 제외 논리를 이번 세션이 L6에 동일 적용(신규 판단, 재인용 아님)",
6027,S,schemareading-schema,재정신청,,"검사가 고소 사건이나 고발 사건에 대하여 독단적으로 불기소 결정을 내렸을 때에, 그 결정에 불복하는 고소. 10일 이내에 그 결정을 내린 검사가 소속된 고등 검찰청과 그에 대응하는 고등 법원에 그 결정의 옳고 그름을 묻는다.",법,사회,소분류: 형법 / 주차: 18주차,,manual,"POLICY_MAPPING_ONLY(개별 학년 태그 없음, level=6→L6 정책 매핑에만 의존)",검수전,N,social-1067,0,,"NO_MATCH(exact lemma vs vocabulary_contents 5,820)",N,,HOLD,"선택과목(법과 정치) 심화 절차·제도 전문용어로 일반 고2~3 스키마리딩 어휘 범위를 초과 - phase9/10의 인문철학 L4/L5 제외 논리를 이번 세션이 L6에 동일 적용(신규 판단, 재인용 아님)",
6028,S,schemareading-schema,공판,,"기소된 형사 사건을 법원이 심리하는 일. 또는 그런 절차. 검사, 피고인, 변호인 들이 입회하여 증거를 제출하면 법원이 유죄ㆍ무죄를 판단하는 형사 소송의 중심 절차이다.",법,사회,소분류: 형법 / 주차: 18주차,,manual,"POLICY_MAPPING_ONLY(개별 학년 태그 없음, level=6→L6 정책 매핑에만 의존)",검수전,N,social-1068,0,,"NO_MATCH(exact lemma vs vocabulary_contents 5,820)",N,,HOLD,"선택과목(법과 정치) 심화 절차·제도 전문용어로 일반 고2~3 스키마리딩 어휘 범위를 초과 - phase9/10의 인문철학 L4/L5 제외 논리를 이번 세션이 L6에 동일 적용(신규 판단, 재인용 아님)",
6030,S,schemareading-schema,적법절차의 원칙,,국민의 권리를 제한하는 경우에는 반드시 적법한 절차와 국회가 정한 법률에 근거하여야 한다는 원칙.,법,사회,소분류: 사회법 / 주차: 19주차,,manual,"POLICY_MAPPING_ONLY(개별 학년 태그 없음, level=6→L6 정책 매핑에만 의존)",검수전,N,social-1070,0,,"NO_MATCH(exact lemma vs vocabulary_contents 5,820)",N,,NEW_CANDIDATE,"통합사회/법과정치 교과에서 폭넓게 다뤄지는 기초 법 개념으로 판단, 정의 원문 그대로 사용 가능",Y
6031,S,schemareading-schema,무죄추정의 원칙,,유죄 판결이 확정될 때까지는 형사 피고인을 무죄로 본다는 원칙.,법,사회,소분류: 사회법 / 주차: 19주차,,manual,"POLICY_MAPPING_ONLY(개별 학년 태그 없음, level=6→L6 정책 매핑에만 의존)",검수전,N,social-1071,0,,"NO_MATCH(exact lemma vs vocabulary_contents 5,820)",N,,NEW_CANDIDATE,"통합사회/법과정치 교과에서 폭넓게 다뤄지는 기초 법 개념으로 판단, 정의 원문 그대로 사용 가능",Y
6032,S,schemareading-schema,국선변호인,,"가난 따위의 이유로 변호사를 선임할 수 없는 형사 피고인을 위하여, 법원이 선임하여 붙이는 변호인. 예전의 ‘관선 변호인’을 고쳐 이르는 말이다.",법,사회,소분류: 사회법 / 주차: 19주차,,manual,"POLICY_MAPPING_ONLY(개별 학년 태그 없음, level=6→L6 정책 매핑에만 의존)",검수전,N,social-1072,0,,"NO_MATCH(exact lemma vs vocabulary_contents 5,820)",N,,HOLD,"선택과목(법과 정치) 심화 절차·제도 전문용어로 일반 고2~3 스키마리딩 어휘 범위를 초과 - phase9/10의 인문철학 L4/L5 제외 논리를 이번 세션이 L6에 동일 적용(신규 판단, 재인용 아님)",
6033,S,schemareading-schema,미란다원칙,,피의자를 체포할 때 피의자에게 알려야 할 헌법상의 권리를 지키는 원칙.,법,사회,소분류: 사회법 / 주차: 19주차,,manual,"POLICY_MAPPING_ONLY(개별 학년 태그 없음, level=6→L6 정책 매핑에만 의존)",검수전,N,social-1073,0,,"NO_MATCH(exact lemma vs vocabulary_contents 5,820)",N,,HOLD,"선택과목(법과 정치) 심화 절차·제도 전문용어로 일반 고2~3 스키마리딩 어휘 범위를 초과 - phase9/10의 인문철학 L4/L5 제외 논리를 이번 세션이 L6에 동일 적용(신규 판단, 재인용 아님)",
6034,S,schemareading-schema,범죄피해자구조제도,,범죄 행위로 사망하거나 장해 또는 중상해를 입었음에도 불구하고 범죄 피해의 전부 또는 일부를 보상받지 못하는 등의 사유가 발생한 경우에 국가에서 피해자 또는 유족에게 일정 한도의 구조금을 지급하는 제도.,법,사회,소분류: 사회법 / 주차: 19주차,,manual,"POLICY_MAPPING_ONLY(개별 학년 태그 없음, level=6→L6 정책 매핑에만 의존)",검수전,N,social-1074,0,,"NO_MATCH(exact lemma vs vocabulary_contents 5,820)",N,,HOLD,"선택과목(법과 정치) 심화 절차·제도 전문용어로 일반 고2~3 스키마리딩 어휘 범위를 초과 - phase9/10의 인문철학 L4/L5 제외 논리를 이번 세션이 L6에 동일 적용(신규 판단, 재인용 아님)",
6035,S,schemareading-schema,배상명령제도,,형사 사건의 피해자가 범인의 형사 재판 과정에서 간편한 방법으로 민사적인 손해 배상 명령까지 받아 낼 수 있는 제도.,법,사회,소분류: 사회법 / 주차: 19주차,,manual,"POLICY_MAPPING_ONLY(개별 학년 태그 없음, level=6→L6 정책 매핑에만 의존)",검수전,N,social-1075,0,,"NO_MATCH(exact lemma vs vocabulary_contents 5,820)",N,,HOLD,"선택과목(법과 정치) 심화 절차·제도 전문용어로 일반 고2~3 스키마리딩 어휘 범위를 초과 - phase9/10의 인문철학 L4/L5 제외 논리를 이번 세션이 L6에 동일 적용(신규 판단, 재인용 아님)",
6036,S,schemareading-schema,실체법,,"권리나 의무의 발생, 변경, 소멸, 성질, 내용, 범위 따위의 실체적 법률관계를 규정하는 법률. 헌법, 민법, 형법, 상법 따위가 있다.",법,사회,소분류: 사회법 / 주차: 19주차,,manual,"POLICY_MAPPING_ONLY(개별 학년 태그 없음, level=6→L6 정책 매핑에만 의존)",검수전,N,social-1076,0,,"NO_MATCH(exact lemma vs vocabulary_contents 5,820)",N,절차법과 대비 짝(실체법=권리·의무의 내용을 규정 / 절차법=그 실현 절차를 규정) - 같은 세트 출제 시 구분 문구 권장,NEW_CANDIDATE,"통합사회/법과정치 교과에서 폭넓게 다뤄지는 기초 법 개념으로 판단, 정의 원문 그대로 사용 가능",Y
6037,S,schemareading-schema,절차법,,"권리의 실질적 내용을 실현하는 데 필요한 절차를 규정한 법. 민사 소송법, 형사 소송법, 부동산 등기법 따위가 있다.",법,사회,소분류: 사회법 / 주차: 19주차,,manual,"POLICY_MAPPING_ONLY(개별 학년 태그 없음, level=6→L6 정책 매핑에만 의존)",검수전,N,social-1077,0,,"NO_MATCH(exact lemma vs vocabulary_contents 5,820)",N,실체법과 대비 짝(위와 동일) - 같은 세트 출제 시 구분 문구 권장,NEW_CANDIDATE,"통합사회/법과정치 교과에서 폭넓게 다뤄지는 기초 법 개념으로 판단, 정의 원문 그대로 사용 가능",Y
6038,S,schemareading-schema,일반법,,"특별한 제한 없이 일반적으로 적용되는 법. 헌법, 형법, 민법 따위이다.",법,사회,소분류: 사회법 / 주차: 19주차,,manual,"POLICY_MAPPING_ONLY(개별 학년 태그 없음, level=6→L6 정책 매핑에만 의존)",검수전,N,social-1078,0,,"NO_MATCH(exact lemma vs vocabulary_contents 5,820)",N,특별법과 대비 짝(일반법=일반 적용 / 특별법=특정 대상 한정 적용) - 같은 세트 출제 시 구분 문구 권장,NEW_CANDIDATE,"통합사회/법과정치 교과에서 폭넓게 다뤄지는 기초 법 개념으로 판단, 정의 원문 그대로 사용 가능",Y
6039,S,schemareading-schema,특별법,,"특정한 지역, 사람, 사물, 사항에 국한하여 적용하는 법.",법,사회,소분류: 사회법 / 주차: 19주차,,manual,"POLICY_MAPPING_ONLY(개별 학년 태그 없음, level=6→L6 정책 매핑에만 의존)",검수전,N,social-1079,0,,"NO_MATCH(exact lemma vs vocabulary_contents 5,820)",N,일반법과 대비 짝(위와 동일) - 같은 세트 출제 시 구분 문구 권장,NEW_CANDIDATE,"통합사회/법과정치 교과에서 폭넓게 다뤄지는 기초 법 개념으로 판단, 정의 원문 그대로 사용 가능",Y
6040,S,schemareading-schema,노동법,,"근로자들의 근로관계를 규정하고 근로자들의 생활을 향상하려고 만든 법규를 통틀어 이르는 말. 노동조합 및 노동관계 조정법, 근로 기준법, 노동 위원회법 따위가 있다.",법,사회,소분류: 사회법 / 주차: 19주차,,manual,"POLICY_MAPPING_ONLY(개별 학년 태그 없음, level=6→L6 정책 매핑에만 의존)",검수전,N,social-1081,0,,"NO_MATCH(exact lemma vs vocabulary_contents 5,820)",N,,NEW_CANDIDATE,"통합사회/법과정치 교과에서 폭넓게 다뤄지는 기초 법 개념으로 판단, 정의 원문 그대로 사용 가능",Y
6041,S,schemareading-schema,사회보장법,,국민의 인간다운 생활을 도모하기 위한 사회 보장 제도의 확립과 그 효율적인 발전을 꾀하기 위해 제정된 법률.,법,사회,소분류: 사회법 / 주차: 19주차,,manual,"POLICY_MAPPING_ONLY(개별 학년 태그 없음, level=6→L6 정책 매핑에만 의존)",검수전,N,social-1082,0,,"NO_MATCH(exact lemma vs vocabulary_contents 5,820)",N,,NEW_CANDIDATE,"통합사회/법과정치 교과에서 폭넓게 다뤄지는 기초 법 개념으로 판단, 정의 원문 그대로 사용 가능",Y
6042,S,schemareading-schema,경제법,,경제 활동에서 생기는 모순과 폐해를 정책적으로 조정하고 통제하기 위한 법.,법,사회,소분류: 사회법 / 주차: 19주차,,manual,"POLICY_MAPPING_ONLY(개별 학년 태그 없음, level=6→L6 정책 매핑에만 의존)",검수전,N,social-1083,0,,"NO_MATCH(exact lemma vs vocabulary_contents 5,820)",N,,NEW_CANDIDATE,"통합사회/법과정치 교과에서 폭넓게 다뤄지는 기초 법 개념으로 판단, 정의 원문 그대로 사용 가능",Y
6043,S,schemareading-schema,행정법,,"행정에 특유한 국내법. 한국에서는 대륙행정법의 영향을 받아 전통적으로 이와 같이 불러왔는데, 이에는 행정의 조직·작용 및 행정구제에 관한 법이 포함된다.",법,사회,소분류: 행정법 / 주차: 20주차,,manual,"POLICY_MAPPING_ONLY(개별 학년 태그 없음, level=6→L6 정책 매핑에만 의존)",검수전,N,social-1084,0,,"NO_MATCH(exact lemma vs vocabulary_contents 5,820)",N,,NEW_CANDIDATE,"통합사회/법과정치 교과에서 폭넓게 다뤄지는 기초 법 개념으로 판단, 정의 원문 그대로 사용 가능",Y
6044,S,schemareading-schema,행정행위,,행정권의 작용으로서 행해지는 구체적인 행위.,법,사회,소분류: 행정법 / 주차: 20주차,,manual,"POLICY_MAPPING_ONLY(개별 학년 태그 없음, level=6→L6 정책 매핑에만 의존)",검수전,N,social-1085,0,,"NO_MATCH(exact lemma vs vocabulary_contents 5,820)",N,,HOLD,"선택과목(법과 정치) 심화 절차·제도 전문용어로 일반 고2~3 스키마리딩 어휘 범위를 초과 - phase9/10의 인문철학 L4/L5 제외 논리를 이번 세션이 L6에 동일 적용(신규 판단, 재인용 아님)",
6045,S,schemareading-schema,행정지도,,행정기관이 행정객체에 대하여 권력적·법적 행위에 의하지 않고 행정목적을 달성하기 위한 규제·유도의 수단으로서 협력을 구하는 일.,법,사회,소분류: 행정법 / 주차: 20주차,,manual,"POLICY_MAPPING_ONLY(개별 학년 태그 없음, level=6→L6 정책 매핑에만 의존)",검수전,N,social-1086,0,,"NO_MATCH(exact lemma vs vocabulary_contents 5,820)",N,,HOLD,"선택과목(법과 정치) 심화 절차·제도 전문용어로 일반 고2~3 스키마리딩 어휘 범위를 초과 - phase9/10의 인문철학 L4/L5 제외 논리를 이번 세션이 L6에 동일 적용(신규 판단, 재인용 아님)",
6046,S,schemareading-schema,행정구제제도,,"국가의 행정작용으로 발생한 국민의 신체, 재산상의 손해, 권리침해에 대하여 국가 또는 공공단체가 이를 구제해주는 제도를 말한다.",법,사회,소분류: 행정법 / 주차: 20주차,,manual,"POLICY_MAPPING_ONLY(개별 학년 태그 없음, level=6→L6 정책 매핑에만 의존)",검수전,N,social-1087,0,,"NO_MATCH(exact lemma vs vocabulary_contents 5,820)",N,,HOLD,"선택과목(법과 정치) 심화 절차·제도 전문용어로 일반 고2~3 스키마리딩 어휘 범위를 초과 - phase9/10의 인문철학 L4/L5 제외 논리를 이번 세션이 L6에 동일 적용(신규 판단, 재인용 아님)",
6047,S,schemareading-schema,행정쟁송제도,,"행정기관의 위법·부당한 처분으로 말미암아 개인의 권익이 침해된 경우, 그 처분을 취소하거나 변경하는 등의 시정을 함으로써 국민의 권리를 보호하기 위한 행정구제 제도이다.",법,사회,소분류: 행정법 / 주차: 20주차,,manual,"POLICY_MAPPING_ONLY(개별 학년 태그 없음, level=6→L6 정책 매핑에만 의존)",검수전,N,social-1088,0,,"NO_MATCH(exact lemma vs vocabulary_contents 5,820)",N,,HOLD,"선택과목(법과 정치) 심화 절차·제도 전문용어로 일반 고2~3 스키마리딩 어휘 범위를 초과 - phase9/10의 인문철학 L4/L5 제외 논리를 이번 세션이 L6에 동일 적용(신규 판단, 재인용 아님)",
6048,S,schemareading-schema,행정심판,,위법ㆍ부당한 행정 행위로 인하여 권익을 침해당한 경우에 행정 기관이 이를 심리하고 판결하는 절차.,법,사회,소분류: 행정법 / 주차: 20주차,,manual,"POLICY_MAPPING_ONLY(개별 학년 태그 없음, level=6→L6 정책 매핑에만 의존)",검수전,N,social-1089,0,,"NO_MATCH(exact lemma vs vocabulary_contents 5,820)",N,,HOLD,"선택과목(법과 정치) 심화 절차·제도 전문용어로 일반 고2~3 스키마리딩 어휘 범위를 초과 - phase9/10의 인문철학 L4/L5 제외 논리를 이번 세션이 L6에 동일 적용(신규 판단, 재인용 아님)",
6049,S,schemareading-schema,행정소송,,행정 관청이 행한 처분에 불복하여 해당 행정 관청을 상대로 처분의 취소나 변경 또는 무효 확인 따위를 법원에 요구하는 소송. 위법 처분뿐만 아니라 부작위도 소송의 대상이 된다.,법,사회,소분류: 행정법 / 주차: 20주차,,manual,"POLICY_MAPPING_ONLY(개별 학년 태그 없음, level=6→L6 정책 매핑에만 의존)",검수전,N,social-1090,0,,"NO_MATCH(exact lemma vs vocabulary_contents 5,820)",N,,HOLD,"선택과목(법과 정치) 심화 절차·제도 전문용어로 일반 고2~3 스키마리딩 어휘 범위를 초과 - phase9/10의 인문철학 L4/L5 제외 논리를 이번 세션이 L6에 동일 적용(신규 판단, 재인용 아님)",
6050,S,schemareading-schema,김영란법,,공직자 등에 대한 부정 청탁 및 공직자 등의 금품 등 수수(收受)를 금지하는 법률. 공직자 등의 공정한 직무 수행을 보장하고 공공 기관에 대한 국민의 신뢰를 확보하는 것을 목적으로 2016년 9월 28일에 시행되었다. 정식 명칭은 ‘부정 청탁 및 금품 등 수수의 금지에 관한 법률’이다.,법,사회,소분류: 행정법 / 주차: 20주차,,manual,"POLICY_MAPPING_ONLY(개별 학년 태그 없음, level=6→L6 정책 매핑에만 의존)",검수전,N,social-1091,0,,"NO_MATCH(exact lemma vs vocabulary_contents 5,820)",N,,HOLD,"선택과목(법과 정치) 심화 절차·제도 전문용어로 일반 고2~3 스키마리딩 어휘 범위를 초과 - phase9/10의 인문철학 L4/L5 제외 논리를 이번 세션이 L6에 동일 적용(신규 판단, 재인용 아님)",
4942,V,schemareading-tooldict,아이디어,명사,어떤 일에 대한 구상,,,,,manual,"POLICY_MAPPING_ONLY(개별 학년 태그 없음, level=6→L6 정책 매핑에만 의존)",검수전,N,L6-5,0,,"NO_MATCH(exact lemma vs vocabulary_contents 5,820)",N,,NEW_CANDIDATE,"literacy.db 정의 원문 그대로 사용 가능, 동형이의/나선형 반복/기존 콘텐츠 중복 없음",Y
4943,V,schemareading-tooldict,야기,명사,일이나 사건 따위를 끌어 일으킴.,,,,,manual,"POLICY_MAPPING_ONLY(개별 학년 태그 없음, level=6→L6 정책 매핑에만 의존)",검수전,N,L6-8,0,,"NO_MATCH(exact lemma vs vocabulary_contents 5,820)",N,,NEW_CANDIDATE,"literacy.db 정의 원문 그대로 사용 가능, 동형이의/나선형 반복/기존 콘텐츠 중복 없음",Y
4944,V,schemareading-tooldict,엄밀,명사,매우 세밀함.,,,,,manual,"POLICY_MAPPING_ONLY(개별 학년 태그 없음, level=6→L6 정책 매핑에만 의존)",검수전,N,L6-11,0,,"NO_MATCH(exact lemma vs vocabulary_contents 5,820)",N,,NEW_CANDIDATE,"literacy.db 정의 원문 그대로 사용 가능, 동형이의/나선형 반복/기존 콘텐츠 중복 없음",Y
4945,V,schemareading-tooldict,오류,명사,그릇되어 이치에 맞지 않는 일.,,,,,manual,"POLICY_MAPPING_ONLY(개별 학년 태그 없음, level=6→L6 정책 매핑에만 의존)",검수전,N,L6-15,0,,"NO_MATCH(exact lemma vs vocabulary_contents 5,820)",N,,NEW_CANDIDATE,"literacy.db 정의 원문 그대로 사용 가능, 동형이의/나선형 반복/기존 콘텐츠 중복 없음",Y
4946,V,schemareading-tooldict,완결,명사,완전하게 끝을 맺음.,,,,,manual,"POLICY_MAPPING_ONLY(개별 학년 태그 없음, level=6→L6 정책 매핑에만 의존)",검수전,N,L6-16,0,,"NO_MATCH(exact lemma vs vocabulary_contents 5,820)",N,,NEW_CANDIDATE,"literacy.db 정의 원문 그대로 사용 가능, 동형이의/나선형 반복/기존 콘텐츠 중복 없음",Y
4947,V,schemareading-tooldict,왜곡,명사,사실과 다르게 해석하거나 그릇되게 함.,,,,,manual,"POLICY_MAPPING_ONLY(개별 학년 태그 없음, level=6→L6 정책 매핑에만 의존)",검수전,N,L6-18,0,,"NO_MATCH(exact lemma vs vocabulary_contents 5,820)",N,,NEW_CANDIDATE,"literacy.db 정의 원문 그대로 사용 가능, 동형이의/나선형 반복/기존 콘텐츠 중복 없음",Y
4948,V,schemareading-tooldict,용이,명사,어렵지 아니하고 아주 쉬움. 용이하다의 어근.,,,,,manual,"POLICY_MAPPING_ONLY(개별 학년 태그 없음, level=6→L6 정책 매핑에만 의존)",검수전,N,L6-22,0,,"NO_MATCH(exact lemma vs vocabulary_contents 5,820)",N,,NEW_CANDIDATE,"literacy.db 정의 원문 그대로 사용 가능, 동형이의/나선형 반복/기존 콘텐츠 중복 없음",Y
4949,V,schemareading-tooldict,운동,명사,사람이 몸을 단련하거나 건강을 위하여 몸을 움직이는 일.,,,,,manual,"POLICY_MAPPING_ONLY(개별 학년 태그 없음, level=6→L6 정책 매핑에만 의존)",검수전,N,L6-25,1,"[{""id"": 6294, ""headword"": ""운동"", ""source"": ""schemareading-schema"", ""level"": 3, ""definition"": ""물체가 시간의 경과에 따라 그 공간적 위치를 바꾸는 일.""}]","NO_MATCH(exact lemma vs vocabulary_contents 5,820)",N,,SENSE_REVIEW,"literacy.db 내 동일 headword가 schemareading-schema level=3에 ""물체의 위치 변화(물리)"" 뜻으로 별도 존재 - L6 V 뜻(신체 단련)과 동형이의, 의미 분리 확인 필요",
4950,V,schemareading-tooldict,운용,명사,무엇을 움직이게 하거나 부리어 씀.,,,,,manual,"POLICY_MAPPING_ONLY(개별 학년 태그 없음, level=6→L6 정책 매핑에만 의존)",검수전,N,L6-26,0,,"NO_MATCH(exact lemma vs vocabulary_contents 5,820)",N,,NEW_CANDIDATE,"literacy.db 정의 원문 그대로 사용 가능, 동형이의/나선형 반복/기존 콘텐츠 중복 없음",Y
4951,V,schemareading-tooldict,위계,명사,지위나 계층 따위의 등급.,,,,,manual,"POLICY_MAPPING_ONLY(개별 학년 태그 없음, level=6→L6 정책 매핑에만 의존)",검수전,N,L6-27,0,,"NO_MATCH(exact lemma vs vocabulary_contents 5,820)",N,,NEW_CANDIDATE,"literacy.db 정의 원문 그대로 사용 가능, 동형이의/나선형 반복/기존 콘텐츠 중복 없음",Y
4952,V,schemareading-tooldict,이용01,명사,대상을 필요에 따라 이롭게 씀.,,,,,manual,"POLICY_MAPPING_ONLY(개별 학년 태그 없음, level=6→L6 정책 매핑에만 의존)",검수전,N,L6-30,0,,"NO_MATCH(exact lemma vs vocabulary_contents 5,820)",Y,,HOLD,"동형이의 번호 분리 표기(literacy.db 자체 표기) - phase11/12와 동일 기준으로 의미 미확정, 콘텐츠화 전 확정 필요",
4953,V,schemareading-tooldict,의지,명사,어떠한 일을 이루고자 하는 마음.,,,,,manual,"POLICY_MAPPING_ONLY(개별 학년 태그 없음, level=6→L6 정책 매핑에만 의존)",검수전,N,L6-39,0,,"NO_MATCH(exact lemma vs vocabulary_contents 5,820)",N,,NEW_CANDIDATE,"literacy.db 정의 원문 그대로 사용 가능, 동형이의/나선형 반복/기존 콘텐츠 중복 없음",Y
4954,V,schemareading-tooldict,인하다01,동사,어떤 사실로 말미암다.,,,,,manual,"POLICY_MAPPING_ONLY(개별 학년 태그 없음, level=6→L6 정책 매핑에만 의존)",검수전,N,L6-41,0,,"NO_MATCH(exact lemma vs vocabulary_contents 5,820)",Y,,HOLD,"동형이의 번호 분리 표기(literacy.db 자체 표기) - phase11/12와 동일 기준으로 의미 미확정, 콘텐츠화 전 확정 필요",
4955,V,schemareading-tooldict,일괄,명사,개별적인 여러 가지 것을 한데 묶음.,,,,,manual,"POLICY_MAPPING_ONLY(개별 학년 태그 없음, level=6→L6 정책 매핑에만 의존)",검수전,N,L6-42,0,,"NO_MATCH(exact lemma vs vocabulary_contents 5,820)",N,,NEW_CANDIDATE,"literacy.db 정의 원문 그대로 사용 가능, 동형이의/나선형 반복/기존 콘텐츠 중복 없음",Y
4956,V,schemareading-tooldict,자발적,명사,남이 시키거나 요청하지 아니하여도 자기 스스로 나아가 행하는 것.,,,,,manual,"POLICY_MAPPING_ONLY(개별 학년 태그 없음, level=6→L6 정책 매핑에만 의존)",검수전,N,L6-48,0,,"NO_MATCH(exact lemma vs vocabulary_contents 5,820)",N,,NEW_CANDIDATE,"literacy.db 정의 원문 그대로 사용 가능, 동형이의/나선형 반복/기존 콘텐츠 중복 없음",Y
4957,V,schemareading-tooldict,자아,명사,"자기 자신에 대한 의식이나 관념. 정신 분석학에서는 이드(id), 초자아와 함께 성격을 구성하는 한 요소로, 현실 원리에 따라 이드의 원초적 욕망과 초자아의 양심을 조정한다.",,,,,manual,"POLICY_MAPPING_ONLY(개별 학년 태그 없음, level=6→L6 정책 매핑에만 의존)",검수전,N,L6-50,0,,"NO_MATCH(exact lemma vs vocabulary_contents 5,820)",N,,NEW_CANDIDATE,"literacy.db 정의 원문 그대로 사용 가능, 동형이의/나선형 반복/기존 콘텐츠 중복 없음",Y
4958,V,schemareading-tooldict,잠정,명사,임시로 정함.,,,,,manual,"POLICY_MAPPING_ONLY(개별 학년 태그 없음, level=6→L6 정책 매핑에만 의존)",검수전,N,L6-52,0,,"NO_MATCH(exact lemma vs vocabulary_contents 5,820)",N,,NEW_CANDIDATE,"literacy.db 정의 원문 그대로 사용 가능, 동형이의/나선형 반복/기존 콘텐츠 중복 없음",Y
4959,V,schemareading-tooldict,전면,명사,물체의 앞쪽 면.,,,,,manual,"POLICY_MAPPING_ONLY(개별 학년 태그 없음, level=6→L6 정책 매핑에만 의존)",검수전,N,L6-56,0,,"NO_MATCH(exact lemma vs vocabulary_contents 5,820)",N,이면(뒷면)과 정반대 의미의 대비 짝(앞면/뒷면) - 동시 출제 시 구분 문구 권장,NEW_CANDIDATE,"literacy.db 정의 원문 그대로 사용 가능, 동형이의/나선형 반복/기존 콘텐츠 중복 없음",
4960,V,schemareading-tooldict,전이,명사,자리나 위치 따위를 다른 곳으로 옮김.,,,,,manual,"POLICY_MAPPING_ONLY(개별 학년 태그 없음, level=6→L6 정책 매핑에만 의존)",검수전,N,L6-58,0,,"NO_MATCH(exact lemma vs vocabulary_contents 5,820)",N,,NEW_CANDIDATE,"literacy.db 정의 원문 그대로 사용 가능, 동형이의/나선형 반복/기존 콘텐츠 중복 없음",Y
4961,V,schemareading-tooldict,전제,명사,어떠한 사물이나 현상을 이루기 위하여 먼저 내세우는 것.,,,,,manual,"POLICY_MAPPING_ONLY(개별 학년 태그 없음, level=6→L6 정책 매핑에만 의존)",검수전,N,L6-59,0,,"NO_MATCH(exact lemma vs vocabulary_contents 5,820)",N,,NEW_CANDIDATE,"literacy.db 정의 원문 그대로 사용 가능, 동형이의/나선형 반복/기존 콘텐츠 중복 없음",Y
4962,V,schemareading-tooldict,전형적,명사,어떤 부류의 특징을 가장 잘 나타내는 것.,,,,,manual,"POLICY_MAPPING_ONLY(개별 학년 태그 없음, level=6→L6 정책 매핑에만 의존)",검수전,N,L6-60,0,,"NO_MATCH(exact lemma vs vocabulary_contents 5,820)",N,,NEW_CANDIDATE,"literacy.db 정의 원문 그대로 사용 가능, 동형이의/나선형 반복/기존 콘텐츠 중복 없음",Y
4963,V,schemareading-tooldict,지,명사,사물의 이치를 밝히고 그것을 올바르게 판별하고 처리하는 능력.,,,,,manual,"POLICY_MAPPING_ONLY(개별 학년 태그 없음, level=6→L6 정책 매핑에만 의존)",검수전,N,L6-66,0,,"NO_MATCH(exact lemma vs vocabulary_contents 5,820)",N,,HOLD,"정의가 매우 기초적/일반적('사물의 이치를 밝히고 그것을 올바르게 판별하고 처리하는 능력.')이라 고2~3(L6) 수준 근거가 약함 - level=6 배정은 grade_level 개별 태그 없이 정책 매핑(grade_source=manual)에만 의존, 개별 근거로 보강 필요",
4964,V,schemareading-tooldict,창출,명사,전에 없던 것을 처음으로 생각하여 지어내거나 만들어 냄.,,,,,manual,"POLICY_MAPPING_ONLY(개별 학년 태그 없음, level=6→L6 정책 매핑에만 의존)",검수전,N,L6-68,0,,"NO_MATCH(exact lemma vs vocabulary_contents 5,820)",N,,NEW_CANDIDATE,"literacy.db 정의 원문 그대로 사용 가능, 동형이의/나선형 반복/기존 콘텐츠 중복 없음",Y
4965,V,schemareading-tooldict,체재,명사,생기거나 이루어진 틀. 또는 그런 됨됨이.,,,,,manual,"POLICY_MAPPING_ONLY(개별 학년 태그 없음, level=6→L6 정책 매핑에만 의존)",검수전,N,L6-71,0,,"NO_MATCH(exact lemma vs vocabulary_contents 5,820)",N,,NEW_CANDIDATE,"literacy.db 정의 원문 그대로 사용 가능, 동형이의/나선형 반복/기존 콘텐츠 중복 없음",Y
4966,V,schemareading-tooldict,총합,명사,모두를 합함.,,,,,manual,"POLICY_MAPPING_ONLY(개별 학년 태그 없음, level=6→L6 정책 매핑에만 의존)",검수전,N,L6-73,0,,"NO_MATCH(exact lemma vs vocabulary_contents 5,820)",N,,NEW_CANDIDATE,"literacy.db 정의 원문 그대로 사용 가능, 동형이의/나선형 반복/기존 콘텐츠 중복 없음",Y
4967,V,schemareading-tooldict,추진,명사,물체를 밀어 앞으로 내보냄.,,,,,manual,"POLICY_MAPPING_ONLY(개별 학년 태그 없음, level=6→L6 정책 매핑에만 의존)",검수전,N,L6-75,0,,"NO_MATCH(exact lemma vs vocabulary_contents 5,820)",N,,NEW_CANDIDATE,"literacy.db 정의 원문 그대로 사용 가능, 동형이의/나선형 반복/기존 콘텐츠 중복 없음",Y
4968,V,schemareading-tooldict,취하,명사,신청하였던 일이나 서류 따위를 취소함.,,,,,manual,"POLICY_MAPPING_ONLY(개별 학년 태그 없음, level=6→L6 정책 매핑에만 의존)",검수전,N,L6-78,0,,"NO_MATCH(exact lemma vs vocabulary_contents 5,820)",N,,NEW_CANDIDATE,"literacy.db 정의 원문 그대로 사용 가능, 동형이의/나선형 반복/기존 콘텐츠 중복 없음",Y
4969,V,schemareading-tooldict,타당성,명사,사물의 이치에 맞는 옳은 성질.,,,,,manual,"POLICY_MAPPING_ONLY(개별 학년 태그 없음, level=6→L6 정책 매핑에만 의존)",검수전,N,L6-79,0,,"NO_MATCH(exact lemma vs vocabulary_contents 5,820)",N,,NEW_CANDIDATE,"literacy.db 정의 원문 그대로 사용 가능, 동형이의/나선형 반복/기존 콘텐츠 중복 없음",Y
4970,V,schemareading-tooldict,탈피,명사,껍질이나 가죽을 벗김.,,,,,manual,"POLICY_MAPPING_ONLY(개별 학년 태그 없음, level=6→L6 정책 매핑에만 의존)",검수전,N,L6-81,0,,"NO_MATCH(exact lemma vs vocabulary_contents 5,820)",N,,NEW_CANDIDATE,"literacy.db 정의 원문 그대로 사용 가능, 동형이의/나선형 반복/기존 콘텐츠 중복 없음",Y
4971,V,schemareading-tooldict,통찰,명사,예리한 관찰력으로 사물을 꿰뚫어 봄.,,,,,manual,"POLICY_MAPPING_ONLY(개별 학년 태그 없음, level=6→L6 정책 매핑에만 의존)",검수전,N,L6-84,0,,"NO_MATCH(exact lemma vs vocabulary_contents 5,820)",N,"고찰과 의미 인접(둘 다 ""깊이 살펴봄"" 계열) - 혼동 가능, 구분 문구 권장",NEW_CANDIDATE,"literacy.db 정의 원문 그대로 사용 가능, 동형이의/나선형 반복/기존 콘텐츠 중복 없음",
4972,V,schemareading-tooldict,합리적,명사,이론이나 이치에 합당한 것.,,,,,manual,"POLICY_MAPPING_ONLY(개별 학년 태그 없음, level=6→L6 정책 매핑에만 의존)",검수전,N,L6-88,0,,"NO_MATCH(exact lemma vs vocabulary_contents 5,820)",N,,NEW_CANDIDATE,"literacy.db 정의 원문 그대로 사용 가능, 동형이의/나선형 반복/기존 콘텐츠 중복 없음",Y
4973,V,schemareading-tooldict,개략,명사,내용을 대강 추려 줄임. 또는 그런 것.,,,,,manual,"POLICY_MAPPING_ONLY(개별 학년 태그 없음, level=6→L6 정책 매핑에만 의존)",검수전,N,L6-90,0,,"NO_MATCH(exact lemma vs vocabulary_contents 5,820)",N,,NEW_CANDIDATE,"literacy.db 정의 원문 그대로 사용 가능, 동형이의/나선형 반복/기존 콘텐츠 중복 없음",Y
4974,V,schemareading-tooldict,개설02,명사,설비나 제도 따위를 새로 마련하고 그에 관한 일을 시작함.,,,,,manual,"POLICY_MAPPING_ONLY(개별 학년 태그 없음, level=6→L6 정책 매핑에만 의존)",검수전,N,L6-92,0,,"NO_MATCH(exact lemma vs vocabulary_contents 5,820)",Y,,HOLD,"동형이의 번호 분리 표기(literacy.db 자체 표기) - phase11/12와 동일 기준으로 의미 미확정, 콘텐츠화 전 확정 필요",
4975,V,schemareading-tooldict,개진,명사,주장이나 사실 따위를 밝히기 위하여 의견이나 내용을 드러내어 말하거나 글로 씀.,,,,,manual,"POLICY_MAPPING_ONLY(개별 학년 태그 없음, level=6→L6 정책 매핑에만 의존)",검수전,N,L6-93,0,,"NO_MATCH(exact lemma vs vocabulary_contents 5,820)",N,,NEW_CANDIDATE,"literacy.db 정의 원문 그대로 사용 가능, 동형이의/나선형 반복/기존 콘텐츠 중복 없음",Y
4976,V,schemareading-tooldict,객관성,명사,주관으로부터 독립하여 존재하는 대상 자체에 속하여 있는 성질.,,,,,manual,"POLICY_MAPPING_ONLY(개별 학년 태그 없음, level=6→L6 정책 매핑에만 의존)",검수전,N,L6-95,0,,"NO_MATCH(exact lemma vs vocabulary_contents 5,820)",N,"객관적과 같은 어근(""객관"")의 명사/관형사 파생쌍 - 같은 세트 출제 시 개념 중복 위험",NEW_CANDIDATE,"literacy.db 정의 원문 그대로 사용 가능, 동형이의/나선형 반복/기존 콘텐츠 중복 없음",
4977,V,schemareading-tooldict,객관적,명사,자기와의 관계에서 벗어나 제삼자의 입장에서 사물을 보거나 생각하는 것.,,,,,manual,"POLICY_MAPPING_ONLY(개별 학년 태그 없음, level=6→L6 정책 매핑에만 의존)",검수전,N,L6-96,0,,"NO_MATCH(exact lemma vs vocabulary_contents 5,820)",N,"객관성과 같은 어근(""객관"")의 명사/관형사 파생쌍 - 같은 세트 출제 시 개념 중복 위험",NEW_CANDIDATE,"literacy.db 정의 원문 그대로 사용 가능, 동형이의/나선형 반복/기존 콘텐츠 중복 없음",
4978,V,schemareading-tooldict,객체,명사,의사나 행위가 미치는 대상.,,,,,manual,"POLICY_MAPPING_ONLY(개별 학년 태그 없음, level=6→L6 정책 매핑에만 의존)",검수전,N,L6-97,0,,"NO_MATCH(exact lemma vs vocabulary_contents 5,820)",N,,NEW_CANDIDATE,"literacy.db 정의 원문 그대로 사용 가능, 동형이의/나선형 반복/기존 콘텐츠 중복 없음",Y
4979,V,schemareading-tooldict,견지,명사,어떤 견해나 입장 따위를 굳게 지니거나 지킴.,,,,,manual,"POLICY_MAPPING_ONLY(개별 학년 태그 없음, level=6→L6 정책 매핑에만 의존)",검수전,N,L6-99,0,,"NO_MATCH(exact lemma vs vocabulary_contents 5,820)",N,,NEW_CANDIDATE,"literacy.db 정의 원문 그대로 사용 가능, 동형이의/나선형 반복/기존 콘텐츠 중복 없음",Y
4980,V,schemareading-tooldict,결속,명사,한 덩어리가 되게 묶음.,,,,,manual,"POLICY_MAPPING_ONLY(개별 학년 태그 없음, level=6→L6 정책 매핑에만 의존)",검수전,N,L6-100,0,,"NO_MATCH(exact lemma vs vocabulary_contents 5,820)",N,,NEW_CANDIDATE,"literacy.db 정의 원문 그대로 사용 가능, 동형이의/나선형 반복/기존 콘텐츠 중복 없음",Y
4981,V,schemareading-tooldict,결여,명사,마땅히 있어야 할 것이 빠져서 없어나 모자람.,,,,,manual,"POLICY_MAPPING_ONLY(개별 학년 태그 없음, level=6→L6 정책 매핑에만 의존)",검수전,N,L6-101,0,,"NO_MATCH(exact lemma vs vocabulary_contents 5,820)",N,,NEW_CANDIDATE,"literacy.db 정의 원문 그대로 사용 가능, 동형이의/나선형 반복/기존 콘텐츠 중복 없음",Y
4982,V,schemareading-tooldict,고찰,명사,어떤 것을 깊이 생각하고 연구함.,,,,,manual,"POLICY_MAPPING_ONLY(개별 학년 태그 없음, level=6→L6 정책 매핑에만 의존)",검수전,N,L6-104,0,,"NO_MATCH(exact lemma vs vocabulary_contents 5,820)",N,"통찰과 의미 인접(둘 다 ""깊이 살펴봄"" 계열) - 혼동 가능, 구분 문구 권장",NEW_CANDIDATE,"literacy.db 정의 원문 그대로 사용 가능, 동형이의/나선형 반복/기존 콘텐츠 중복 없음",
4983,V,schemareading-tooldict,공동체,명사,생활이나 행동 또는 목적 따위를 같이하는 집단.,,,,,manual,"POLICY_MAPPING_ONLY(개별 학년 태그 없음, level=6→L6 정책 매핑에만 의존)",검수전,N,L6-105,2,"[{""id"": 3157, ""headword"": ""공동체"", ""source"": ""momo-textbook"", ""level"": 0, ""definition"": ""같은 이념 또는 목적을 가지고 있는 집단.""}, {""id"": 5335, ""headword"": ""공동체"", ""source"": ""schemareading-schema"", ""level"": 3, ""definition"": ""생활이나 행동 또는 목적 등을 같이하는 집단으로 가족, 사회, 국가 등의 차원이 있다.""}]","NO_MATCH(exact lemma vs vocabulary_contents 5,820)",N,,SENSE_REVIEW,"literacy.db 내 동일 headword가 momo-textbook level=0, schemareading-schema level=3에 핵심 의미가 사실상 동일한 정의로 이미 존재(""생활/행동/목적을 같이하는 집단"") - 자구는 다르나 개념 중복 위험, 저학년 개념과의 관계 확인 필요",
4984,V,schemareading-tooldict,관통,명사,꿰뚫어서 통함.,,,,,manual,"POLICY_MAPPING_ONLY(개별 학년 태그 없음, level=6→L6 정책 매핑에만 의존)",검수전,N,L6-107,0,,"NO_MATCH(exact lemma vs vocabulary_contents 5,820)",N,,NEW_CANDIDATE,"literacy.db 정의 원문 그대로 사용 가능, 동형이의/나선형 반복/기존 콘텐츠 중복 없음",Y
4985,V,schemareading-tooldict,궁극,명사,어떤 과정의 마지막이나 끝.,,,,,manual,"POLICY_MAPPING_ONLY(개별 학년 태그 없음, level=6→L6 정책 매핑에만 의존)",검수전,N,L6-108,0,,"NO_MATCH(exact lemma vs vocabulary_contents 5,820)",N,,NEW_CANDIDATE,"literacy.db 정의 원문 그대로 사용 가능, 동형이의/나선형 반복/기존 콘텐츠 중복 없음",Y
4986,V,schemareading-tooldict,극단,명사,맨 끝.,,,,,manual,"POLICY_MAPPING_ONLY(개별 학년 태그 없음, level=6→L6 정책 매핑에만 의존)",검수전,N,L6-109,0,,"NO_MATCH(exact lemma vs vocabulary_contents 5,820)",N,,NEW_CANDIDATE,"literacy.db 정의 원문 그대로 사용 가능, 동형이의/나선형 반복/기존 콘텐츠 중복 없음",Y
4987,V,schemareading-tooldict,극대,명사,더할 수 없이 큼.,,,,,manual,"POLICY_MAPPING_ONLY(개별 학년 태그 없음, level=6→L6 정책 매핑에만 의존)",검수전,N,L6-110,0,,"NO_MATCH(exact lemma vs vocabulary_contents 5,820)",N,,NEW_CANDIDATE,"literacy.db 정의 원문 그대로 사용 가능, 동형이의/나선형 반복/기존 콘텐츠 중복 없음",Y
4988,V,schemareading-tooldict,기각,명사,"소송을 수리한 법원이, 소나 상소가 형식적인 요건은 갖추었으나, 그 내용이 실체적으로 이유가 없다고 판단하여 소송을 종료하는 일.",,,,,manual,"POLICY_MAPPING_ONLY(개별 학년 태그 없음, level=6→L6 정책 매핑에만 의존)",검수전,N,L6-112,0,,"NO_MATCH(exact lemma vs vocabulary_contents 5,820)",N,,NEW_CANDIDATE,"literacy.db 정의 원문 그대로 사용 가능, 동형이의/나선형 반복/기존 콘텐츠 중복 없음",Y
4989,V,schemareading-tooldict,기인,명사,일이 일어나게 된 까닭.,,,,,manual,"POLICY_MAPPING_ONLY(개별 학년 태그 없음, level=6→L6 정책 매핑에만 의존)",검수전,N,L6-113,0,,"NO_MATCH(exact lemma vs vocabulary_contents 5,820)",N,,NEW_CANDIDATE,"literacy.db 정의 원문 그대로 사용 가능, 동형이의/나선형 반복/기존 콘텐츠 중복 없음",Y
4990,V,schemareading-tooldict,기호성,명사,즐기고 좋아하는 성질이나 특성.,,,,,manual,"POLICY_MAPPING_ONLY(개별 학년 태그 없음, level=6→L6 정책 매핑에만 의존)",검수전,N,L6-114,0,,"NO_MATCH(exact lemma vs vocabulary_contents 5,820)",N,,NEW_CANDIDATE,"literacy.db 정의 원문 그대로 사용 가능, 동형이의/나선형 반복/기존 콘텐츠 중복 없음",
4991,V,schemareading-tooldict,내,의존명사,일정한 범위의 안.,,,,,manual,"POLICY_MAPPING_ONLY(개별 학년 태그 없음, level=6→L6 정책 매핑에만 의존)",검수전,N,L6-115,0,,"NO_MATCH(exact lemma vs vocabulary_contents 5,820)",N,,HOLD,"정의가 매우 기초적/일반적('일정한 범위의 안.')이라 고2~3(L6) 수준 근거가 약함 - level=6 배정은 grade_level 개별 태그 없이 정책 매핑(grade_source=manual)에만 의존, 개별 근거로 보강 필요",
4992,V,schemareading-tooldict,논증,명사,옳고 그름을 이유를 들어 밝힘. 또는 그 근거나 이유.,,,,,manual,"POLICY_MAPPING_ONLY(개별 학년 태그 없음, level=6→L6 정책 매핑에만 의존)",검수전,N,L6-116,0,,"NO_MATCH(exact lemma vs vocabulary_contents 5,820)",N,,NEW_CANDIDATE,"literacy.db 정의 원문 그대로 사용 가능, 동형이의/나선형 반복/기존 콘텐츠 중복 없음",
4993,V,schemareading-tooldict,논지,명사,논하는 말이나 글의 취지.,,,,,manual,"POLICY_MAPPING_ONLY(개별 학년 태그 없음, level=6→L6 정책 매핑에만 의존)",검수전,N,L6-117,0,,"NO_MATCH(exact lemma vs vocabulary_contents 5,820)",N,,NEW_CANDIDATE,"literacy.db 정의 원문 그대로 사용 가능, 동형이의/나선형 반복/기존 콘텐츠 중복 없음",
4994,V,schemareading-tooldict,논하다,동사,의견이나 이론을 조리 있게 말하다.,,,,,manual,"POLICY_MAPPING_ONLY(개별 학년 태그 없음, level=6→L6 정책 매핑에만 의존)",검수전,N,L6-118,0,,"NO_MATCH(exact lemma vs vocabulary_contents 5,820)",N,,NEW_CANDIDATE,"literacy.db 정의 원문 그대로 사용 가능, 동형이의/나선형 반복/기존 콘텐츠 중복 없음",
4995,V,schemareading-tooldict,매커니즘,명사,사물의 작용 원리나 구조.,,,,,manual,"POLICY_MAPPING_ONLY(개별 학년 태그 없음, level=6→L6 정책 매핑에만 의존)",검수전,N,L6-120,0,,"NO_MATCH(exact lemma vs vocabulary_contents 5,820)",N,,NEW_CANDIDATE,"literacy.db 정의 원문 그대로 사용 가능, 동형이의/나선형 반복/기존 콘텐츠 중복 없음",
4996,V,schemareading-tooldict,명확성,명사,명백하고 확실한 성질.,,,,,manual,"POLICY_MAPPING_ONLY(개별 학년 태그 없음, level=6→L6 정책 매핑에만 의존)",검수전,N,L6-121,0,,"NO_MATCH(exact lemma vs vocabulary_contents 5,820)",N,,NEW_CANDIDATE,"literacy.db 정의 원문 그대로 사용 가능, 동형이의/나선형 반복/기존 콘텐츠 중복 없음",
4997,V,schemareading-tooldict,반문,명사,물음에 대답하지 아니하고 되받아 물음. 또는 그 물음.,,,,,manual,"POLICY_MAPPING_ONLY(개별 학년 태그 없음, level=6→L6 정책 매핑에만 의존)",검수전,N,L6-122,0,,"NO_MATCH(exact lemma vs vocabulary_contents 5,820)",N,,NEW_CANDIDATE,"literacy.db 정의 원문 그대로 사용 가능, 동형이의/나선형 반복/기존 콘텐츠 중복 없음",
4998,V,schemareading-tooldict,배타,명사,남을 배척함.,,,,,manual,"POLICY_MAPPING_ONLY(개별 학년 태그 없음, level=6→L6 정책 매핑에만 의존)",검수전,N,L6-124,0,,"NO_MATCH(exact lemma vs vocabulary_contents 5,820)",N,,NEW_CANDIDATE,"literacy.db 정의 원문 그대로 사용 가능, 동형이의/나선형 반복/기존 콘텐츠 중복 없음",
4999,V,schemareading-tooldict,범주,명사,동일한 성질을 가진 부류나 범위.,,,,,manual,"POLICY_MAPPING_ONLY(개별 학년 태그 없음, level=6→L6 정책 매핑에만 의존)",검수전,N,L6-125,0,,"NO_MATCH(exact lemma vs vocabulary_contents 5,820)",N,,NEW_CANDIDATE,"literacy.db 정의 원문 그대로 사용 가능, 동형이의/나선형 반복/기존 콘텐츠 중복 없음",
5000,V,schemareading-tooldict,법칙,명사,반드시 지켜야만 하는 규범.,,,,,manual,"POLICY_MAPPING_ONLY(개별 학년 태그 없음, level=6→L6 정책 매핑에만 의존)",검수전,N,L6-126,0,,"NO_MATCH(exact lemma vs vocabulary_contents 5,820)",N,,NEW_CANDIDATE,"literacy.db 정의 원문 그대로 사용 가능, 동형이의/나선형 반복/기존 콘텐츠 중복 없음",
5001,V,schemareading-tooldict,분절성,명사,"언어에서, 여러 단위로 나누어지고 결합할 수 있는 특성. 또는 연속적으로 이루어져 있는 세계를 불연속적으로 끊어서 표현하는 특성. 경계가 분명하지 않은 무지개의 색깔을 일곱 개의 색깔로 끊어서 표현하는 것 따위이다.",,,,,manual,"POLICY_MAPPING_ONLY(개별 학년 태그 없음, level=6→L6 정책 매핑에만 의존)",검수전,N,L6-130,0,,"NO_MATCH(exact lemma vs vocabulary_contents 5,820)",N,,NEW_CANDIDATE,"literacy.db 정의 원문 그대로 사용 가능, 동형이의/나선형 반복/기존 콘텐츠 중복 없음",
5002,V,schemareading-tooldict,신장,명사,세력이나 권리 따위가 늘어남. 또는 늘어나게 함.,,,,,manual,"POLICY_MAPPING_ONLY(개별 학년 태그 없음, level=6→L6 정책 매핑에만 의존)",검수전,N,L6-135,0,,"NO_MATCH(exact lemma vs vocabulary_contents 5,820)",N,,NEW_CANDIDATE,"literacy.db 정의 원문 그대로 사용 가능, 동형이의/나선형 반복/기존 콘텐츠 중복 없음",
5003,V,schemareading-tooldict,실재,명사,실제로 존재함.,,,,,manual,"POLICY_MAPPING_ONLY(개별 학년 태그 없음, level=6→L6 정책 매핑에만 의존)",검수전,N,L6-137,0,,"NO_MATCH(exact lemma vs vocabulary_contents 5,820)",N,"실질과 의미 인접(""실제로 존재/실제 본바탕"") - 혼동 가능",NEW_CANDIDATE,"literacy.db 정의 원문 그대로 사용 가능, 동형이의/나선형 반복/기존 콘텐츠 중복 없음",
5004,V,schemareading-tooldict,실증,명사,확실한 증거.,,,,,manual,"POLICY_MAPPING_ONLY(개별 학년 태그 없음, level=6→L6 정책 매핑에만 의존)",검수전,N,L6-139,0,,"NO_MATCH(exact lemma vs vocabulary_contents 5,820)",N,,NEW_CANDIDATE,"literacy.db 정의 원문 그대로 사용 가능, 동형이의/나선형 반복/기존 콘텐츠 중복 없음",
5005,V,schemareading-tooldict,실질,명사,실제로 있는 본바탕.,,,,,manual,"POLICY_MAPPING_ONLY(개별 학년 태그 없음, level=6→L6 정책 매핑에만 의존)",검수전,N,L6-140,0,,"NO_MATCH(exact lemma vs vocabulary_contents 5,820)",N,"실재와 의미 인접(""실제로 존재/실제 본바탕"") - 혼동 가능",NEW_CANDIDATE,"literacy.db 정의 원문 그대로 사용 가능, 동형이의/나선형 반복/기존 콘텐츠 중복 없음",
5006,V,schemareading-tooldict,심층,명사,사물의 속이나 밑에 있는 깊은 층.,,,,,manual,"POLICY_MAPPING_ONLY(개별 학년 태그 없음, level=6→L6 정책 매핑에만 의존)",검수전,N,L6-145,0,,"NO_MATCH(exact lemma vs vocabulary_contents 5,820)",N,,NEW_CANDIDATE,"literacy.db 정의 원문 그대로 사용 가능, 동형이의/나선형 반복/기존 콘텐츠 중복 없음",
5007,V,schemareading-tooldict,아래,명사,어떤 기준보다 낮은 위치.,,,,,manual,"POLICY_MAPPING_ONLY(개별 학년 태그 없음, level=6→L6 정책 매핑에만 의존)",검수전,N,L6-147,0,,"NO_MATCH(exact lemma vs vocabulary_contents 5,820)",N,,NEW_CANDIDATE,"literacy.db 정의 원문 그대로 사용 가능, 동형이의/나선형 반복/기존 콘텐츠 중복 없음",
5008,V,schemareading-tooldict,암시,명사,넌지시 알림. 또는 그 내용. 뜻하는 바를 간접적으로 나타내는 표현법.,,,,,manual,"POLICY_MAPPING_ONLY(개별 학년 태그 없음, level=6→L6 정책 매핑에만 의존)",검수전,N,L6-148,0,,"NO_MATCH(exact lemma vs vocabulary_contents 5,820)",N,,NEW_CANDIDATE,"literacy.db 정의 원문 그대로 사용 가능, 동형이의/나선형 반복/기존 콘텐츠 중복 없음",
5009,V,schemareading-tooldict,양20,명사,일정한 모양이나 형식.,,,,,manual,"POLICY_MAPPING_ONLY(개별 학년 태그 없음, level=6→L6 정책 매핑에만 의존)",검수전,N,L6-151,0,,"NO_MATCH(exact lemma vs vocabulary_contents 5,820)",Y,,HOLD,"동형이의 번호 분리 표기(literacy.db 자체 표기) - phase11/12와 동일 기준으로 의미 미확정, 콘텐츠화 전 확정 필요",
5010,V,schemareading-tooldict,양극화,명사,서로 점점 더 달라지고 멀어짐.,,,,,manual,"POLICY_MAPPING_ONLY(개별 학년 태그 없음, level=6→L6 정책 매핑에만 의존)",검수전,N,L6-153,0,,"NO_MATCH(exact lemma vs vocabulary_contents 5,820)",N,,NEW_CANDIDATE,"literacy.db 정의 원문 그대로 사용 가능, 동형이의/나선형 반복/기존 콘텐츠 중복 없음",
5011,V,schemareading-tooldict,양상,명사,사물이나 현상의 모양이나 상태.,,,,,manual,"POLICY_MAPPING_ONLY(개별 학년 태그 없음, level=6→L6 정책 매핑에만 의존)",검수전,N,L6-154,0,,"NO_MATCH(exact lemma vs vocabulary_contents 5,820)",N,,NEW_CANDIDATE,"literacy.db 정의 원문 그대로 사용 가능, 동형이의/나선형 반복/기존 콘텐츠 중복 없음",
5012,V,schemareading-tooldict,언급,명사,어떤 문제에 대하여 말함.,,,,,manual,"POLICY_MAPPING_ONLY(개별 학년 태그 없음, level=6→L6 정책 매핑에만 의존)",검수전,N,L6-155,0,,"NO_MATCH(exact lemma vs vocabulary_contents 5,820)",N,,NEW_CANDIDATE,"literacy.db 정의 원문 그대로 사용 가능, 동형이의/나선형 반복/기존 콘텐츠 중복 없음",
5013,V,schemareading-tooldict,역설02,명사,어떤 주의나 주장에 반대되는 이론이나 말.,,,,,manual,"POLICY_MAPPING_ONLY(개별 학년 태그 없음, level=6→L6 정책 매핑에만 의존)",검수전,N,L6-156,0,,"NO_MATCH(exact lemma vs vocabulary_contents 5,820)",Y,,HOLD,"동형이의 번호 분리 표기(literacy.db 자체 표기) - phase11/12와 동일 기준으로 의미 미확정, 콘텐츠화 전 확정 필요",
5014,V,schemareading-tooldict,역점,명사,심혈을 기울이거나 쏟는 점.,,,,,manual,"POLICY_MAPPING_ONLY(개별 학년 태그 없음, level=6→L6 정책 매핑에만 의존)",검수전,N,L6-157,0,,"NO_MATCH(exact lemma vs vocabulary_contents 5,820)",N,,NEW_CANDIDATE,"literacy.db 정의 원문 그대로 사용 가능, 동형이의/나선형 반복/기존 콘텐츠 중복 없음",
5015,V,schemareading-tooldict,연쇄,명사,연결된 사슬.,,,,,manual,"POLICY_MAPPING_ONLY(개별 학년 태그 없음, level=6→L6 정책 매핑에만 의존)",검수전,N,L6-161,0,,"NO_MATCH(exact lemma vs vocabulary_contents 5,820)",N,,NEW_CANDIDATE,"literacy.db 정의 원문 그대로 사용 가능, 동형이의/나선형 반복/기존 콘텐츠 중복 없음",
5016,V,schemareading-tooldict,여지,의존명사,어떤 일을 하거나 어떤 일이 일어날 가능성이나 희망.,,,,,manual,"POLICY_MAPPING_ONLY(개별 학년 태그 없음, level=6→L6 정책 매핑에만 의존)",검수전,N,L6-167,0,,"NO_MATCH(exact lemma vs vocabulary_contents 5,820)",N,,NEW_CANDIDATE,"literacy.db 정의 원문 그대로 사용 가능, 동형이의/나선형 반복/기존 콘텐츠 중복 없음",
5017,V,schemareading-tooldict,외04,명사,"흙벽을 바르기 위하여 벽 속에 엮은 나뭇가지. 대가지, 수수깡, 싸리 잡목 따위를 가로세로로 얽는다.",,,,,manual,"POLICY_MAPPING_ONLY(개별 학년 태그 없음, level=6→L6 정책 매핑에만 의존)",검수전,N,L6-168,0,,"NO_MATCH(exact lemma vs vocabulary_contents 5,820)",Y,,HOLD,"동형이의 번호 분리 표기(literacy.db 자체 표기) - phase11/12와 동일 기준으로 의미 미확정, 콘텐츠화 전 확정 필요",
5018,V,schemareading-tooldict,원,명사,둥글게 그려진 모양이나 형태.,,,,,manual,"POLICY_MAPPING_ONLY(개별 학년 태그 없음, level=6→L6 정책 매핑에만 의존)",검수전,N,L6-171,0,,"NO_MATCH(exact lemma vs vocabulary_contents 5,820)",N,,HOLD,"정의가 매우 기초적/일반적('둥글게 그려진 모양이나 형태.')이라 고2~3(L6) 수준 근거가 약함 - level=6 배정은 grade_level 개별 태그 없이 정책 매핑(grade_source=manual)에만 의존, 개별 근거로 보강 필요",
5019,V,schemareading-tooldict,이론01,명사,사물의 이치나 지식 따위를 해명하기 위하여 논리적으로 정연하게 일반화한 명제의 체계.,,,,,manual,"POLICY_MAPPING_ONLY(개별 학년 태그 없음, level=6→L6 정책 매핑에만 의존)",검수전,N,L6-172,0,,"NO_MATCH(exact lemma vs vocabulary_contents 5,820)",Y,,HOLD,"동형이의 번호 분리 표기(literacy.db 자체 표기) - phase11/12와 동일 기준으로 의미 미확정, 콘텐츠화 전 확정 필요",
5020,V,schemareading-tooldict,이룩,명사,이룩하다의 어근. 어떤 큰 현상이나 사업 따위를 이룸.,,,,,manual,"POLICY_MAPPING_ONLY(개별 학년 태그 없음, level=6→L6 정책 매핑에만 의존)",검수전,N,L6-173,0,,"NO_MATCH(exact lemma vs vocabulary_contents 5,820)",N,,NEW_CANDIDATE,"literacy.db 정의 원문 그대로 사용 가능, 동형이의/나선형 반복/기존 콘텐츠 중복 없음",
5021,V,schemareading-tooldict,이면,명사,물체의 뒤쪽 면.,,,,,manual,"POLICY_MAPPING_ONLY(개별 학년 태그 없음, level=6→L6 정책 매핑에만 의존)",검수전,N,L6-174,0,,"NO_MATCH(exact lemma vs vocabulary_contents 5,820)",N,전면(앞면)과 정반대 의미의 대비 짝(앞면/뒷면) - 동시 출제 시 구분 문구 권장,NEW_CANDIDATE,"literacy.db 정의 원문 그대로 사용 가능, 동형이의/나선형 반복/기존 콘텐츠 중복 없음",
5023,V,schemareading-tooldict,이상하다,형용사,정상적인 상태와 다르다.,,,,,manual,"POLICY_MAPPING_ONLY(개별 학년 태그 없음, level=6→L6 정책 매핑에만 의존)",검수전,N,L6-176,0,,"NO_MATCH(exact lemma vs vocabulary_contents 5,820)",N,,NEW_CANDIDATE,"literacy.db 정의 원문 그대로 사용 가능, 동형이의/나선형 반복/기존 콘텐츠 중복 없음",
5024,V,schemareading-tooldict,이성,명사,개념적으로 사유하는 능력을 감각적 능력에 상대하여 이르는 말. 인간을 다른 동물과 구별시켜 주는 인간의 본질적 특성이다.,,,,,manual,"POLICY_MAPPING_ONLY(개별 학년 태그 없음, level=6→L6 정책 매핑에만 의존)",검수전,N,L6-177,0,,"NO_MATCH(exact lemma vs vocabulary_contents 5,820)",N,,NEW_CANDIDATE,"literacy.db 정의 원문 그대로 사용 가능, 동형이의/나선형 반복/기존 콘텐츠 중복 없음",
5025,V,schemareading-tooldict,입각,명사,어떤 사실이나 주장 따위에 근거를 두어 그 입장에 섬.,,,,,manual,"POLICY_MAPPING_ONLY(개별 학년 태그 없음, level=6→L6 정책 매핑에만 의존)",검수전,N,L6-178,0,,"NO_MATCH(exact lemma vs vocabulary_contents 5,820)",N,,NEW_CANDIDATE,"literacy.db 정의 원문 그대로 사용 가능, 동형이의/나선형 반복/기존 콘텐츠 중복 없음",
5026,V,schemareading-tooldict,패러다임,명사,어떤 한 시대 사람들의 견해나 사고를 근본적으로 규정하고 있는 테두리로서의 인식의 체계. 또는 사물에 대한 이론적인 틀이나 체계.,,,,,manual,"POLICY_MAPPING_ONLY(개별 학년 태그 없음, level=6→L6 정책 매핑에만 의존)",검수전,N,L6-181,0,,"NO_MATCH(exact lemma vs vocabulary_contents 5,820)",N,,NEW_CANDIDATE,"literacy.db 정의 원문 그대로 사용 가능, 동형이의/나선형 반복/기존 콘텐츠 중복 없음",
