xlsx_row_no,xlsx_headword,xlsx_external_id_L6,status,resolved_term_id,resolved_level,resolved_note
1057,형법,social-1057,ABSORBED_INTO_LOWER_LEVEL,5371,3,소분류: 우리 사회의 다양한 법 / 주차: 13주차 / 나선형 반복: L6
1058,죄형법정주의,social-1058,OWN_L6_TERM,6018,6,소분류: 형법 / 주차: 18주차
1059,범죄,social-1059,OWN_L6_TERM,6019,6,소분류: 형법 / 주차: 18주차
1060,위법성조각사유,social-1060,OWN_L6_TERM,6020,6,소분류: 형법 / 주차: 18주차
1061,형벌,social-1061,OWN_L6_TERM,6021,6,소분류: 형법 / 주차: 18주차
1062,형벌의 종류,social-1062,OWN_L6_TERM,6022,6,소분류: 형법 / 주차: 18주차
1063,보안처분,social-1063,OWN_L6_TERM,6023,6,소분류: 형법 / 주차: 18주차
1064,형사절차,social-1064,OWN_L6_TERM,6024,6,소분류: 형법 / 주차: 18주차
1065,수사,social-1065,OWN_L6_TERM,6025,6,소분류: 형법 / 주차: 18주차
1066,공소제기,social-1066,OWN_L6_TERM,6026,6,소분류: 형법 / 주차: 18주차
1067,재정신청,social-1067,OWN_L6_TERM,6027,6,소분류: 형법 / 주차: 18주차
1068,공판,social-1068,OWN_L6_TERM,6028,6,소분류: 형법 / 주차: 18주차
1070,적법절차의 원칙,social-1070,OWN_L6_TERM,6030,6,소분류: 사회법 / 주차: 19주차
1071,무죄추정의 원칙,social-1071,OWN_L6_TERM,6031,6,소분류: 사회법 / 주차: 19주차
1072,국선변호인,social-1072,OWN_L6_TERM,6032,6,소분류: 사회법 / 주차: 19주차
1073,미란다원칙,social-1073,OWN_L6_TERM,6033,6,소분류: 사회법 / 주차: 19주차
1074,범죄피해자구조제도,social-1074,OWN_L6_TERM,6034,6,소분류: 사회법 / 주차: 19주차
1075,배상명령제도,social-1075,OWN_L6_TERM,6035,6,소분류: 사회법 / 주차: 19주차
1076,실체법,social-1076,OWN_L6_TERM,6036,6,소분류: 사회법 / 주차: 19주차
1077,절차법,social-1077,OWN_L6_TERM,6037,6,소분류: 사회법 / 주차: 19주차
1078,일반법,social-1078,OWN_L6_TERM,6038,6,소분류: 사회법 / 주차: 19주차
1079,특별법,social-1079,OWN_L6_TERM,6039,6,소분류: 사회법 / 주차: 19주차
1080,사회법,social-1080,ABSORBED_INTO_LOWER_LEVEL,5367,3,소분류: 우리 사회의 다양한 법 / 주차: 13주차 / 나선형 반복: L6
1081,노동법,social-1081,OWN_L6_TERM,6040,6,소분류: 사회법 / 주차: 19주차
1082,사회보장법,social-1082,OWN_L6_TERM,6041,6,소분류: 사회법 / 주차: 19주차
1083,경제법,social-1083,OWN_L6_TERM,6042,6,소분류: 사회법 / 주차: 19주차
1084,행정법,social-1084,OWN_L6_TERM,6043,6,소분류: 행정법 / 주차: 20주차
1085,행정행위,social-1085,OWN_L6_TERM,6044,6,소분류: 행정법 / 주차: 20주차
1086,행정지도,social-1086,OWN_L6_TERM,6045,6,소분류: 행정법 / 주차: 20주차
1087,행정구제제도,social-1087,OWN_L6_TERM,6046,6,소분류: 행정법 / 주차: 20주차
1088,행정쟁송제도,social-1088,OWN_L6_TERM,6047,6,소분류: 행정법 / 주차: 20주차
1089,행정심판,social-1089,OWN_L6_TERM,6048,6,소분류: 행정법 / 주차: 20주차
1090,행정소송,social-1090,OWN_L6_TERM,6049,6,소분류: 행정법 / 주차: 20주차
1091,김영란법,social-1091,OWN_L6_TERM,6050,6,소분류: 행정법 / 주차: 20주차
