source_entry_id,lemma,pos_draft,original_level_pkg,status,reason,candidate_sense_id,audit_verdict,audit_historic_candidate_sense_id,audit_atomic_definition,audit_source_definition,student_definition_draft,example_sentence_draft,literacy_db_term_id,literacy_db_source,literacy_db_pos,literacy_db_definition,literacy_db_review_status,literacy_db_level,literacy_db_all_matches_count,vocabulary_quiz_match
INTERNAL_ACADEMIC:Level4:63,원칙,명사,L4,FULL_MATCH,표제어·품사·핵심 뜻이 literacy.db 정의 및 822건 감사자료의 atomic_definition과 일치,AS_33a557d7fa3f62,SAME_SENSE_CANDIDATE,AS_33a557d7fa3f62,어떤 행동이나 이론 따위에서 일관되게 지켜야 하는 기본적인 규칙이나 법칙.,어떤 행동이나 이론 따위에서 일관되게 지켜야 하는 기본적인 규칙이나 법칙.,어떤 일을 할 때 계속 지켜야 하는 기본 규칙,우리 반은 의견이 달라도 끝까지 듣는다는 원칙을 정했습니다.,3964,schemareading-tooldict,명사,어떤 행동이나 이론 따위에서 일관되게 지켜야 하는 기본적인 규칙이나 법칙.,검수전,1,1,"NONE (0/5723, confirmed by direct query incl. inactive)"
INTERNAL_ACADEMIC:Level4:216,초기,명사,L4,FULL_MATCH,표제어·품사·핵심 뜻이 literacy.db 정의 및 822건 감사자료의 atomic_definition과 일치,AS_a532c86c96d9eb,SAME_SENSE_CANDIDATE,AS_a532c86c96d9eb,정해진 기간이나 일의 처음이 되는 때나 시기.,정해진 기간이나 일의 처음이 되는 때나 시기.,일이나 기간이 막 시작되는 때,모임 초기에는 서로 이름을 익히는 시간을 가졌습니다.,4561,schemareading-tooldict,명사,정해진 기간이나 일의 처음이 되는 떄나 시기.,검수전,2,1,"NONE (0/5723, confirmed by direct query incl. inactive)"
INTERNAL_ACADEMIC:Level4:54,연속,명사,L4,FULL_MATCH,표제어·품사·핵심 뜻이 literacy.db 정의 및 822건 감사자료의 atomic_definition과 일치,AS_175d1afca6edb4,SAME_SENSE_CANDIDATE,AS_175d1afca6edb4,끊이지 아니하고 죽 이어지거나 지속함.,끊이지 아니하고 죽 이어지거나 지속함.,끊어지지 않고 이어지는 일,사흘 연속 비가 내려 운동장이 젖었습니다.,4394,schemareading-tooldict,명사,끊이지 아니하고 죽 이어지거나 지속함.,검수전,2,1,"NONE (0/5723, confirmed by direct query incl. inactive)"
INTERNAL_ACADEMIC:Level4:207,착수,명사,L4,FULL_MATCH,표제어·품사·핵심 뜻이 literacy.db 정의 및 822건 감사자료의 atomic_definition과 일치,AS_1ed134ae08010c,SAME_SENSE_CANDIDATE,AS_1ed134ae08010c,어떤 일에 손을 댐. 또는 어떤 일을 시작함.,어떤 일에 손을 댐. 또는 어떤 일을 시작함.,어떤 일을 시작하여 손을 대는 것,도서관 공사가 다음 주에 착수될 예정입니다.,4813,schemareading-tooldict,명사,어떤 일에 손을 댐. 또는 어떤 일을 시작함.,검수전,4,1,"NONE (0/5723, confirmed by direct query incl. inactive)"
INTERNAL_ACADEMIC:Level4:279,한계,명사,L4,FULL_MATCH,표제어·품사·핵심 뜻이 literacy.db 정의 및 822건 감사자료의 atomic_definition과 일치,AS_bfdbfef1b3957d,SAME_SENSE_CANDIDATE,AS_bfdbfef1b3957d,"사물이나 능력, 책임 따위가 실제 작용할 수 있는 범위. 또는 그런 범위를 나타내는 선.","사물이나 능력, 책임 따위가 실제 작용할 수 있는 범위. 또는 그런 범위를 나타내는 선.",무엇을 할 수 있거나 영향을 미칠 수 있는 범위의 끝,혼자 옮길 수 있는 짐의 무게에는 한계가 있습니다.,4626,schemareading-tooldict,명사,"사물이나 능력, 책임 따위가 실제 작용할 수 있는 범위. 또는 그런 범위를 나타내는 선.",검수전,2,1,"NONE (0/5723, confirmed by direct query incl. inactive)"
INTERNAL_ACADEMIC:Level4:61,원인,명사,L4,FULL_MATCH,표제어·품사·핵심 뜻이 literacy.db 정의 및 822건 감사자료의 atomic_definition과 일치,AS_f72759cd3e7b8b,SAME_SENSE_CANDIDATE,AS_f72759cd3e7b8b,어떤 사물이나 상태를 변화시키거나 일으키게 하는 근본이 된 일이나 사건.,어떤 사물이나 상태를 변화시키거나 일으키게 하는 근본이 된 일이나 사건.,어떤 일이 일어나게 된 까닭,수도관이 얼어붙은 원인을 찾으려고 기온을 확인했습니다.,4415,schemareading-tooldict,명사,어떤 사물이나 상태를 변화시키거나 일으키게 하는 근본이 된 일이나 사건.,검수전,2,1,"NONE (0/5723, confirmed by direct query incl. inactive)"
INTERNAL_ACADEMIC:Level4:153,조치,명사,L4,FULL_MATCH,표제어·품사·핵심 뜻이 literacy.db 정의 및 822건 감사자료의 atomic_definition과 일치,AS_70446c5e519003,SAME_SENSE_CANDIDATE,AS_70446c5e519003,벌어지는 사태를 잘 살펴서 필요한 대책을 세워 행함. 또는 그 대책.,벌어지는 사태를 잘 살펴서 필요한 대책을 세워 행함. 또는 그 대책.,상황을 살펴보고 필요한 일을 하는 것,학교는 미끄러운 계단에 안전 표지를 붙이는 조치를 했습니다.,4794,schemareading-tooldict,명사,벌어지는 사태를 잘 살펴서 필요한 대책을 세워 행함. 또는 그 대책.,검수전,4,1,"NONE (0/5723, confirmed by direct query incl. inactive)"
INTERNAL_ACADEMIC:Level4:147,제한,명사,L4,FULL_MATCH,표제어·품사·핵심 뜻이 literacy.db 정의 및 822건 감사자료의 atomic_definition과 일치,AS_5f98828ddbce55,SAME_SENSE_CANDIDATE,AS_5f98828ddbce55,일정한 한도를 정하거나 그 한도를 넘지 못하게 막음. 또는 그렇게 정한 한계.,일정한 한도를 정하거나 그 한도를 넘지 못하게 막음. 또는 그렇게 정한 한계.,할 수 있는 양이나 범위를 정해 그 이상은 못 하게 하는 것,안전을 위해 체육관에 들어갈 수 있는 인원을 제한했습니다.,4511,schemareading-tooldict,명사,일정한 한도를 정하거나 그 한도를 넘지 못하게 막음. 또는 그렇게 정한 한계.,검수전,2,1,"NONE (0/5723, confirmed by direct query incl. inactive)"
INTERNAL_ACADEMIC:Level4:135,정지,명사,L4,FULL_MATCH,표제어·품사·핵심 뜻이 literacy.db 정의 및 822건 감사자료의 atomic_definition과 일치,AS_3cd0da267ea1f4,SAME_SENSE_CANDIDATE,AS_3cd0da267ea1f4,움직이고 있던 것이 멎거나 그침. 또는 중도에서 멎거나 그치게 함.,움직이고 있던 것이 멎거나 그침. 또는 중도에서 멎거나 그치게 함.,움직이던 것이 멈추는 것,갑작스러운 정지 때문에 버스 안의 사람들이 몸을 움츠렸습니다.,4500,schemareading-tooldict,명사,움직이고 있던 것이 멎거나 그침. 또는 중도에서 멎거나 그치게 함.,검수전,2,1,"NONE (0/5723, confirmed by direct query incl. inactive)"
INTERNAL_ACADEMIC:Level4:145,제외,명사,L4,FULL_MATCH,표제어·품사·핵심 뜻이 literacy.db 정의 및 822건 감사자료의 atomic_definition과 일치,AS_808bc3c7b9e8ab,SAME_SENSE_CANDIDATE,AS_808bc3c7b9e8ab,따로 떼어 내어 한데 헤아리지 않음.,따로 떼어 내어 한데 헤아리지 않음.,어떤 것을 따로 빼서 함께 세거나 다루지 않는 것,결석한 학생은 오늘 경기 인원에서 제외했습니다.,4508,schemareading-tooldict,명사,따로 떼어 내어 한데 헤아리지 않음.,검수전,2,1,"NONE (0/5723, confirmed by direct query incl. inactive)"
INTERNAL_ACADEMIC:Level4:138,제공,명사,L4,FULL_MATCH,표제어·품사·핵심 뜻이 literacy.db 정의 및 822건 감사자료의 atomic_definition과 일치,AS_cf8c24152472cd,SAME_SENSE_CANDIDATE,AS_cf8c24152472cd,무엇을 내주거나 갖다 바침.,무엇을 내주거나 갖다 바침.,필요한 물건이나 도움을 내어 주는 것,도서관은 독서 모임에 필요한 장소를 제공했습니다.,4504,schemareading-tooldict,명사,무엇을 내주거나 갖다 바침.,검수전,2,1,"NONE (0/5723, confirmed by direct query incl. inactive)"
INTERNAL_ACADEMIC:Level4:177,증대,명사,L4,FULL_MATCH,표제어·품사·핵심 뜻이 literacy.db 정의 및 822건 감사자료의 atomic_definition과 일치,AS_fe1da474145635,SAME_SENSE_CANDIDATE,AS_fe1da474145635,양이 많아지거나 규모가 커짐. 또는 양을 늘리거나 규모를 크게 함.,양이 많아지거나 규모가 커짐. 또는 양을 늘리거나 규모를 크게 함.,양이나 규모가 늘어나 더 커지는 것,이 안내판은 교통사고 위험의 증대를 막기 위해 세웠습니다.,4531,schemareading-tooldict,명사,양이 많아지거나 규모가 커짐. 또는 양을 늘리거나 규모를 크게 함.,검수전,2,1,"NONE (0/5723, confirmed by direct query incl. inactive)"
INTERNAL_ACADEMIC:Level4:201,질서,명사,L4,FULL_MATCH,표제어·품사·핵심 뜻이 literacy.db 정의 및 822건 감사자료의 atomic_definition과 일치,AS_fef3c80e0415ef,SAME_SENSE_CANDIDATE,AS_fef3c80e0415ef,혼란 없이 순조롭게 이루어지게 하는 사물의 순서나 차례.,혼란 없이 순조롭게 이루어지게 하는 사물의 순서나 차례,일이 뒤섞이지 않게 지켜지는 차례나 순서,학생들은 줄을 서서 질서를 지키며 강당에 들어갔습니다.,4547,schemareading-tooldict,명사,혼란 없이 순조롭게 이루어지게 하는 사물의 순서나 차례.,검수전,2,1,"NONE (0/5723, confirmed by direct query incl. inactive)"
INTERNAL_ACADEMIC:Level4:202,집단,명사,L4,FULL_MATCH,표제어·품사·핵심 뜻이 literacy.db 정의 및 822건 감사자료의 atomic_definition과 일치,AS_8fa8dff56de255,SAME_SENSE_CANDIDATE,AS_8fa8dff56de255,여럿이 모여 이룬 모임.,여럿이 모여 이룬 모임.,여러 사람이 모여 이룬 무리,합창단은 노래를 함께 부르려고 모인 집단입니다.,4812,schemareading-tooldict,명사,여럿이 모여 이룬 모임.,검수전,4,1,"NONE (0/5723, confirmed by direct query incl. inactive)"
INTERNAL_ACADEMIC:Level5:192,보기,명사,L5,FULL_MATCH,표제어·품사·핵심 뜻이 literacy.db 정의 및 822건 감사자료의 atomic_definition과 일치,AS_447306273101ed,SAME_SENSE_CANDIDATE,AS_447306273101ed,어떤 사실을 설명하거나 증명하기 위하여 내세워 보이는 대표적인 것.,어떤 사실을 설명하거나 증명하기 위하여 내세워 보이는 대표적인 것.,설명하려는 내용을 알기 쉽게 보여 주는 대표적인 사례,선생님은 물질이 변하는 모습을 설명하며 얼음이 녹는 현상을 보기로 들었습니다.,3842,schemareading-tooldict,명사,어떤 사실을 설명하거나 증명하기 위하여 내세워 보이는 대표적인 것.,검수전,1,1,"NONE (0/5723, confirmed by direct query incl. inactive)"
INTERNAL_ACADEMIC:Level5:61,규칙,명사,L5,FULL_MATCH,표제어·품사·핵심 뜻이 literacy.db 정의 및 822건 감사자료의 atomic_definition과 일치,AS_e0840c0ae128e4,SAME_SENSE_CANDIDATE,AS_e0840c0ae128e4,여러 사람이 다 같이 지키기로 작정한 법칙. 또는 제정된 질서.,여러 사람이 다 같이 지키기로 작정한 법칙. 또는 제정된 질서.,여러 사람이 함께 지키기로 정한 약속이나 질서,경기 전에 모두가 지킬 규칙을 다시 확인했습니다.,3749,schemareading-tooldict,명사,여러 사람이 다 같이 지키기로 작정한 법칙. 또는 제정된 질서.,검수전,1,1,"NONE (0/5723, confirmed by direct query incl. inactive)"
INTERNAL_ACADEMIC:Level5:108,대등,명사,L5,FULL_MATCH,표제어·품사·핵심 뜻이 literacy.db 정의 및 822건 감사자료의 atomic_definition과 일치,AS_f12f69d91a5e8e,SAME_SENSE_CANDIDATE,AS_f12f69d91a5e8e,서로 견주어 높고 낮음이나 낫고 못함이 없이 비슷함.,서로 견주어 높고 낮음이나 낫고 못함이 없이 비슷함.,서로 비교했을 때 어느 한쪽이 더 높거나 낮지 않은 상태,두 팀은 대등한 실력으로 마지막까지 경기를 이어 갔습니다.,4868,schemareading-tooldict,명사,서로 견주어 높고 낮음이나 낫고 못함이 없이 비슷함.,검수전,5,1,"NONE (0/5723, confirmed by direct query incl. inactive)"
INTERNAL_ACADEMIC:Level5:110,대립,명사,L5,FULL_MATCH,표제어·품사·핵심 뜻이 literacy.db 정의 및 822건 감사자료의 atomic_definition과 일치,AS_17fcf592afe52b,SAME_SENSE_CANDIDATE,AS_17fcf592afe52b,"의견이나 처지, 속성 따위가 서로 반대되거나 모순됨. 또는 그런 관계.","의견이나 처지, 속성 따위가 서로 반대되거나 모순됨. 또는 그런 관계.",생각이나 처지가 서로 반대되는 관계,운동장 사용 방법을 두고 두 의견이 대립했습니다.,4189,schemareading-tooldict,명사,"의견이나 처지, 속성 따위가 서로 반대되거나 모순됨. 또는 그런 관계.",검수전,2,1,"NONE (0/5723, confirmed by direct query incl. inactive)"
INTERNAL_ACADEMIC:Level5:181,배치,명사,L5,FULL_MATCH,표제어·품사·핵심 뜻이 literacy.db 정의 및 822건 감사자료의 atomic_definition과 일치,AS_fa074e6e164698,SAME_SENSE_CANDIDATE,AS_fa074e6e164698,사람이나 물자 따위를 일정한 자리에 나누어 둠.,사람이나 물자 따위를 일정한 자리에 나누어 둠.,사람이나 물건을 알맞은 자리에 나누어 두는 것,행사 담당자는 안내 학생을 출입구마다 배치했습니다.,4247,schemareading-tooldict,명사,사람이나 물자 따위를 일정한 자리에 나누어 둠.,검수전,2,1,"NONE (0/5723, confirmed by direct query incl. inactive)"
INTERNAL_ACADEMIC:Level5:58,규범,명사,L5,FULL_MATCH,표제어·품사·핵심 뜻이 literacy.db 정의 및 822건 감사자료의 atomic_definition과 일치,AS_97d39a273fde39,SAME_SENSE_CANDIDATE,AS_97d39a273fde39,인간이 행동하거나 판단할 때에 마땅히 따르고 지켜야 할 가치 판단의 기준.,인간이 행동하거나 판단할 때에 마땅히 따르고 지켜야 할 가치 판단의 기준.,무엇이 옳은지 판단하고 행동할 때 따라야 하는 기준,서로를 존중하는 것은 우리 모임의 중요한 규범입니다.,4140,schemareading-tooldict,명사,인간이 행동하거나 판단할 때에 마땅히 따르고 지켜야 할 가치 판단의 기준.,검수전,2,1,"NONE (0/5723, confirmed by direct query incl. inactive)"
INTERNAL_ACADEMIC:Level5:297,수립,명사,L5,FULL_MATCH,표제어·품사·핵심 뜻이 literacy.db 정의 및 822건 감사자료의 atomic_definition과 일치,AS_d230caec366cf0,SAME_SENSE_CANDIDATE,AS_d230caec366cf0,"국가나 정부, 제도, 계획 따위를 이룩하여 세움.","국가나 정부, 제도, 계획 따위를 이룩하여 세움.",계획이나 제도 등을 마련하여 세우는 것,학생회는 교실 에너지 절약 계획을 수립했습니다.,4350,schemareading-tooldict,명사,"국가나 정부, 제도, 계획 따위를 이룩하여 세움.",검수전,2,1,"NONE (0/5723, confirmed by direct query incl. inactive)"
INTERNAL_ACADEMIC:Level5:264,생략,명사,L5,FULL_MATCH,표제어·품사·핵심 뜻이 literacy.db 정의 및 822건 감사자료의 atomic_definition과 일치,AS_3bf43971493b8b,SAME_SENSE_CANDIDATE,AS_3bf43971493b8b,전체에서 일부를 줄이거나 뺌.,전체에서 일부를 줄이거나 뺌.,전체 내용에서 일부를 줄이거나 빼는 것,발표 시간이 짧아서 자세한 설명은 생략했습니다.,4324,schemareading-tooldict,명사,전체에서 일부를 줄이거나 뺌.,검수전,2,2,"NONE (0/5723, confirmed by direct query incl. inactive)"
INTERNAL_ACADEMIC:Level5:312,실시,명사,L5,FULL_MATCH,표제어·품사·핵심 뜻이 literacy.db 정의 및 822건 감사자료의 atomic_definition과 일치,AS_de3782b2f6441e,SAME_SENSE_CANDIDATE,AS_de3782b2f6441e,실제로 시행함.,실제로 시행함.,계획한 일을 실제로 하는 것,학교는 다음 달에 화재 대피 훈련을 실시합니다.,4364,schemareading-tooldict,명사,실제로 시행함.,검수전,2,1,"NONE (0/5723, confirmed by direct query incl. inactive)"
INTERNAL_ACADEMIC:Level4:231,추상,명사,L4,FULL_MATCH,표제어·품사·핵심 뜻이 literacy.db 정의 및 822건 감사자료의 atomic_definition과 일치,AS_05b77aa602a5e8,SAME_SENSE_CANDIDATE,AS_05b77aa602a5e8,여러 가지 사물이나 개념에서 공통되는 특성이나 속성 따위를 추출하여 파악하는 작용.,여러 가지 사물이나 개념에서 공통되는 특성이나 속성 따위를 추출하여 파악하는 작용.,여러 대상에서 공통된 특징만 뽑아 생각하는 것,여러 도형에서 크기를 빼고 모양의 공통점만 찾는 것은 추상의 한 방법입니다.,4576,schemareading-tooldict,명사,여러 가지 사물이나 개념에서 공통되는 특성이나 속성 따위를 추출하여 파악하는 작용.,검수전,2,1,"NONE (0/5723, confirmed by direct query incl. inactive)"
INTERNAL_ACADEMIC:Level4:160,주관,명사,L4,FULL_MATCH,표제어·품사·핵심 뜻이 literacy.db 정의 및 822건 감사자료의 atomic_definition과 일치,AS_0bb350c83794fc,SAME_SENSE_CANDIDATE,AS_0bb350c83794fc,자기만의 견해나 관점.,자기만의 견해나 관점.,자신이 대상을 바라보고 판단하는 생각이나 관점,나는 기록을 읽을 때 내 주관이 판단에 영향을 줄 수 있음을 생각했습니다.,4519,schemareading-tooldict,명사,자기만의 견해나 관점.,검수전,2,1,"NONE (0/5723, confirmed by direct query incl. inactive)"
INTERNAL_ACADEMIC:Level4:186,지점,명사,L4,FULL_MATCH,표제어·품사·핵심 뜻이 literacy.db 정의 및 822건 감사자료의 atomic_definition과 일치,AS_b1430b598eafdd,SAME_SENSE_CANDIDATE,AS_b1430b598eafdd,땅 위의 일정한 점.,땅 위의 일정한 점.,땅 위에서 위치를 가리키는 특정한 곳,조사팀은 강물이 갈라지는 지점에서 수질을 측정했습니다.,4537,schemareading-tooldict,명사,땅 위의 일정한 점.,검수전,2,1,"NONE (0/5723, confirmed by direct query incl. inactive)"
INTERNAL_ACADEMIC:Level4:86,인식,명사,L4,FULL_MATCH,표제어·품사·핵심 뜻이 literacy.db 정의 및 822건 감사자료의 atomic_definition과 일치,AS_363c835b548b19,SAME_SENSE_CANDIDATE,AS_363c835b548b19,사물을 분별하고 판단하여 앎.,사물을 분별하고 판단하여 앎.,대상을 알아보고 무엇인지 판단하는 것,처음에는 문제를 인식하지 못했지만 자료를 보고 원인을 찾아냈습니다.,4445,schemareading-tooldict,명사,사물을 분별하고 판단하여 앎.,검수전,2,1,"NONE (0/5723, confirmed by direct query incl. inactive)"
INTERNAL_ACADEMIC:Level4:168,준수,명사,L4,FULL_MATCH,표제어·품사·핵심 뜻이 literacy.db 정의 및 822건 감사자료의 atomic_definition과 일치,AS_ba52383212823f,SAME_SENSE_CANDIDATE,AS_ba52383212823f,"전례나 규칙, 명령 따위를 그대로 좇아서 지킴.","전례나 규칙, 명령 따위를 그대로 좇아서 지킴.",정해진 규칙이나 명령을 그대로 지키는 것,실험실에서는 안전 수칙을 준수해야 합니다.,4523,schemareading-tooldict,명사,"전례나 규칙, 명령 따위를 그대로 좇아서 지킴.",검수전,2,1,"NONE (0/5723, confirmed by direct query incl. inactive)"
INTERNAL_ACADEMIC:Level4:8,감소,명사,L4,FULL_MATCH,표제어·품사·핵심 뜻이 literacy.db 정의 및 822건 감사자료의 atomic_definition과 일치,AS_b2b0d28d8953bd,SAME_SENSE_CANDIDATE,AS_b2b0d28d8953bd,양이나 수치가 줆. 또는 양이나 수치를 줄임.,양이나 수치가 줆. 또는 양이나 수치를 줄임.,수나 양이 줄거나 줄어들게 하는 것,버스를 함께 타면 도로의 자동차 수가 감소할 수 있습니다.,4086,schemareading-tooldict,명사,양이나 수치가 줆. 또는 양이나 수치를 줄임.,검수전,2,1,"NONE (0/5723, confirmed by direct query incl. inactive)"
INTERNAL_ACADEMIC:Level4:158,종속,명사,L4,FULL_MATCH,표제어·품사·핵심 뜻이 literacy.db 정의 및 822건 감사자료의 atomic_definition과 일치,AS_30fa2bbc245168,SAME_SENSE_CANDIDATE,AS_30fa2bbc245168,자주성이 없이 주가 되는 것에 딸려 붙음.,자주성이 없이 주가 되는 것에 딸려 붙음.,스스로 결정하지 못하고 다른 것에 딸려 따르는 것,그 조직은 본부에 종속되어 중요한 일을 혼자 결정할 수 없습니다.,4796,schemareading-tooldict,명사,자주성이 없이 주가 되는 것에 딸려 붙음.,검수전,4,1,"NONE (0/5723, confirmed by direct query incl. inactive)"
INTERNAL_ACADEMIC:Level4:131,정상,명사,L4,FULL_MATCH,표제어·품사·핵심 뜻이 literacy.db 정의 및 822건 감사자료의 atomic_definition과 일치,AS_28c03854405549,SAME_SENSE_CANDIDATE,AS_28c03854405549,특별한 변동이나 탈이 없이 제대로인 상태.,특별한 변동이나 탈이 없이 제대로인 상태.,별다른 문제가 없이 제대로인 상태,전원을 다시 켜자 측정기가 정상 상태로 돌아왔습니다.,4787,schemareading-tooldict,명사,특별한 변동이나 탈이 없이 제대로인 상태.,검수전,4,1,"NONE (0/5723, confirmed by direct query incl. inactive)"
INTERNAL_ACADEMIC:Level4:283,합성,명사,L4,FULL_MATCH,표제어·품사·핵심 뜻이 literacy.db 정의 및 822건 감사자료의 atomic_definition과 일치,AS_e539bd810f7f9d,SAME_SENSE_CANDIDATE,AS_e539bd810f7f9d,둘 이상의 것을 합쳐서 하나를 이룸.,둘 이상의 것을 합쳐서 하나를 이룸.,둘 이상의 것을 합쳐 하나로 만드는 것,미술 시간에는 여러 사진을 합성하여 새로운 장면을 만들었습니다.,4827,schemareading-tooldict,명사,둘 이상의 것을 합쳐서 하나를 이룸.,검수전,4,1,"NONE (0/5723, confirmed by direct query incl. inactive)"
INTERNAL_ACADEMIC:Level4:224,최소,명사,L4,FULL_MATCH,표제어·품사·핵심 뜻이 literacy.db 정의 및 822건 감사자료의 atomic_definition과 일치,AS_73249029521dbe,SAME_SENSE_CANDIDATE,AS_73249029521dbe,수나 정도 따위가 가장 작음.,수나 정도 따위가 가장 작음.,"수나 크기, 정도가 가장 작은 것",배가 뜨려면 필요한 물의 양이 최소 얼마인지 실험했습니다.,4570,schemareading-tooldict,명사,수나 정도 따위가 가장 작음.,검수전,2,1,"NONE (0/5723, confirmed by direct query incl. inactive)"
INTERNAL_ACADEMIC:Level4:276,하위,명사,L4,FULL_MATCH,표제어·품사·핵심 뜻이 literacy.db 정의 및 822건 감사자료의 atomic_definition과 일치,AS_618bbe70663887,SAME_SENSE_CANDIDATE,AS_618bbe70663887,낮은 지위나 등급이나 위치.,낮은 지위나 등급이나 위치.,"지위나 등급, 위치가 더 낮은 쪽",이 표에서는 큰 주제 아래에 세부 항목을 하위 항목으로 적었습니다.,4825,schemareading-tooldict,명사,낮은 지위나 등급이나 위치.,검수전,4,1,"NONE (0/5723, confirmed by direct query incl. inactive)"
INTERNAL_ACADEMIC:Level4:280,한정,명사,L4,FULL_MATCH,표제어·품사·핵심 뜻이 literacy.db 정의 및 822건 감사자료의 atomic_definition과 일치,AS_1f6671e30786f4,SAME_SENSE_CANDIDATE,AS_1f6671e30786f4,수량이나 범위 따위를 제한하여 정함. 또는 그런 한도.,수량이나 범위 따위를 제한하여 정함. 또는 그런 한도.,수나 양 또는 다룰 수 있는 범위를 정해 두는 것,토론 시간은 모둠마다 십 분으로 한정했습니다.,4627,schemareading-tooldict,명사,수량이나 범위 따위를 제한하여 정함. 또는 그런 한도.,검수전,2,1,"NONE (0/5723, confirmed by direct query incl. inactive)"
INTERNAL_ACADEMIC:Level4:291,현실,명사,L4,FULL_MATCH,표제어·품사·핵심 뜻이 literacy.db 정의 및 822건 감사자료의 atomic_definition과 일치,AS_e0d4797681235f,SAME_SENSE_CANDIDATE,AS_e0d4797681235f,현재 실제로 존재하는 사실이나 상태.,현재 실제로 존재하는 사실이나 상태.,지금 실제로 있는 사실이나 상황,좋은 계획이라도 현실에서 가능한지 확인해야 합니다.,4641,schemareading-tooldict,명사,현재 실제로 존재하는 사실이나 상태.,검수전,2,1,"NONE (0/5723, confirmed by direct query incl. inactive)"
INTERNAL_ACADEMIC:Level4:314,획득,명사,L4,FULL_MATCH,표제어·품사·핵심 뜻이 literacy.db 정의 및 822건 감사자료의 atomic_definition과 일치,AS_7d15f6838e0c73,SAME_SENSE_CANDIDATE,AS_7d15f6838e0c73,얻어 내거나 얻어 가짐.,얻어 내거나 얻어 가짐.,노력하거나 움직여 원하는 것을 얻는 것,우리 팀은 꾸준히 연습해 결승전 출전권을 획득했습니다.,4663,schemareading-tooldict,명사,얻어 내거나 얻어 가짐.,검수전,2,1,"NONE (0/5723, confirmed by direct query incl. inactive)"
INTERNAL_ACADEMIC:Level4:282,합계,명사,L4,FULL_MATCH,표제어·품사·핵심 뜻이 literacy.db 정의 및 822건 감사자료의 atomic_definition과 일치,AS_d031ddafb7115c,SAME_SENSE_CANDIDATE,AS_d031ddafb7115c,한데 합하여 계산함. 또는 그런 수효.,한데 합하여 계산함. 또는 그런 수효.,여러 수를 한데 더하여 계산한 결과,모둠별 기부 금액의 합계를 칠판에 적었습니다.,4629,schemareading-tooldict,명사,한데 합하여 계산함. 또는 그런 수효.,검수전,2,1,"NONE (0/5723, confirmed by direct query incl. inactive)"
INTERNAL_ACADEMIC:Level4:116,적응,명사,L4,FULL_MATCH,표제어·품사·핵심 뜻이 literacy.db 정의 및 822건 감사자료의 atomic_definition과 일치,AS_01f25f3828864a,SAME_SENSE_CANDIDATE,AS_01f25f3828864a,일정한 조건이나 환경 따위에 맞추어 응하거나 알맞게 됨.,일정한 조건이나 환경 따위에 맞추어 응하거나 알맞게 됨.,주변 조건이나 환경에 알맞게 맞추어 가는 것,새 학교에 적응하려고 먼저 친구들의 이름을 익혔습니다.,4010,schemareading-tooldict,명사,일정한 조건이나 환경 따위에 맞추어 응하거나 알맞게 됨.,검수전,1,1,"NONE (0/5723, confirmed by direct query incl. inactive)"
INTERNAL_ACADEMIC:Level4:311,활성화,명사,L4,FULL_MATCH,표제어·품사·핵심 뜻이 literacy.db 정의 및 822건 감사자료의 atomic_definition과 일치,AS_a8f2e9675271ef,SAME_SENSE_CANDIDATE,AS_a8f2e9675271ef,사회나 조직 등의 기능이 활발함. 또는 그러한 기능을 활발하게 함.,사회나 조직 등의 기능이 활발함. 또는 그러한 기능을 활발하게 함.,사람이나 조직의 활동이 더 활발해지게 하는 것,도서관은 독서 모임 활성화를 위해 공간을 더 열었습니다.,4660,schemareading-tooldict,명사,사회나 조직 등의 기능이 활발함. 또는 그러한 기능을 활발하게 함.,검수전,2,1,"NONE (0/5723, confirmed by direct query incl. inactive)"
INTERNAL_ACADEMIC:Level4:206,차지,명사,L4,FULL_MATCH,표제어·품사·핵심 뜻이 literacy.db 정의 및 822건 감사자료의 atomic_definition과 일치,AS_a28800c4160bb7,SAME_SENSE_CANDIDATE,AS_a28800c4160bb7,"사물이나 공간, 지위 따위를 자기 몫으로 가짐. 또는 그 사물이나 공간.","사물이나 공간, 지위 따위를 자기 몫으로 가짐. 또는 그 사물이나 공간.",장소나 물건 또는 지위를 자기 몫으로 가지는 것,나무가 운동장 한쪽을 차지해 그늘을 만들었습니다.,4053,schemareading-tooldict,명사,"사물이나 공간, 지위 따위를 자기 몫으로 가짐. 또는 그 사물이나 공간.",검수전,1,1,"NONE (0/5723, confirmed by direct query incl. inactive)"
INTERNAL_ACADEMIC:Level4:77,유한,명사,L4,FULL_MATCH,표제어·품사·핵심 뜻이 literacy.db 정의 및 822건 감사자료의 atomic_definition과 일치,AS_24165d6bf74a3d,SAME_SENSE_CANDIDATE,AS_24165d6bf74a3d,"수(數), 양(量), 공간, 시간 따위에 일정한 한도나 한계가 있음.","수(數), 양(量), 공간, 시간 따위에 일정한 한도나 한계가 있음.","수나 양, 시간 등에 끝이 있는 상태",전시 공간은 유한하므로 모든 작품을 한 번에 걸 수 없습니다.,4427,schemareading-tooldict,명사,"수, 양, 공간, 시간 따위에 일정한 한도나 한계가 있음.",검수전,2,1,"NONE (0/5723, confirmed by direct query incl. inactive)"
INTERNAL_ACADEMIC:Level4:171,중복,명사,L4,FULL_MATCH,표제어·품사·핵심 뜻이 literacy.db 정의 및 822건 감사자료의 atomic_definition과 일치,AS_be6e567bed3845,SAME_SENSE_CANDIDATE,AS_be6e567bed3845,거듭하거나 겹침.,거듭하거나 겹침.,같은 것이 거듭되거나 서로 겹치는 것,명단에서 이름의 중복을 확인하고 한 번만 적었습니다.,4801,schemareading-tooldict,명사,거듭하거나 겹침.,검수전,4,1,"NONE (0/5723, confirmed by direct query incl. inactive)"
INTERNAL_ACADEMIC:Level4:305,확보,명사,L4,FULL_MATCH,표제어·품사·핵심 뜻이 literacy.db 정의 및 822건 감사자료의 atomic_definition과 일치,AS_419c74ab9b9742,SAME_SENSE_CANDIDATE,AS_419c74ab9b9742,확실히 보증하거나 가지고 있음.,확실히 보증하거나 가지고 있음.,필요한 것을 확실히 가지고 있거나 보장받는 것,대피 장소를 미리 확보해 두면 긴급할 때 도움이 됩니다.,4653,schemareading-tooldict,명사,확실히 보증하거나 가지고 있음.,검수전,2,1,"NONE (0/5723, confirmed by direct query incl. inactive)"
INTERNAL_ACADEMIC:Level4:57,예외,명사,L4,FULL_MATCH,표제어·품사·핵심 뜻이 literacy.db 정의 및 822건 감사자료의 atomic_definition과 일치,AS_02c05990065c2a,SAME_SENSE_CANDIDATE,AS_02c05990065c2a,일반적 규칙이나 정례에서 벗어나는 일.,일반적 규칙이나 정례에서 벗어나는 일.,보통 적용하는 규칙에서 벗어나는 경우,모두가 교실에서 시험을 보지만 몸이 아픈 학생에게는 예외를 두었습니다.,4400,schemareading-tooldict,명사,일반적 규칙이나 정례에서 벗어나는 일.,검수전,2,1,"NONE (0/5723, confirmed by direct query incl. inactive)"
INTERNAL_ACADEMIC:Level4:129,정기,명사,L4,FULL_MATCH,표제어·품사·핵심 뜻이 literacy.db 정의 및 822건 감사자료의 atomic_definition과 일치,AS_c28f196dc97c4a,SAME_SENSE_CANDIDATE,AS_c28f196dc97c4a,기한이나 기간이 일정하게 정하여져 있는 것. 또는 그 기한이나 기간.,기한이나 기간이 일정하게 정하여져 있는 것. 또는 그 기한이나 기간.,일정한 기간마다 되풀이하도록 정한 것,우리 반은 매달 첫째 주에 정기 모임을 엽니다.,4786,schemareading-tooldict,명사,기한이나 기간이 일정하게 정하여져 있는 것. 또는 그 기한이나 기간.,검수전,4,1,"NONE (0/5723, confirmed by direct query incl. inactive)"
INTERNAL_ACADEMIC:Level4:76,유추,명사,L4,FULL_MATCH,표제어·품사·핵심 뜻이 literacy.db 정의 및 822건 감사자료의 atomic_definition과 일치,AS_41ecf8b0baf993,SAME_SENSE_CANDIDATE,AS_41ecf8b0baf993,같은 종류의 것 또는 비슷한 것에 기초하여 다른 사물을 미루어 추측하는 일.,같은 종류의 것 또는 비슷한 것에 기초하여 다른 사물을 미루어 추측하는 일.,비슷한 점을 근거로 다른 일도 그럴 것이라 미루어 생각하는 것,다른 지역의 사례를 유추해 우리 마을에서도 비슷한 일이 일어날지 생각했습니다.,4767,schemareading-tooldict,명사,같은 종류의 것 또는 비슷한 것에 기초하여 다른 사물을 미루어 추측하는 일.,검수전,4,1,"NONE (0/5723, confirmed by direct query incl. inactive)"
INTERNAL_ACADEMIC:Level4:312,회복,명사,L4,FULL_MATCH,표제어·품사·핵심 뜻이 literacy.db 정의 및 822건 감사자료의 atomic_definition과 일치,AS_615b1b6954ae6f,SAME_SENSE_CANDIDATE,AS_615b1b6954ae6f,원래의 상태로 돌이키거나 원래의 상태를 되찾음.,원래의 상태로 돌이키거나 원래의 상태를 되찾음.,잃었거나 나빠졌던 상태를 다시 되찾는 것,물을 충분히 마시고 쉬니 몸 상태가 조금씩 회복됐습니다.,4661,schemareading-tooldict,명사,원래의 상태로 돌이키거나 원래의 상태를 되찾음.,검수전,2,1,"NONE (0/5723, confirmed by direct query incl. inactive)"
INTERNAL_ACADEMIC:Level5:233,사례,명사,L5,FULL_MATCH,표제어·품사·핵심 뜻이 literacy.db 정의 및 822건 감사자료의 atomic_definition과 일치,AS_3e44a3a65ba063,SAME_SENSE_CANDIDATE,AS_3e44a3a65ba063,어떤 일이 전에 실제로 일어난 예.,어떤 일이 전에 실제로 일어난 예.,전에 실제로 일어난 일을 보여 주는 예,발표자는 그 주장에 관련된 학교의 실제 사례를 소개했습니다.,3881,schemareading-tooldict,명사,어떤 일이 전에 실제로 일어난 예.,검수전,1,1,"NONE (0/5723, confirmed by direct query incl. inactive)"
INTERNAL_ACADEMIC:Level5:317,심리,명사,L5,FULL_MATCH,표제어·품사·핵심 뜻이 literacy.db 정의 및 822건 감사자료의 atomic_definition과 일치,AS_923e7024fda2b9,SAME_SENSE_CANDIDATE,AS_923e7024fda2b9,마음의 작용과 의식의 상태.,마음의 작용과 의식의 상태.,마음속에서 생각하고 느끼는 작용이나 상태,처음 무대에 오르는 사람의 심리를 살펴보는 글을 읽었습니다.,4373,schemareading-tooldict,명사,마음의 작용과 의식의 상태.,검수전,2,1,"NONE (0/5723, confirmed by direct query incl. inactive)"
INTERNAL_ACADEMIC:Level5:314,실패,명사,L5,FULL_MATCH,표제어·품사·핵심 뜻이 literacy.db 정의 및 822건 감사자료의 atomic_definition과 일치,AS_973562d223af5a,SAME_SENSE_CANDIDATE,AS_973562d223af5a,일을 잘못하여 뜻한 대로 되지 아니하거나 그르침.,일을 잘못하여 뜻한 대로 되지 아니하거나 그르침.,하려던 일을 뜻대로 이루지 못하는 것,첫 실험은 실패했지만 그 이유를 찾아 다시 시도했습니다.,4370,schemareading-tooldict,명사,일을 잘못하여 뜻한 대로 되지 아니하거나 그르침.,검수전,2,1,"NONE (0/5723, confirmed by direct query incl. inactive)"
INTERNAL_ACADEMIC:Level5:43,공유,명사,L5,FULL_MATCH,표제어·품사·핵심 뜻이 literacy.db 정의 및 822건 감사자료의 atomic_definition과 일치,AS_4f8bd03051c03f,SAME_SENSE_CANDIDATE,AS_4f8bd03051c03f,두 사람 이상이 한 물건을 공동으로 소유함.,두 사람 이상이 한 물건을 공동으로 소유함.,하나의 물건을 둘 이상이 함께 소유하는 것,동아리 두 팀은 같은 카메라를 공유하며 함께 관리했습니다.,4123,schemareading-tooldict,명사,두 사람 이상이 한 물건을 공동으로 소유함.,검수전,2,1,"NONE (0/5723, confirmed by direct query incl. inactive)"
INTERNAL_ACADEMIC:Level5:307,시각,명사,L5,FULL_MATCH,표제어·품사·핵심 뜻이 literacy.db 정의 및 822건 감사자료의 atomic_definition과 일치,AS_db6ae2e23ba323,SAME_SENSE_CANDIDATE,AS_db6ae2e23ba323,사물을 관찰하고 파악하는 기본적인 자세.,사물을 관찰하고 파악하는 기본적인 자세.,사물이나 문제를 바라보고 생각하는 관점,같은 사건도 서로 다른 시각에서 보면 해석이 달라질 수 있습니다.,3895,schemareading-tooldict,명사,사물을 관찰하고 파악하는 기본적인 자세.,검수전,1,2,"NONE (0/5723, confirmed by direct query incl. inactive)"
INTERNAL_ACADEMIC:Level5:210,부여,명사,L5,HEADWORD_ONLY_MATCH,표제어·품사는 일치하나 literacy.db 정의가 822건 감사자료의 source_definition/atomic_definition과 범위·표현이 달라 동일 의미로 자동 확정 불가(사람 재검수 필요),AS_01f26669a30ee5,SAME_SENSE_CANDIDATE,AS_01f26669a30ee5,나누어 줌.,나누어 줌.,누군가에게 역할이나 권한을 나누어 주는 것,모둠장은 각 사람에게 발표 준비 역할을 부여했습니다.,4275,schemareading-tooldict,명사,"사람에게 권리, 명예, 임무 따위를 지니도록 해주거나, 사물이나 일에 가치, 의의 따위를 붙여 줌.",검수전,2,1,"NONE (0/5723, confirmed by direct query incl. inactive)"
INTERNAL_ACADEMIC:Level5:302,수집,명사,L5,HEADWORD_ONLY_MATCH,표제어·품사는 일치하나 literacy.db 정의가 822건 감사자료의 source_definition/atomic_definition과 범위·표현이 달라 동일 의미로 자동 확정 불가(사람 재검수 필요),AS_1322d20112533b,SAME_SENSE_CANDIDATE,AS_1322d20112533b,거두어 모음.,거두어 모음.,여러 곳에서 필요한 것을 거두어 모으는 것,학생들은 지역 축제 자료를 수집해 전시판을 만들었습니다.,4354,schemareading-tooldict,명사,취미나 연구를 위하여 여러 가지 물건이나 재료를 찾아 모음. 또는 그 물건이나 재료.,검수전,2,1,"NONE (0/5723, confirmed by direct query incl. inactive)"
INTERNAL_ACADEMIC:Level5:242,사후,명사,L5,FULL_MATCH,표제어·품사·핵심 뜻이 literacy.db 정의 및 822건 감사자료의 atomic_definition과 일치,AS_a26865d00acec2,SAME_SENSE_CANDIDATE,AS_a26865d00acec2,일이 끝난 뒤. 또는 일을 끝낸 뒤.,일이 끝난 뒤. 또는 일을 끝낸 뒤.,어떤 일이 끝난 다음,안전 교육은 활동을 시작하기 전과 사후에 모두 진행됐습니다.,4920,schemareading-tooldict,명사,일이 끝난 뒤. 또는 일을 끝낸 뒤.,검수전,5,1,"NONE (0/5723, confirmed by direct query incl. inactive)"
INTERNAL_ACADEMIC:Level5:87,논란,명사,L5,FULL_MATCH,표제어·품사·핵심 뜻이 literacy.db 정의 및 822건 감사자료의 atomic_definition과 일치,AS_c1500f568b8f70,SAME_SENSE_CANDIDATE,AS_c1500f568b8f70,여럿이 서로 다른 주장을 내며 다툼.,여럿이 서로 다른 주장을 내며 다툼.,사람들이 서로 다른 주장을 내세워 다투는 일,운동장 사용 시간을 두고 학생들 사이에서 논란이 일었습니다.,4170,schemareading-tooldict,명사,여럿이 서로 다른 주장을 내며 다툼.,검수전,2,1,"NONE (0/5723, confirmed by direct query incl. inactive)"
INTERNAL_ACADEMIC:Level5:204,본론,명사,L5,FULL_MATCH,표제어·품사·핵심 뜻이 literacy.db 정의 및 822건 감사자료의 atomic_definition과 일치,AS_f0aacb36bdff8d,SAME_SENSE_CANDIDATE,AS_f0aacb36bdff8d,말이나 글에서 주장이 있는 부분.,말이나 글에서 주장이 있는 부분.,글이나 말에서 핵심 주장과 설명을 펼치는 부분,발표의 본론에서는 조사 결과와 그 까닭을 설명했습니다.,4904,schemareading-tooldict,명사,말이나 글에서 주장이 있는 부분.,검수전,5,1,"NONE (0/5723, confirmed by direct query incl. inactive)"
INTERNAL_ACADEMIC:Level5:25,검토,명사,L5,FULL_MATCH,표제어·품사·핵심 뜻이 literacy.db 정의 및 822건 감사자료의 atomic_definition과 일치,AS_caea734011beba,SAME_SENSE_CANDIDATE,AS_caea734011beba,어떤 사실이나 내용을 분석하여 따짐.,어떤 사실이나 내용을 분석하여 따짐.,내용을 자세히 살펴보고 맞는지 따져 보는 것,모둠은 설문 결과를 검토한 뒤 발표 자료를 고쳤습니다.,4102,schemareading-tooldict,명사,어떤 사실이나 내용을 분석하여 따짐.,검수전,2,1,"NONE (0/5723, confirmed by direct query incl. inactive)"
INTERNAL_ACADEMIC:Level5:64,근접,명사,L5,FULL_MATCH,표제어·품사·핵심 뜻이 literacy.db 정의 및 822건 감사자료의 atomic_definition과 일치,AS_66ca2ce7589837,SAME_SENSE_CANDIDATE,AS_66ca2ce7589837,가까이 접근함.,가까이 접근함.,어떤 곳이나 대상에 가까이 다가가는 것,관측선은 섬에 근접했지만 안전한 거리를 유지했습니다.,4146,schemareading-tooldict,명사,가까이 근접함.,검수전,2,1,"NONE (0/5723, confirmed by direct query incl. inactive)"
INTERNAL_ACADEMIC:Level5:202,복합,명사,L5,FULL_MATCH,표제어·품사·핵심 뜻이 literacy.db 정의 및 822건 감사자료의 atomic_definition과 일치,AS_2cc74a25d660f9,SAME_SENSE_CANDIDATE,AS_2cc74a25d660f9,두 가지 이상이 하나로 합침. 또는 두 가지 이상을 하나로 합침.,두 가지 이상이 하나로 합침. 또는 두 가지 이상을 하나로 합침.,두 가지 이상이 합쳐져 하나를 이루는 것,우리 반은 음악과 연기를 복합한 공연을 준비했습니다.,4269,schemareading-tooldict,명사,두 가지 이상이 하나로 합침. 또는 두 가지 이상을 하나로 합침.,검수전,2,1,"NONE (0/5723, confirmed by direct query incl. inactive)"
INTERNAL_ACADEMIC:Level5:174,방안,명사,L5,FULL_MATCH,표제어·품사·핵심 뜻이 literacy.db 정의 및 822건 감사자료의 atomic_definition과 일치,AS_c0fe4f43b1dc1d,SAME_SENSE_CANDIDATE,AS_c0fe4f43b1dc1d,일을 처리하거나 해결하여 나갈 방법이나 계획.,일을 처리하거나 해결하여 나갈 방법이나 계획.,일을 처리하거나 문제를 풀기 위한 방법이나 계획,학생회는 쓰레기를 줄일 방안을 함께 찾았습니다.,4244,schemareading-tooldict,명사,일을 처리하거나 해결하여 나갈 방법이나 계획.,검수전,2,1,"NONE (0/5723, confirmed by direct query incl. inactive)"
INTERNAL_ACADEMIC:Level5:12,간섭,명사,L5,FULL_MATCH,표제어·품사·핵심 뜻이 literacy.db 정의 및 822건 감사자료의 atomic_definition과 일치,AS_05fd914d40b771,SAME_SENSE_CANDIDATE,AS_05fd914d40b771,직접 관계가 없는 남의 일에 부당하게 참견함.,직접 관계가 없는 남의 일에 부당하게 참견함.,관련 없는 남의 일에 부당하게 끼어드는 것,다른 모둠의 선택에 함부로 간섭하지 않기로 했습니다.,4082,schemareading-tooldict,명사,직접 관계가 없는 남의 일에 부당하게 참견함.,검수전,2,1,"NONE (0/5723, confirmed by direct query incl. inactive)"
INTERNAL_ACADEMIC:Level5:156,무형,명사,L5,FULL_MATCH,표제어·품사·핵심 뜻이 literacy.db 정의 및 822건 감사자료의 atomic_definition과 일치,AS_d2cf0fd6aca75d,SAME_SENSE_CANDIDATE,AS_d2cf0fd6aca75d,형상이나 형체가 없음.,형상이나 형체가 없음.,눈에 보이는 일정한 모양이나 형태가 없는 것,고마움은 눈에 보이지 않아도 전할 수 있는 무형의 마음입니다.,4227,schemareading-tooldict,명사,형상이나 형체가 없음.,검수전,2,1,"NONE (0/5723, confirmed by direct query incl. inactive)"
INTERNAL_ACADEMIC:Level5:89,논술,명사,L5,FULL_MATCH,표제어·품사·핵심 뜻이 literacy.db 정의 및 822건 감사자료의 atomic_definition과 일치,AS_685c285f601080,SAME_SENSE_CANDIDATE,AS_685c285f601080,어떤 것에 관하여 의견을 논리적으로 서술함. 또는 그런 서술.,어떤 것에 관하여 의견을 논리적으로 서술함. 또는 그런 서술.,어떤 주제에 대한 생각을 근거를 들어 논리적으로 쓰는 것,학생들은 환경 보호에 관한 논술을 쓰면서 자료를 근거로 들었습니다.,4859,schemareading-tooldict,명사,어떤 것에 관하여 의견을 논리적으로 서술함. 또는 그런 서술.,검수전,5,1,"NONE (0/5723, confirmed by direct query incl. inactive)"
INTERNAL_ACADEMIC:Level5:206,부가,명사,L5,FULL_MATCH,표제어·품사·핵심 뜻이 literacy.db 정의 및 822건 감사자료의 atomic_definition과 일치,AS_974c1db868ef70,SAME_SENSE_CANDIDATE,AS_974c1db868ef70,주된 것에 덧붙임.,주된 것에 덧붙임.,주된 것에 다른 것을 더 보태는 것,설명에 그림을 부가하면 내용을 이해하기 쉬워집니다.,4906,schemareading-tooldict,명사,주된 것에 덧붙임.,검수전,5,1,"NONE (0/5723, confirmed by direct query incl. inactive)"
INTERNAL_ACADEMIC:Level5:172,발휘,명사,L5,FULL_MATCH,표제어·품사·핵심 뜻이 literacy.db 정의 및 822건 감사자료의 atomic_definition과 일치,AS_ef17dc1fdf7185,SAME_SENSE_CANDIDATE,AS_ef17dc1fdf7185,"재능, 능력 따위를 떨치어 나타냄.","재능, 능력 따위를 떨치어 나타냄.",가지고 있는 능력이나 재주를 드러내어 쓰는 것,학생들은 합창 발표에서 연습한 실력을 발휘했습니다.,4242,schemareading-tooldict,명사,"재능, 능력 따위를 떨치어 나타냄.",검수전,2,1,"NONE (0/5723, confirmed by direct query incl. inactive)"
INTERNAL_ACADEMIC:Level5:106,대규모,명사,L5,FULL_MATCH,표제어·품사·핵심 뜻이 literacy.db 정의 및 822건 감사자료의 atomic_definition과 일치,AS_e9ab7522b2d470,SAME_SENSE_CANDIDATE,AS_e9ab7522b2d470,넓고 큰 범위나 크기.,넓고 큰 범위나 크기.,범위나 크기가 매우 큰 것,마을 전체가 참여하는 대규모 축제가 열렸습니다.,4186,schemareading-tooldict,명사,넓고 큰 범위나 크기.,검수전,2,1,"NONE (0/5723, confirmed by direct query incl. inactive)"
INTERNAL_ACADEMIC:Level5:52,구역,명사,L5,FULL_MATCH,표제어·품사·핵심 뜻이 literacy.db 정의 및 822건 감사자료의 atomic_definition과 일치,AS_2f44e64ade487e,SAME_SENSE_CANDIDATE,AS_2f44e64ade487e,갈라놓은 지역.,갈라 놓은 지역.,일정한 기준에 따라 나누어 놓은 지역,행사장에서는 체험 구역과 휴식 구역을 따로 표시했습니다.,4133,schemareading-tooldict,명사,갈라놓은 지역.,검수전,2,1,"NONE (0/5723, confirmed by direct query incl. inactive)"
INTERNAL_ACADEMIC:Level5:215,부족,명사,L5,FULL_MATCH,표제어·품사·핵심 뜻이 literacy.db 정의 및 822건 감사자료의 atomic_definition과 일치,AS_4a44486991162c,SAME_SENSE_CANDIDATE,AS_4a44486991162c,필요한 양이나 기준에 미치지 못해 충분하지 아니함.,필요한 양이나 기준에 미치지 못해 충분하지 아니함.,필요한 양이나 기준보다 모자라는 것,연습 시간이 부족해 공연 순서를 한 번 더 맞춰 보지 못했습니다.,3864,schemareading-tooldict,명사,필요한 양이나 기준에 미치지 못해 충분하지 아니함.,검수전,1,1,"NONE (0/5723, confirmed by direct query incl. inactive)"
INTERNAL_ACADEMIC:Level5:20,개요,명사,L5,FULL_MATCH,표제어·품사·핵심 뜻이 literacy.db 정의 및 822건 감사자료의 atomic_definition과 일치,AS_c8d127712110fc,SAME_SENSE_CANDIDATE,AS_c8d127712110fc,간결하게 추려 낸 주요 내용.,간결하게 추려 낸 주요 내용.,긴 내용에서 중요한 점만 간추려 놓은 것,보고서의 개요를 먼저 읽고 조사 목적을 확인했습니다.,4092,schemareading-tooldict,명사,간결하게 추려 낸 주요 내용.,검수전,2,1,"NONE (0/5723, confirmed by direct query incl. inactive)"
INTERNAL_ACADEMIC:Level5:282,성향,명사,L5,FULL_MATCH,표제어·품사·핵심 뜻이 literacy.db 정의 및 822건 감사자료의 atomic_definition과 일치,AS_a39b66acae0a38,SAME_SENSE_CANDIDATE,AS_a39b66acae0a38,성질에 따른 경향.,성질에 따른 경향.,사람이나 사물이 자주 보이는 성질이나 경향,그 학생은 새로운 방법을 먼저 시험해 보는 성향이 있습니다.,4934,schemareading-tooldict,명사,성질에 따른 경향.,검수전,5,1,"NONE (0/5723, confirmed by direct query incl. inactive)"
INTERNAL_ACADEMIC:Level5:251,상상,명사,L5,FULL_MATCH,표제어·품사·핵심 뜻이 literacy.db 정의 및 822건 감사자료의 atomic_definition과 일치,AS_3805a56252f18b,SAME_SENSE_CANDIDATE,AS_3805a56252f18b,실제로 경험하지 않은 현상이나 사물에 대하여 마음속으로 그려 봄.,실제로 경험하지 않은 현상이나 사물에 대하여 마음속으로 그려 봄.,실제로 보거나 겪지 않은 일을 마음속에 그려 보는 것,우리는 미래의 도시 모습을 상상하며 그림을 그렸습니다.,3872,schemareading-tooldict,명사,실제로 경험하지 않은 현상이나 사물에 대하여 마음속으로 그려 봄.,검수전,1,1,"NONE (0/5723, confirmed by direct query incl. inactive)"
