headword,vocab_content_id,vocab_lemma,vocab_pos,vocab_canonical_definition,literacy_term_id,literacy_headword,literacy_pos,literacy_definition,literacy_source,literacy_level,vocab_current_level,vocab_level_status,cardinality,status,evidence
가파르다,SC_V192_B002_005,가파르다,형용사,산이나 길이 몹시 기울어져 있다.,3198,가파르다,형용사,경사가 심하게 기울어져 있다.,momo-textbook,0,0,PROVISIONAL_AUTO,1:1,APPROVABLE_CANDIDATE,CHAR_JACCARD=0.40 - 문자열은 다르지만 에이전트가 두 정의를 직접 대조한 결과 같은 의미의 패러프레이즈로 판단 (세부 근거는 보고서 본문 표 참고).
간청하다,SC_V1916_B016_015,간청하다,동사,간절히 청하다.,2975,간청하다,동사,간절히 청하다.,momo-textbook,1,2,REVIEW_BOUNDARY,1:1,APPROVABLE_CANDIDATE,"V canonical_definition과 S definition 문자열이 완전히 동일 (에이전트가 직접 대조, 동일 의미로 판단)."
개과천선,SC_V1917_B017_021,개과천선,명사,지난날의 잘못이나 허물을 고쳐 올바르고 착하게 됨.,7101,개과천선,,지난날의 잘못이나 허물을 고쳐 올바르고 착하게 됨.,sajaseongeo-pdf,2,3,PROVISIONAL_AUTO,1:1,APPROVABLE_CANDIDATE,"V canonical_definition과 S definition 문자열이 완전히 동일 (에이전트가 직접 대조, 동일 의미로 판단)."
거들떠보다,SC_V1918_B018_004,거들떠보다,동사,알은체를 하거나 관심 있게 보다.,3261,거들떠보다,동사,알은체를 하거나 관심 있게 보다.,momo-textbook,1,1,REVIEW_BOUNDARY,1:1,APPROVABLE_CANDIDATE,"V canonical_definition과 S definition 문자열이 완전히 동일 (에이전트가 직접 대조, 동일 의미로 판단)."
거들먹거리다,SC_V1918_B018_005,거들먹거리다,동사,신이 나서 잘난 체하며 자꾸 함부로 거만하게 행동하다.,3294,거들먹거리다,동사,신이 나서 잘난 체하며 자꾸 함부로 거만하게 행동하다.,momo-textbook,1,3,PROVISIONAL_AUTO,1:1,APPROVABLE_CANDIDATE,"V canonical_definition과 S definition 문자열이 완전히 동일 (에이전트가 직접 대조, 동일 의미로 판단)."
검소하다,SC_V1919_B019_029,검소하다,형용사,사치하지 않고 꾸밈없이 수수하다.,3269,검소하다,형용사,사치하지 않고 꾸밈없이 수수하다.,momo-textbook,1,3,PROVISIONAL_AUTO,1:1,APPROVABLE_CANDIDATE,"V canonical_definition과 S definition 문자열이 완전히 동일 (에이전트가 직접 대조, 동일 의미로 판단)."
겨우내,SC_V1920_B020_011,겨우내,부사,한겨울 동안 계속해서.,3508,겨우내,부사,겨울 동안 내내.,momo-textbook,0,1,PROVISIONAL_AUTO,1:1,APPROVABLE_CANDIDATE,CHAR_JACCARD=0.50 - 문자열은 다르지만 에이전트가 두 정의를 직접 대조한 결과 같은 의미의 패러프레이즈로 판단 (세부 근거는 보고서 본문 표 참고).
겸연쩍다,SC_V1920_B020_037,겸연쩍다,형용사,쑥스럽거나 미안하여 어색하다.,3609,겸연쩍다,형용사,쑥스럽거나 미안하여 어색하다.,momo-textbook,1,2,REVIEW_BOUNDARY,1:1,APPROVABLE_CANDIDATE,"V canonical_definition과 S definition 문자열이 완전히 동일 (에이전트가 직접 대조, 동일 의미로 판단)."
경솔하다,SC_V1921_B021_004,경솔하다,형용사,말이나 행동이 조심성 없이 가볍다.,3613,경솔하다,형용사,말이나 행동이 조심성 없이 가볍다.,momo-textbook,1,1,PROVISIONAL_AUTO,1:1,APPROVABLE_CANDIDATE,"V canonical_definition과 S definition 문자열이 완전히 동일 (에이전트가 직접 대조, 동일 의미로 판단)."
경쾌하다,SC_V1921_B021_019,경쾌하다,형용사,"움직임이나 모습, 기분 따위가 가볍고 상쾌하다.",3691,경쾌하다,형용사,"움직임이나 모습, 기분 등이 가볍고 즐겁다.",momo-textbook,0,3,PROVISIONAL_AUTO,1:1,APPROVABLE_CANDIDATE,CHAR_JACCARD=0.67 - 문자열은 다르지만 에이전트가 두 정의를 직접 대조한 결과 같은 의미의 패러프레이즈로 판단 (세부 근거는 보고서 본문 표 참고).
계략,SC_V1921_B021_027,계략,명사,어떤 일을 이루기 위한 꾀나 수단.,3347,계략,명사,어떤 일을 이루기 위한 꾀나 수단.,momo-textbook,2,1,PROVISIONAL_AUTO,1:1,APPROVABLE_CANDIDATE,"V canonical_definition과 S definition 문자열이 완전히 동일 (에이전트가 직접 대조, 동일 의미로 판단)."
계몽,SC_V1921_B021_030,계몽,명사,지식수준이 낮거나 인습에 젖은 사람을 가르쳐서 깨우침.,3034,계몽,명사,지식 수준이 낮거나 옛 풍습에 젖은 사람을 가르쳐서 깨우침.,momo-textbook,2,3,PROVISIONAL_AUTO,1:1,APPROVABLE_CANDIDATE,CHAR_JACCARD=0.89 - 문자열은 다르지만 에이전트가 두 정의를 직접 대조한 결과 같은 의미의 패러프레이즈로 판단 (세부 근거는 보고서 본문 표 참고).
고달프다,SC_V1922_B022_007,고달프다,형용사,몸이나 처지가 몹시 고단하다.,3306,고달프다,형용사,몸이나 처지가 몹시 고단하다.,momo-textbook,1,1,PROVISIONAL_AUTO,1:1,APPROVABLE_CANDIDATE,"V canonical_definition과 S definition 문자열이 완전히 동일 (에이전트가 직접 대조, 동일 의미로 판단)."
고지식하다,SC_V1922_B022_045,고지식하다,형용사,성질이 외곬으로 곧아 융통성이 없다.,3532,고지식하다,형용사,성격이 바르고 곧아 융통성이 없다.,momo-textbook,0,3,PROVISIONAL_AUTO,1:1,APPROVABLE_CANDIDATE,CHAR_JACCARD=0.53 - 문자열은 다르지만 에이전트가 두 정의를 직접 대조한 결과 같은 의미의 패러프레이즈로 판단 (세부 근거는 보고서 본문 표 참고).
고진감래,SC_V1922_B022_046,고진감래,명사,"쓴 것이 다하면 단 것이 온다는 뜻으로, 고생 끝에 즐거움이 옴을 이르는 말.",7115,고진감래,,"쓴 것이 다하면 단 것이 온다는 뜻으로, 고생 끝에 즐거움이 옴을 이르는 말.",sajaseongeo-pdf,2,3,PROVISIONAL_AUTO,1:1,APPROVABLE_CANDIDATE,"V canonical_definition과 S definition 문자열이 완전히 동일 (에이전트가 직접 대조, 동일 의미로 판단)."
곤란하다,SC_V192_B002_037,곤란하다,형용사,사정이 몹시 딱하고 어렵다.,3515,곤란하다,형용사,사정이 몹시 어렵고 난처하다.,momo-textbook,0,0,PROVISIONAL_AUTO,1:1,APPROVABLE_CANDIDATE,CHAR_JACCARD=0.80 - 문자열은 다르지만 에이전트가 두 정의를 직접 대조한 결과 같은 의미의 패러프레이즈로 판단 (세부 근거는 보고서 본문 표 참고).
골똘히,SC_V1923_B023_009,골똘히,부사,한 가지 일에 온 정신을 쏟아 딴생각이 없이.,3264,골똘히,부사,한 가지 일에 온 정신을 쏟아 딴생각이 없이.,momo-textbook,1,1,PROVISIONAL_AUTO,1:1,APPROVABLE_CANDIDATE,"V canonical_definition과 S definition 문자열이 완전히 동일 (에이전트가 직접 대조, 동일 의미로 판단)."
공교롭다,SC_V1923_B023_036,공교롭다,형용사,생각지 않았거나 뜻하지 않았던 사실이나 사건과 우연히 마주치게 된 것이 기이하다고 할 만하다.,3335,공교롭다,형용사,"생각지 않았거나 뜻하지 않았던 사실이나 사건과 우연히 마주치게
된 것이 신기하다고 할 만하다.",momo-textbook,1,1,PROVISIONAL_AUTO,1:1,APPROVABLE_CANDIDATE,CHAR_JACCARD=0.94 - 문자열은 다르지만 에이전트가 두 정의를 직접 대조한 결과 같은 의미의 패러프레이즈로 판단 (세부 근거는 보고서 본문 표 참고).
공들이다,SC_V1923_B023_042,공들이다,동사,어떤 일을 이루는 데 정성과 노력을 많이 들이다.,2976,공들이다,동사,어떤 일을 이루는 데 정성과 노력을 많이 들이다.,momo-textbook,1,1,PROVISIONAL_AUTO,1:1,APPROVABLE_CANDIDATE,"V canonical_definition과 S definition 문자열이 완전히 동일 (에이전트가 직접 대조, 동일 의미로 판단)."
공손하다,SC_V192_B002_047,공손하다,형용사,말이나 행동이 겸손하고 예의 바르다.,3259,공손하다,형용사,말이나 행동이 겸손하고 예의 바르다,momo-textbook,1,0,PROVISIONAL_AUTO,1:1,APPROVABLE_CANDIDATE,CHAR_JACCARD=0.94 - 문자열은 다르지만 에이전트가 두 정의를 직접 대조한 결과 같은 의미의 패러프레이즈로 판단 (세부 근거는 보고서 본문 표 참고).
공터,SC_V1924_B024_014,공터,명사,집이나 밭 따위가 없는 비어 있는 땅.,3256,공터,명사,집이나 밭 등이 없는 빈 땅.,momo-textbook,0,1,PROVISIONAL_AUTO,1:1,APPROVABLE_CANDIDATE,CHAR_JACCARD=0.53 - 문자열은 다르지만 에이전트가 두 정의를 직접 대조한 결과 같은 의미의 패러프레이즈로 판단 (세부 근거는 보고서 본문 표 참고).
기꺼이,SC_V193_B003_023,기꺼이,부사,마음속으로 은근히 기쁘게.,3249,기꺼이,부사,기쁜 마음으로.,momo-textbook,0,0,PROVISIONAL_AUTO,1:1,APPROVABLE_CANDIDATE,CHAR_JACCARD=0.50 - 문자열은 다르지만 에이전트가 두 정의를 직접 대조한 결과 같은 의미의 패러프레이즈로 판단 (세부 근거는 보고서 본문 표 참고).
기리다,SC_V1930_B030_007,기리다,동사,"뛰어난 업적이나 바람직한 정신, 위대한 사람 따위를 칭찬하고 기억하다.",2894,기리다,동사,"뛰어난 업적이나 본받을 만한 정신, 위대한 사람 등을 칭찬하고 기억하다.",momo-textbook,0,3,PROVISIONAL_AUTO,1:1,APPROVABLE_CANDIDATE,CHAR_JACCARD=0.73 - 문자열은 다르지만 에이전트가 두 정의를 직접 대조한 결과 같은 의미의 패러프레이즈로 판단 (세부 근거는 보고서 본문 표 참고).
긷다,SC_V1930_B030_048,긷다,동사,우물이나 샘 따위에서 두레박이나 바가지 따위로 물을 떠내다.,3593,긷다,동사,우물이나 샘 따위에서 두레박이나 바가지 따위로 물을 떠내다.,momo-textbook,1,1,PROVISIONAL_AUTO,1:1,APPROVABLE_CANDIDATE,"V canonical_definition과 S definition 문자열이 완전히 동일 (에이전트가 직접 대조, 동일 의미로 판단)."
깍듯이,SC_V1931_B031_017,깍듯이,부사,분명하게 예의범절을 갖추는 태도로.,3398,깍듯이,부사,예의를 분명하게 갖춘 태도로.,momo-textbook,2,1,PROVISIONAL_AUTO,1:1,APPROVABLE_CANDIDATE,CHAR_JACCARD=0.63 - 문자열은 다르지만 에이전트가 두 정의를 직접 대조한 결과 같은 의미의 패러프레이즈로 판단 (세부 근거는 보고서 본문 표 참고).
깡그리,SC_V1931_B031_024,깡그리,부사,하나도 남김없이.,3557,깡그리,부사,하나도 남김없이.,momo-textbook,1,1,PROVISIONAL_AUTO,1:1,APPROVABLE_CANDIDATE,"V canonical_definition과 S definition 문자열이 완전히 동일 (에이전트가 직접 대조, 동일 의미로 판단)."
께름칙하다,SC_V1931_B031_035,께름칙하다,형용사,마음에 걸려서 언짢고 싫은 느낌이 꽤 있다.,3601,께름칙하다,형용사,마음에 걸려서 언짢고 싫은 느낌이 있다.,momo-textbook,1,3,PROVISIONAL_AUTO,1:1,APPROVABLE_CANDIDATE,CHAR_JACCARD=0.95 - 문자열은 다르지만 에이전트가 두 정의를 직접 대조한 결과 같은 의미의 패러프레이즈로 판단 (세부 근거는 보고서 본문 표 참고).
꿍꿍이속,SC_V1932_B032_032,꿍꿍이속,명사,남에게 드러내 보이지 아니하고 어떤 일을 꾸며 도무지 모를 셈속.,3381,꿍꿍이속,명사,"남에게 드러내 보이지 아니하고 어떤 일을 꾸며 도무지 모를 셈
속.",momo-textbook,2,3,PROVISIONAL_AUTO,1:1,APPROVABLE_CANDIDATE,CHAR_JACCARD=0.96 - 문자열은 다르지만 에이전트가 두 정의를 직접 대조한 결과 같은 의미의 패러프레이즈로 판단 (세부 근거는 보고서 본문 표 참고).
납득하다,SC_V1934_B034_018,납득하다,동사,"다른 사람의 말이나 행동, 형편 따위를 잘 알아서 긍정하고 이해하다.",3018,납득하다,동사,"다른 사람의 말이나 행동, 형편 따위를 잘 알아서 긍정하고 이해
하다.",momo-textbook,1,3,PROVISIONAL_AUTO,1:1,APPROVABLE_CANDIDATE,CHAR_JACCARD=0.96 - 문자열은 다르지만 에이전트가 두 정의를 직접 대조한 결과 같은 의미의 패러프레이즈로 판단 (세부 근거는 보고서 본문 표 참고).
낭패,SC_V1934_B034_029,낭패,명사,계획한 일이 실패로 돌아가거나 기대에 어긋나 매우 딱하게 됨.,3577,낭패,명사,계획한 일이 실패로 돌아가거나 기대에 어긋나 매우 딱하게 됨.,momo-textbook,1,1,PROVISIONAL_AUTO,1:1,APPROVABLE_CANDIDATE,"V canonical_definition과 S definition 문자열이 완전히 동일 (에이전트가 직접 대조, 동일 의미로 판단)."
노여움,SC_V1935_B035_049,노여움,명사,분하고 섭섭하여 화가 치미는 감정.,2966,노여움,명사,분하고 섭섭하여 화가 치미는 감정.,momo-textbook,1,2,REVIEW_BOUNDARY,1:1,APPROVABLE_CANDIDATE,"V canonical_definition과 S definition 문자열이 완전히 동일 (에이전트가 직접 대조, 동일 의미로 판단)."
느닷없이,SC_V1937_B037_048,느닷없이,부사,나타나는 모양이 아주 뜻밖이고 갑작스럽게.,3297,느닷없이,부사,나타나는 모양이 아주 뜻밖이고 갑작스럽게.,momo-textbook,1,2,REVIEW_BOUNDARY,1:1,APPROVABLE_CANDIDATE,"V canonical_definition과 S definition 문자열이 완전히 동일 (에이전트가 직접 대조, 동일 의미로 판단)."
능가하다,SC_V1938_B038_004,능가하다,동사,능력이나 수준 따위가 비교 대상을 훨씬 넘어서다.,3052,능가하다,동사,"한쪽으로 치우친 성질능력이나 수준 따위가 비교 대상을 훨씬 넘
어서다.",momo-textbook,2,3,PROVISIONAL_AUTO,1:1,UNVERIFIED_DEFINITION,"S definition에 '한쪽으로 치우친 성질능력이나'라는 구두점 누락으로 보이는 원문 손상이 있어(쉼표 탈락 추정: '성질, 능력이나') 기계적으로 신뢰하기 어려움. V 정의('능력이나 수준 따위가 비교 대상을 훨씬 넘어서다')와 취지는 같아 보이나, 원문 정정 후 재확인 필요."
능하다,SC_V1938_B038_007,능하다,형용사,어떤 일 따위에 뛰어나다.,2977,능하다,형용사,어떤 일 따위에 뛰어나다.,momo-textbook,1,2,REVIEW_BOUNDARY,1:1,APPROVABLE_CANDIDATE,"V canonical_definition과 S definition 문자열이 완전히 동일 (에이전트가 직접 대조, 동일 의미로 판단)."
단념하다,SC_V1939_B039_004,단념하다,동사,품었던 생각을 아주 끊어 버리다.,3387,단념하다,동사,품었던 생각을 아주 끊어 버리다.,momo-textbook,2,1,PROVISIONAL_AUTO,1:1,APPROVABLE_CANDIDATE,"V canonical_definition과 S definition 문자열이 완전히 동일 (에이전트가 직접 대조, 동일 의미로 판단)."
단호하다,SC_V1939_B039_022,단호하다,형용사,"결심이나 태도, 입장 따위가 과단성 있고 엄격하다.",3439,단호하다,형용사,"결심이나 태도, 입장 등이 흔들림이 없이 엄격하고 분명하다.",momo-textbook,0,3,PROVISIONAL_AUTO,1:1,APPROVABLE_CANDIDATE,CHAR_JACCARD=0.53 - 문자열은 다르지만 에이전트가 두 정의를 직접 대조한 결과 같은 의미의 패러프레이즈로 판단 (세부 근거는 보고서 본문 표 참고).
대대손손,SC_V1940_B040_023,대대손손,명사,오래도록 내려오는 여러 대.,2931,대대손손,명사,내려오는 여러 대.,momo-textbook,2,2,REVIEW_BOUNDARY,1:1,APPROVABLE_CANDIDATE,CHAR_JACCARD=0.75 - 문자열은 다르지만 에이전트가 두 정의를 직접 대조한 결과 같은 의미의 패러프레이즈로 판단 (세부 근거는 보고서 본문 표 참고).
대수롭다,SC_V1940_B040_044,대수롭다,형용사,중요하게 여길 만하다.,3471,대수롭다,형용사,대단하거나 중요하게 여길 만하다.,momo-textbook,0,2,REVIEW_BOUNDARY,1:1,APPROVABLE_CANDIDATE,CHAR_JACCARD=0.71 - 문자열은 다르지만 에이전트가 두 정의를 직접 대조한 결과 같은 의미의 패러프레이즈로 판단 (세부 근거는 보고서 본문 표 참고).
대항하다,SC_V1941_B041_024,대항하다,동사,굽히거나 지지 않으려고 맞서서 버티거나 항거하다.,2898,대항하다,동사,굽히거나 지지 않으려고 맞서서 버티거나 항거하다.,momo-textbook,1,1,PROVISIONAL_AUTO,1:1,APPROVABLE_CANDIDATE,"V canonical_definition과 S definition 문자열이 완전히 동일 (에이전트가 직접 대조, 동일 의미로 판단)."
데굴데굴,SC_V1942_B042_003,데굴데굴,부사,큰 물건이 계속 구르는 모양.,3199,데굴데굴,부사,단단하고 큰 물건이나 사람이 계속 구르는 모양.,momo-textbook,0,1,PROVISIONAL_AUTO,1:1,APPROVABLE_CANDIDATE,CHAR_JACCARD=0.68 - 문자열은 다르지만 에이전트가 두 정의를 직접 대조한 결과 같은 의미의 패러프레이즈로 판단 (세부 근거는 보고서 본문 표 참고).
독차지하다,SC_V1942_B042_037,독차지하다,동사,혼자서 모두 차지하다.,3139,독차지하다,동사,혼자서 다 가지다.,momo-textbook,0,1,REVIEW_BOUNDARY,1:1,APPROVABLE_CANDIDATE,CHAR_JACCARD=0.58 - 문자열은 다르지만 에이전트가 두 정의를 직접 대조한 결과 같은 의미의 패러프레이즈로 판단 (세부 근거는 보고서 본문 표 참고).
동참하다,SC_V1943_B043_042,동참하다,동사,어떤 모임이나 일에 같이 참가하다.,3050,동참하다,동사,어떤 모임이나 일에 같이 참가하다.,momo-textbook,2,1,PROVISIONAL_AUTO,1:1,APPROVABLE_CANDIDATE,"V canonical_definition과 S definition 문자열이 완전히 동일 (에이전트가 직접 대조, 동일 의미로 판단)."
두둔하다,SC_V1944_B044_011,두둔하다,동사,편들어 감싸 주거나 역성을 들어 주다.,3431,두둔하다,동사,편들어 주거나 잘못을 감싸 주다.,momo-textbook,0,2,REVIEW_BOUNDARY,1:1,APPROVABLE_CANDIDATE,CHAR_JACCARD=0.75 - 문자열은 다르지만 에이전트가 두 정의를 직접 대조한 결과 같은 의미의 패러프레이즈로 판단 (세부 근거는 보고서 본문 표 참고).
마름질,SC_V1948_B048_031,마름질,명사,옷감이나 재목 따위를 치수에 맞도록 재거나 자르는 일.,3614,마름질,명사,옷감이나 재목 따위를 치수에 맞도록 재거나 자르는 일.,momo-textbook,1,3,PROVISIONAL_AUTO,1:1,APPROVABLE_CANDIDATE,"V canonical_definition과 S definition 문자열이 완전히 동일 (에이전트가 직접 대조, 동일 의미로 판단)."
매한가지,SC_V1950_B050_029,매한가지,명사,결국 서로 같음.,3130,매한가지,명사,결국 서로 같음.,momo-textbook,0,2,REVIEW_BOUNDARY,1:1,APPROVABLE_CANDIDATE,"V canonical_definition과 S definition 문자열이 완전히 동일 (에이전트가 직접 대조, 동일 의미로 판단)."
머슴,SC_V1950_B050_048,머슴,명사,주로 농가에 고용되어 그 집의 농사일과 잡일을 해 주고 대가를 받는 사내.,3626,머슴,명사,"주로 농가에 고용되어 그 집의 농사일과 잡일을 해 주고 대가를
받는 사내.",momo-textbook,2,3,PROVISIONAL_AUTO,1:1,APPROVABLE_CANDIDATE,CHAR_JACCARD=0.96 - 문자열은 다르지만 에이전트가 두 정의를 직접 대조한 결과 같은 의미의 패러프레이즈로 판단 (세부 근거는 보고서 본문 표 참고).
못마땅하다,SC_V1953_B053_044,못마땅하다,형용사,마음에 들지 않아 좋지 않다.,3434,못마땅하다,형용사,별로 마음에 들지 않아 꺼림칙하다.,momo-textbook,0,1,REVIEW_BOUNDARY,1:1,APPROVABLE_CANDIDATE,CHAR_JACCARD=0.59 - 문자열은 다르지만 에이전트가 두 정의를 직접 대조한 결과 같은 의미의 패러프레이즈로 판단 (세부 근거는 보고서 본문 표 참고).
무궁하다,SC_V1954_B054_005,무궁하다,형용사,공간이나 시간 따위가 끝이 없다.,3127,무궁하다,형용사,끝이 없다.,momo-textbook,0,2,REVIEW_BOUNDARY,1:1,APPROVABLE_CANDIDATE,CHAR_JACCARD=0.46 - 문자열은 다르지만 에이전트가 두 정의를 직접 대조한 결과 같은 의미의 패러프레이즈로 판단 (세부 근거는 보고서 본문 표 참고).
무심코,SC_V1954_B054_023,무심코,부사,아무런 뜻이나 생각이 없이.,3167,무심코,부사,아무런 생각이나 의도가 없이.,momo-textbook,0,1,PROVISIONAL_AUTO,1:1,APPROVABLE_CANDIDATE,CHAR_JACCARD=0.71 - 문자열은 다르지만 에이전트가 두 정의를 직접 대조한 결과 같은 의미의 패러프레이즈로 판단 (세부 근거는 보고서 본문 표 참고).
물정,SC_V1955_B055_046,물정,명사,세상의 이러저러한 실정이나 형편.,3562,물정,명사,세상의 이러저러한 실정이나 형편.,momo-textbook,1,2,REVIEW_BOUNDARY,1:1,APPROVABLE_CANDIDATE,"V canonical_definition과 S definition 문자열이 완전히 동일 (에이전트가 직접 대조, 동일 의미로 판단)."
미덕,SC_V1956_B056_017,미덕,명사,아름답고 갸륵한 덕행.,3419,미덕,명사,"아름답고 기특한, 덕 있는 행동.",momo-textbook,2,1,REVIEW_BOUNDARY,1:1,APPROVABLE_CANDIDATE,CHAR_JACCARD=0.53 - 문자열은 다르지만 에이전트가 두 정의를 직접 대조한 결과 같은 의미의 패러프레이즈로 판단 (세부 근거는 보고서 본문 표 참고).
미심쩍다,SC_V1956_B056_029,미심쩍다,형용사,분명하지 못하여 마음이 놓이지 않는 데가 있다.,3166,미심쩍다,형용사,분명하지 못해 마음이 편하지 않다.,momo-textbook,0,3,PROVISIONAL_AUTO,1:1,APPROVABLE_CANDIDATE,CHAR_JACCARD=0.60 - 문자열은 다르지만 에이전트가 두 정의를 직접 대조한 결과 같은 의미의 패러프레이즈로 판단 (세부 근거는 보고서 본문 표 참고).
배웅,SC_V1960_B060_014,배웅,명사,떠나가는 손님을 일정한 곳까지 따라 나가서 작별하여 보내는 일.,3144,배웅,명사,떠나가는 사람을 따라 나가서 작별 인사를 하여 보냄.,momo-textbook,0,1,PROVISIONAL_AUTO,1:1,APPROVABLE_CANDIDATE,CHAR_JACCARD=0.52 - 문자열은 다르지만 에이전트가 두 정의를 직접 대조한 결과 같은 의미의 패러프레이즈로 판단 (세부 근거는 보고서 본문 표 참고).
버금가다,SC_V1960_B060_039,버금가다,동사,으뜸의 바로 아래가 되다.,3392,버금가다,동사,으뜸의 바로 아래가 되다.,momo-textbook,2,2,REVIEW_BOUNDARY,1:1,APPROVABLE_CANDIDATE,"V canonical_definition과 S definition 문자열이 완전히 동일 (에이전트가 직접 대조, 동일 의미로 판단)."
번창하다,SC_V1961_B061_009,번창하다,동사,번화하게 창성하다.,2946,번창하다,동사,한창 잘되어 성하게 되다.,momo-textbook,1,1,PROVISIONAL_AUTO,1:1,APPROVABLE_CANDIDATE,CHAR_JACCARD=0.54 - 문자열은 다르지만 에이전트가 두 정의를 직접 대조한 결과 같은 의미의 패러프레이즈로 판단 (세부 근거는 보고서 본문 표 참고).
볼멘소리,SC_V1963_B063_037,볼멘소리,명사,서운하거나 성이 나서 퉁명스럽게 하는 말투.,2892,볼멘소리,명사,서운하거나 성이 나서 퉁명스럽게 하는 말투.,momo-textbook,2,2,REVIEW_BOUNDARY,1:1,APPROVABLE_CANDIDATE,"V canonical_definition과 S definition 문자열이 완전히 동일 (에이전트가 직접 대조, 동일 의미로 판단)."
봉급,SC_V1964_B064_002,봉급,명사,어떤 직장에서 계속적으로 일하는 사람이 그 일의 대가로 정기적으로 받는 일정한 보수.,2947,봉급,명사,"어떤 직장에서 계속적으로 일하는 사람이 그 일의 대가로 정기적
으로 받는 일정한 보수.",momo-textbook,1,1,REVIEW_BOUNDARY,1:1,APPROVABLE_CANDIDATE,CHAR_JACCARD=0.97 - 문자열은 다르지만 에이전트가 두 정의를 직접 대조한 결과 같은 의미의 패러프레이즈로 판단 (세부 근거는 보고서 본문 표 참고).
부릅뜨다,SC_V1964_B064_022,부릅뜨다,동사,무섭고 사납게 눈을 크게 뜨다.,3472,부릅뜨다,동사,무섭고 사나워 보이도록 눈을 크게 뜨다.,momo-textbook,0,1,PROVISIONAL_AUTO,1:1,APPROVABLE_CANDIDATE,CHAR_JACCARD=0.63 - 문자열은 다르지만 에이전트가 두 정의를 직접 대조한 결과 같은 의미의 패러프레이즈로 판단 (세부 근거는 보고서 본문 표 참고).
부리나케,SC_V1964_B064_025,부리나케,부사,서둘러서 아주 급하게.,3574,부리나케,부사,서둘러서 아주 급하게.,momo-textbook,1,2,REVIEW_BOUNDARY,1:1,APPROVABLE_CANDIDATE,"V canonical_definition과 S definition 문자열이 완전히 동일 (에이전트가 직접 대조, 동일 의미로 판단)."
부질없다,SC_V1965_B065_002,부질없다,형용사,대수롭지 아니하거나 쓸모가 없다.,3611,부질없다,형용사,대수롭지 아니하거나 쓸모가 없다..,momo-textbook,1,2,REVIEW_BOUNDARY,1:1,APPROVABLE_CANDIDATE,CHAR_JACCARD=1.00 - 문자열은 다르지만 에이전트가 두 정의를 직접 대조한 결과 같은 의미의 패러프레이즈로 판단 (세부 근거는 보고서 본문 표 참고).
부축하다,SC_V1965_B065_008,부축하다,동사,겨드랑이를 붙잡아 걷는 것을 돕다.,3433,부축하다,동사,다른 사람이 몸을 움직이는 것을 곁에서 도와주다.,momo-textbook,0,1,PROVISIONAL_AUTO,1:1,APPROVABLE_CANDIDATE,CHAR_JACCARD=0.25 - 문자열은 다르지만 에이전트가 두 정의를 직접 대조한 결과 같은 의미의 패러프레이즈로 판단 (세부 근거는 보고서 본문 표 참고).
북돋우다,SC_V1965_B065_014,북돋우다,동사,기운이나 정신 따위를 더욱 높여 주다.,2933,북돋우다,동사,기운이나 정신 따위를 더욱 높여 주다.,momo-textbook,1,1,PROVISIONAL_AUTO,1:1,APPROVABLE_CANDIDATE,"V canonical_definition과 S definition 문자열이 완전히 동일 (에이전트가 직접 대조, 동일 의미로 판단)."
분풀이,SC_V1965_B065_038,분풀이,명사,분하고 원통한 마음을 풀어 버리는 일.,2994,분풀이,명사,분하고 원통한 마음을 풀어 버리는 일.,momo-textbook,1,1,PROVISIONAL_AUTO,1:1,APPROVABLE_CANDIDATE,"V canonical_definition과 S definition 문자열이 완전히 동일 (에이전트가 직접 대조, 동일 의미로 판단)."
불공평하다,SC_V1965_B065_047,불공평하다,형용사,한쪽으로 치우쳐 고르지 못하다.,3125,불공평하다,형용사,손해나 이익 등이 고르지 못하고 어느 한쪽으로 치우치다.,momo-textbook,0,1,REVIEW_BOUNDARY,1:1,APPROVABLE_CANDIDATE,CHAR_JACCARD=0.61 - 문자열은 다르지만 에이전트가 두 정의를 직접 대조한 결과 같은 의미의 패러프레이즈로 판단 (세부 근거는 보고서 본문 표 참고).
비범하다,SC_V1967_B067_016,비범하다,형용사,보통 수준보다 훨씬 뛰어나다.,3379,비범하다,형용사,보통 수준보다 훨씬 뛰어나다.,momo-textbook,2,2,REVIEW_BOUNDARY,1:1,APPROVABLE_CANDIDATE,"V canonical_definition과 S definition 문자열이 완전히 동일 (에이전트가 직접 대조, 동일 의미로 판단)."
비아냥거리다,SC_V1967_B067_025,비아냥거리다,동사,얄밉게 빈정거리며 자꾸 놀리다.,2945,비아냥거리다,동사,자꾸 비웃는 말을 하며 놀리다.,momo-textbook,0,3,PROVISIONAL_AUTO,1:1,APPROVABLE_CANDIDATE,CHAR_JACCARD=0.40 - 문자열은 다르지만 에이전트가 두 정의를 직접 대조한 결과 같은 의미의 패러프레이즈로 판단 (세부 근거는 보고서 본문 표 참고).
비참하다,SC_V196_B006_042,비참하다,형용사,더할 수 없이 슬프고 끔찍하다.,2889,비참하다,형용사,더할 수 없이 슬프고 끔찍하다.,momo-textbook,2,0,PROVISIONAL_AUTO,1:1,APPROVABLE_CANDIDATE,"V canonical_definition과 S definition 문자열이 완전히 동일 (에이전트가 직접 대조, 동일 의미로 판단)."
빌미,SC_V1967_B067_048,빌미,명사,재앙이나 탈 따위가 생기는 원인.,2990,빌미,명사,재앙이나 탈 따위가 생기는 원인.,momo-textbook,1,2,REVIEW_BOUNDARY,1:1,APPROVABLE_CANDIDATE,"V canonical_definition과 S definition 문자열이 완전히 동일 (에이전트가 직접 대조, 동일 의미로 판단)."
빼곡하다,SC_V1968_B068_020,빼곡하다,형용사,사람이나 물건이 어떤 공간에 빈틈없이 꽉 찬 상태에 있다.,3442,빼곡하다,형용사,빈 공간이 없이 가득하다.,momo-textbook,0,3,PROVISIONAL_AUTO,1:1,APPROVABLE_CANDIDATE,CHAR_JACCARD=0.32 - 문자열은 다르지만 에이전트가 두 정의를 직접 대조한 결과 같은 의미의 패러프레이즈로 판단 (세부 근거는 보고서 본문 표 참고).
삽시간,SC_V1971_B071_014,삽시간,명사,매우 짧은 시간.,3020,삽시간,명사,매우 짧은 시간.,momo-textbook,1,2,REVIEW_BOUNDARY,1:1,APPROVABLE_CANDIDATE,"V canonical_definition과 S definition 문자열이 완전히 동일 (에이전트가 직접 대조, 동일 의미로 판단)."
샅샅이,SC_V1971_B071_042,샅샅이,부사,틈이 있는 곳마다 모조리. 또는 빈틈없이 모조리.,3206,샅샅이,부사,빈틈없이 모조리.,momo-textbook,0,1,PROVISIONAL_AUTO,1:1,APPROVABLE_CANDIDATE,CHAR_JACCARD=0.60 - 문자열은 다르지만 에이전트가 두 정의를 직접 대조한 결과 같은 의미의 패러프레이즈로 판단 (세부 근거는 보고서 본문 표 참고).
샘솟다,SC_V1972_B072_017,샘솟다,동사,힘이나 용기 또는 눈물 따위가 끊이지 아니하고 솟아 나오다.,3114,샘솟다,동사,어떤 감정이나 눈물이 계속 솟아 나오다.,momo-textbook,0,1,PROVISIONAL_AUTO,1:1,APPROVABLE_CANDIDATE,CHAR_JACCARD=0.34 - 문자열은 다르지만 에이전트가 두 정의를 직접 대조한 결과 같은 의미의 패러프레이즈로 판단 (세부 근거는 보고서 본문 표 참고).
생동감,SC_V1972_B072_027,생동감,명사,생기 있게 살아 움직이는 듯한 느낌.,3140,생동감,명사,싱싱하고 활기찬 기운이 있어 살아 움직이는 듯한 느낌.,momo-textbook,0,1,PROVISIONAL_AUTO,1:1,APPROVABLE_CANDIDATE,CHAR_JACCARD=0.61 - 문자열은 다르지만 에이전트가 두 정의를 직접 대조한 결과 같은 의미의 패러프레이즈로 판단 (세부 근거는 보고서 본문 표 참고).
생채기,SC_V1972_B072_050,생채기,명사,손톱 따위로 할퀴이거나 긁히어서 생긴 작은 상처.,3462,생채기,명사,손톱 등으로 할퀴어지거나 긁혀서 생긴 작은 상처.,momo-textbook,0,3,PROVISIONAL_AUTO,1:1,APPROVABLE_CANDIDATE,CHAR_JACCARD=0.69 - 문자열은 다르지만 에이전트가 두 정의를 직접 대조한 결과 같은 의미의 패러프레이즈로 판단 (세부 근거는 보고서 본문 표 참고).
서성거리다,SC_V1973_B073_024,서성거리다,동사,한곳에 서 있지 않고 자꾸 주위를 왔다 갔다 하다.,3216,서성거리다,동사,한곳에 서 있지 않고 주위를 자꾸 왔다 갔다 하다.,momo-textbook,0,1,REVIEW_BOUNDARY,1:1,APPROVABLE_CANDIDATE,CHAR_JACCARD=1.00 - 문자열은 다르지만 에이전트가 두 정의를 직접 대조한 결과 같은 의미의 패러프레이즈로 판단 (세부 근거는 보고서 본문 표 참고).
선입견,SC_V1974_B074_009,선입견,명사,어떤 대상에 대하여 이미 마음속에 가지고 있는 고정적인 관념이나 관점.,2893,선입견,명사,"어떤 대상에 대하여 이미 마음속에 가지고 있는 고정적인 관념이
나 관점.",momo-textbook,2,3,PROVISIONAL_AUTO,1:1,APPROVABLE_CANDIDATE,CHAR_JACCARD=0.96 - 문자열은 다르지만 에이전트가 두 정의를 직접 대조한 결과 같은 의미의 패러프레이즈로 판단 (세부 근거는 보고서 본문 표 참고).
선출하다,SC_V1974_B074_015,선출하다,동사,여럿 가운데서 골라내다.,3466,선출하다,동사,여럿 가운데서 가려 뽑다.,momo-textbook,0,1,PROVISIONAL_AUTO,1:1,APPROVABLE_CANDIDATE,CHAR_JACCARD=0.64 - 문자열은 다르지만 에이전트가 두 정의를 직접 대조한 결과 같은 의미의 패러프레이즈로 판단 (세부 근거는 보고서 본문 표 참고).
설상가상,SC_V1974_B074_029,설상가상,명사,"눈 위에 서리가 덮인다는 뜻으로, 난처한 일이나 불행한 일이 잇따라 일어남을 이르는 말.",7197,설상가상,,"1994학년도 1차 수능 눈 위에 서리가 덮인다는 뜻으로, 난처한 일이나 불행한 일이 잇따라 일어남을 이르는 말.",sajaseongeo-pdf,2,3,PROVISIONAL_AUTO,1:1,UNVERIFIED_DEFINITION,"S definition 앞에 '1994학년도 1차 수능'이라는 출제 연도 메타데이터가 뜻풀이 본문에 섞여 들어가 있음(사자성어 PDF 추출 아티팩트로 추정). 메타데이터 이후 본문은 V와 완전히 동일하나, 필드 정제 전에는 definition 컬럼 자체를 신뢰할 수 없어 UNVERIFIED로 분류."
섬뜩하다,SC_V1974_B074_034,섬뜩하다,형용사,갑자기 소름이 끼치도록 무섭고 끔찍하다.,3231,섬뜩하다,형용사,갑자기 몹시 무섭고 불안하다.,momo-textbook,0,2,REVIEW_BOUNDARY,1:1,APPROVABLE_CANDIDATE,CHAR_JACCARD=0.43 - 문자열은 다르지만 에이전트가 두 정의를 직접 대조한 결과 같은 의미의 패러프레이즈로 판단 (세부 근거는 보고서 본문 표 참고).
속수무책,SC_V1976_B076_042,속수무책,명사,손을 묶은 것처럼 어찌할 도리가 없어 꼼짝 못 함.,3185,속수무책,명사,손을 묶은 것처럼 어찌할 도리가 없어 꼼짝 못 함.,momo-textbook,1,3,PROVISIONAL_AUTO,1:N,MULTIPLE_LINKS,"cardinality=1:N (s_rows_for_this_headword=2, v_rows_for_this_headword=1) - 단일 nullable literacy_term_id 컬럼 1개로는 이 headword의 모든 literacy_term_id를 동시에 표현 못함."
속수무책,SC_V1976_B076_042,속수무책,명사,손을 묶은 것처럼 어찌할 도리가 없어 꼼짝 못 함.,7201,속수무책,,손을 묶은 것처럼 어찌할 도리가 없어 꼼짝 못함.,sajaseongeo-pdf,2,3,PROVISIONAL_AUTO,1:N,MULTIPLE_LINKS,"cardinality=1:N (s_rows_for_this_headword=2, v_rows_for_this_headword=1) - 단일 nullable literacy_term_id 컬럼 1개로는 이 headword의 모든 literacy_term_id를 동시에 표현 못함."
송두리째,SC_V1977_B077_033,송두리째,부사,있는 전부를 모조리.,3480,송두리째,부사,있는 전부를 하나도 빠짐없이 모두.,momo-textbook,0,1,PROVISIONAL_AUTO,1:1,APPROVABLE_CANDIDATE,CHAR_JACCARD=0.44 - 문자열은 다르지만 에이전트가 두 정의를 직접 대조한 결과 같은 의미의 패러프레이즈로 판단 (세부 근거는 보고서 본문 표 참고).
수두룩하다,SC_V1978_B078_021,수두룩하다,형용사,매우 많고 흔하다.,3460,수두룩하다,형용사,매우 많고 흔하다.,momo-textbook,0,1,REVIEW_BOUNDARY,1:1,APPROVABLE_CANDIDATE,"V canonical_definition과 S definition 문자열이 완전히 동일 (에이전트가 직접 대조, 동일 의미로 판단)."
수척하다,SC_V1979_B079_020,수척하다,형용사,몸이 몹시 야위고 마른 듯하다.,3351,수척하다,형용사,몸이 몹시 야위고 마른 듯하다.,momo-textbook,2,2,REVIEW_BOUNDARY,1:1,APPROVABLE_CANDIDATE,"V canonical_definition과 S definition 문자열이 완전히 동일 (에이전트가 직접 대조, 동일 의미로 판단)."
순조롭다,SC_V1979_B079_045,순조롭다,형용사,일 따위가 아무 탈이나 말썽 없이 예정대로 잘되어 가는 상태에 있다.,2888,순조롭다,형용사,일이 아무 탈이나 말썽 없이 예정대로 잘되어 가는 상태에 있다.,momo-textbook,2,2,REVIEW_BOUNDARY,1:1,APPROVABLE_CANDIDATE,CHAR_JACCARD=0.93 - 문자열은 다르지만 에이전트가 두 정의를 직접 대조한 결과 같은 의미의 패러프레이즈로 판단 (세부 근거는 보고서 본문 표 참고).
시나브로,SC_V1981_B081_012,시나브로,부사,모르는 사이에 조금씩 조금씩.,3461,시나브로,부사,모르는 사이에 조금씩 조금씩.,momo-textbook,0,2,REVIEW_BOUNDARY,1:1,APPROVABLE_CANDIDATE,"V canonical_definition과 S definition 문자열이 완전히 동일 (에이전트가 직접 대조, 동일 의미로 판단)."
시름,SC_V1981_B081_018,시름,명사,마음에 걸려 풀리지 않고 항상 남아 있는 근심과 걱정.,3595,시름,명사,마음에 걸려 풀리지 않고 항상 남아 있는 근심과 걱정.,momo-textbook,1,1,PROVISIONAL_AUTO,1:1,APPROVABLE_CANDIDATE,"V canonical_definition과 S definition 문자열이 완전히 동일 (에이전트가 직접 대조, 동일 의미로 판단)."
시샘,SC_V1981_B081_021,시샘,명사,‘시새움’의 준말.,3128,시샘,명사,자기보다 더 잘되거나 나은 사람을 이유 없이 미워하고 싫어함. 또는 그런 마음.,momo-textbook,0,2,REVIEW_BOUNDARY,1:1,AMBIGUOUS_SENSE,"V definition이 '시새움의 준말'이라는 상호참조 형식이라 자체로는 완결된 뜻풀이가 아님. S definition(전형적 '샘/질투' 뜻풀이)과 같은 의미로 보이나, V 쪽 표제어만 읽어서는 등가성을 직접 검증할 수 없어 사람 재확인 필요."
심술궂다,SC_V1983_B083_028,심술궂다,형용사,남을 성가시게 하는 것을 좋아하거나 남이 잘못되는 것을 좋아하는 마음이 매우 많다.,3523,심술궂다,형용사,남을 괴롭히거나 남이 잘못되기를 바라는 마음이 많다.,momo-textbook,0,1,PROVISIONAL_AUTO,1:1,APPROVABLE_CANDIDATE,CHAR_JACCARD=0.47 - 문자열은 다르지만 에이전트가 두 정의를 직접 대조한 결과 같은 의미의 패러프레이즈로 판단 (세부 근거는 보고서 본문 표 참고).
싱그럽다,SC_V1983_B083_041,싱그럽다,형용사,싱싱하고 맑은 향기가 있다. 또는 그런 분위기가 있다.,3421,싱그럽다,형용사,싱싱하고 맑은 향기나 분위기가 있다.,momo-textbook,2,1,PROVISIONAL_AUTO,1:1,APPROVABLE_CANDIDATE,CHAR_JACCARD=0.74 - 문자열은 다르지만 에이전트가 두 정의를 직접 대조한 결과 같은 의미의 패러프레이즈로 판단 (세부 근거는 보고서 본문 표 참고).
쏜살같이,SC_V1984_B084_027,쏜살같이,부사,쏜 화살과 같이 매우 빠르게.,3224,쏜살같이,부사,쏜 화살이 날아가는 것처럼 매우 빠르게.,momo-textbook,0,1,PROVISIONAL_AUTO,1:1,APPROVABLE_CANDIDATE,CHAR_JACCARD=0.55 - 문자열은 다르지만 에이전트가 두 정의를 직접 대조한 결과 같은 의미의 패러프레이즈로 판단 (세부 근거는 보고서 본문 표 참고).
아지랑이,SC_V1985_B085_020,아지랑이,명사,주로 봄날 햇빛이 강하게 쬘 때 공기가 공중에서 아른아른 움직이는 현상.,3080,아지랑이,명사,주로 봄이나 여름에 햇빛이 강하게 내리쬘 때 먼 데 있는 사물이 아른거리는 것처럼 보이는 현상.,momo-textbook,0,2,REVIEW_BOUNDARY,1:1,APPROVABLE_CANDIDATE,CHAR_JACCARD=0.45 - 문자열은 다르지만 에이전트가 두 정의를 직접 대조한 결과 같은 의미의 패러프레이즈로 판단 (세부 근거는 보고서 본문 표 참고).
아첨,SC_V1985_B085_021,아첨,명사,남의 환심을 사거나 잘 보이려고 알랑거림. 또는 그런 말이나 짓.,3039,아첨,명사,남에게 잘 보이려고 아부하는 말이나 행동을 함.,momo-textbook,2,3,PROVISIONAL_AUTO,1:1,APPROVABLE_CANDIDATE,CHAR_JACCARD=0.38 - 문자열은 다르지만 에이전트가 두 정의를 직접 대조한 결과 같은 의미의 패러프레이즈로 판단 (세부 근거는 보고서 본문 표 참고).
안절부절,SC_V1986_B086_006,안절부절,부사,마음이 초조하고 불안하여 어찌할 바를 모르는 모양.,3213,안절부절,부사,마음이 초조하고 불안하여 어찌할 바를 모르거나 허둥대는 모양.,momo-textbook,0,1,PROVISIONAL_AUTO,1:1,APPROVABLE_CANDIDATE,CHAR_JACCARD=0.81 - 문자열은 다르지만 에이전트가 두 정의를 직접 대조한 결과 같은 의미의 패러프레이즈로 판단 (세부 근거는 보고서 본문 표 참고).
앙갚음,SC_V1986_B086_033,앙갚음,명사,남이 저에게 해를 준 대로 저도 그에게 해를 줌.,3329,앙갚음,명사,남이 자신에게 해를 준 대로 자신도 그에게 해를 줌.,momo-textbook,1,3,PROVISIONAL_AUTO,1:1,APPROVABLE_CANDIDATE,CHAR_JACCARD=0.82 - 문자열은 다르지만 에이전트가 두 정의를 직접 대조한 결과 같은 의미의 패러프레이즈로 판단 (세부 근거는 보고서 본문 표 참고).
애지중지,SC_V1987_B087_007,애지중지,부사,매우 사랑하고 소중히 여기는 모양.,3172,애지중지,부사,매우 사랑하고 소중히 여기는 모양.,momo-textbook,0,2,REVIEW_BOUNDARY,1:1,APPROVABLE_CANDIDATE,"V canonical_definition과 S definition 문자열이 완전히 동일 (에이전트가 직접 대조, 동일 의미로 판단)."
애타다,SC_V198_B008_032,애타다,동사,몹시 답답하거나 안타까워 속이 끓는 듯하다.,3393,애타다,동사,속이 타는 듯이 몹시 걱정이 되다.,momo-textbook,2,0,PROVISIONAL_AUTO,1:1,APPROVABLE_CANDIDATE,CHAR_JACCARD=0.48 - 문자열은 다르지만 에이전트가 두 정의를 직접 대조한 결과 같은 의미의 패러프레이즈로 판단 (세부 근거는 보고서 본문 표 참고).
어엿하다,SC_V1988_B088_040,어엿하다,형용사,행동이 거리낌 없이 아주 당당하고 떳떳하다.,3570,어엿하다,형용사,행동이 거리낌 없이 아주 당당하고 떳떳하다.,momo-textbook,1,2,REVIEW_BOUNDARY,1:1,APPROVABLE_CANDIDATE,"V canonical_definition과 S definition 문자열이 완전히 동일 (에이전트가 직접 대조, 동일 의미로 판단)."
얼싸안다,SC_V1989_B089_018,얼싸안다,동사,두 팔을 벌리어 껴안다.,3652,얼싸안다,동사,두 팔을 벌리어 껴안다.,momo-textbook,2,1,PROVISIONAL_AUTO,1:1,APPROVABLE_CANDIDATE,"V canonical_definition과 S definition 문자열이 완전히 동일 (에이전트가 직접 대조, 동일 의미로 판단)."
엄포,SC_V1989_B089_028,엄포,명사,실속 없이 호령이나 위협으로 으르는 짓.,3612,엄포,명사,실속없이 호령이나 위협으로 으르는 짓.,momo-textbook,1,3,PROVISIONAL_AUTO,1:1,APPROVABLE_CANDIDATE,CHAR_JACCARD=1.00 - 문자열은 다르지만 에이전트가 두 정의를 직접 대조한 결과 같은 의미의 패러프레이즈로 판단 (세부 근거는 보고서 본문 표 참고).
연거푸,SC_V1990_B090_036,연거푸,부사,잇따라 여러 번 되풀이하여.,3164,연거푸,부사,여러 번 계속해서.,momo-textbook,0,2,REVIEW_BOUNDARY,1:1,APPROVABLE_CANDIDATE,CHAR_JACCARD=0.31 - 문자열은 다르지만 에이전트가 두 정의를 직접 대조한 결과 같은 의미의 패러프레이즈로 판단 (세부 근거는 보고서 본문 표 참고).
열악하다,SC_V1991_B091_030,열악하다,형용사,"품질이나 능력, 시설 따위가 매우 떨어지고 나쁘다.",2908,열악하다,형용사,"품질이나 능력, 시설 따위가 매우 떨어지고 나쁘다.",momo-textbook,2,1,PROVISIONAL_AUTO,1:1,APPROVABLE_CANDIDATE,"V canonical_definition과 S definition 문자열이 완전히 동일 (에이전트가 직접 대조, 동일 의미로 판단)."
염원하다,SC_V1991_B091_036,염원하다,동사,마음에 간절히 생각하고 기원하다.,2906,염원하다,동사,마음에 간절히 생각하고 기원하다.,momo-textbook,2,2,REVIEW_BOUNDARY,1:1,APPROVABLE_CANDIDATE,"V canonical_definition과 S definition 문자열이 완전히 동일 (에이전트가 직접 대조, 동일 의미로 판단)."
염치,SC_V1991_B091_037,염치,명사,체면을 차릴 줄 알며 부끄러움을 아는 마음.,3302,염치,명사,체면을 차릴 줄 알며 부끄러움을 아는 마음.,momo-textbook,1,1,PROVISIONAL_AUTO,1:1,APPROVABLE_CANDIDATE,"V canonical_definition과 S definition 문자열이 완전히 동일 (에이전트가 직접 대조, 동일 의미로 판단)."
영락없다,SC_V1991_B091_044,영락없다,형용사,조금도 틀리지 아니하고 꼭 들어맞다.,3604,영락없다,형용사,조금도 틀리지 아니하고 꼭 들어맞다.,momo-textbook,1,2,REVIEW_BOUNDARY,1:1,APPROVABLE_CANDIDATE,"V canonical_definition과 S definition 문자열이 완전히 동일 (에이전트가 직접 대조, 동일 의미로 판단)."
옹기종기,SC_V1993_B093_046,옹기종기,부사,크기가 다른 작은 것들이 고르지 아니하게 많이 모여 있는 모양.,3146,옹기종기,부사,크기가 다른 작은 것들이 고르지 않게 많이 모여 있는 모양.,momo-textbook,0,1,REVIEW_BOUNDARY,1:1,APPROVABLE_CANDIDATE,CHAR_JACCARD=0.85 - 문자열은 다르지만 에이전트가 두 정의를 직접 대조한 결과 같은 의미의 패러프레이즈로 판단 (세부 근거는 보고서 본문 표 참고).
우거지다,SC_V1995_B095_022,우거지다,동사,"풀, 나무 따위가 자라서 무성해지다.",3026,우거지다,동사,"풀, 나무 따위가 자라서 무성해지다.",momo-textbook,2,1,PROVISIONAL_AUTO,1:1,APPROVABLE_CANDIDATE,"V canonical_definition과 S definition 문자열이 완전히 동일 (에이전트가 직접 대조, 동일 의미로 판단)."
울창하다,SC_V1996_B096_021,울창하다,형용사,나무가 빽빽하게 우거지고 푸르다.,3100,울창하다,형용사,나무가 빽빽하게 우거지고 푸르다.,momo-textbook,0,1,PROVISIONAL_AUTO,1:1,APPROVABLE_CANDIDATE,"V canonical_definition과 S definition 문자열이 완전히 동일 (에이전트가 직접 대조, 동일 의미로 판단)."
위엄,SC_V1997_B097_014,위엄,명사,존경할 만한 위세가 있어 점잖고 엄숙함. 또는 그런 태도나 기세.,3160,위엄,명사,존경할 만한 지위와 권세가 있어 엄숙한 태도나 분위기.,momo-textbook,0,1,PROVISIONAL_AUTO,1:1,APPROVABLE_CANDIDATE,CHAR_JACCARD=0.60 - 문자열은 다르지만 에이전트가 두 정의를 직접 대조한 결과 같은 의미의 패러프레이즈로 판단 (세부 근거는 보고서 본문 표 참고).
유난히,SC_V1997_B097_034,유난히,부사,언행이나 상태가 보통과 아주 다르게. 또는 언행이 두드러지게 남과 달라 예측할 수 없게.,3246,유난히,부사,"상태나 성격, 행동 등이 보통과 아주 다르게.",momo-textbook,0,1,REVIEW_BOUNDARY,1:1,APPROVABLE_CANDIDATE,CHAR_JACCARD=0.42 - 문자열은 다르지만 에이전트가 두 정의를 직접 대조한 결과 같은 의미의 패러프레이즈로 판단 (세부 근거는 보고서 본문 표 참고).
육중하다,SC_V1998_B098_026,육중하다,형용사,투박하고 무겁다.,3554,육중하다,형용사,투박하고 무겁다.,momo-textbook,1,2,REVIEW_BOUNDARY,1:1,APPROVABLE_CANDIDATE,"V canonical_definition과 S definition 문자열이 완전히 동일 (에이전트가 직접 대조, 동일 의미로 판단)."
은신처,SC_V1998_B098_047,은신처,명사,몸을 숨기는 곳.,3638,은신처,명사,몸을 숨기는 곳.,momo-textbook,2,2,REVIEW_BOUNDARY,1:1,APPROVABLE_CANDIDATE,"V canonical_definition과 S definition 문자열이 완전히 동일 (에이전트가 직접 대조, 동일 의미로 판단)."
이따금,SC_V19100_B100_014,이따금,부사,얼마쯤씩 있다가 가끔.,3531,이따금,부사,어쩌다가 가끔.,momo-textbook,0,1,PROVISIONAL_AUTO,1:1,APPROVABLE_CANDIDATE,CHAR_JACCARD=0.42 - 문자열은 다르지만 에이전트가 두 정의를 직접 대조한 결과 같은 의미의 패러프레이즈로 판단 (세부 근거는 보고서 본문 표 참고).
이윽고,SC_V19100_B100_048,이윽고,부사,얼마 있다가. 또는 얼마쯤 시간이 흐른 뒤에.,3228,이윽고,부사,시간이 얼마쯤 흐른 뒤에 드디어.,momo-textbook,0,1,PROVISIONAL_AUTO,1:1,APPROVABLE_CANDIDATE,CHAR_JACCARD=0.60 - 문자열은 다르지만 에이전트가 두 정의를 직접 대조한 결과 같은 의미의 패러프레이즈로 판단 (세부 근거는 보고서 본문 표 참고).
익살스럽다,SC_V19101_B101_015,익살스럽다,형용사,남을 웃기려고 일부러 우스운 말이나 행동을 하는 데가 있다.,3120,익살스럽다,형용사,다른 사람을 웃기려고 일부러 재미있는 말이나 행동을 하는 데가 있다.,momo-textbook,0,3,PROVISIONAL_AUTO,1:1,APPROVABLE_CANDIDATE,CHAR_JACCARD=0.70 - 문자열은 다르지만 에이전트가 두 정의를 직접 대조한 결과 같은 의미의 패러프레이즈로 판단 (세부 근거는 보고서 본문 표 참고).
일석이조,SC_V19102_B102_005,일석이조,명사,"돌 한 개를 던져 새 두 마리를 잡는다는 뜻으로, 동시에 두 가지 이득을 봄을 이르는 말.",7249,일석이조,,"돌 한 개를 던져 새 두 마리를 잡는다는 뜻으로, 동시에 두 가지 이득을 봄을 이르는 말.",sajaseongeo-pdf,1,1,REVIEW_BOUNDARY,1:1,APPROVABLE_CANDIDATE,"V canonical_definition과 S definition 문자열이 완전히 동일 (에이전트가 직접 대조, 동일 의미로 판단)."
일편단심,SC_V19102_B102_014,일편단심,명사,"한 조각의 붉은 마음이라는 뜻으로, 진심에서 우러나오는 변치 아니하는 마음을 이르는 말.",7252,일편단심,,"한 조각의 붉은 마음이라는 뜻으로, 진심에서 우러나오는 변치 아니하는 마음을 이르는 말.",sajaseongeo-pdf,2,3,PROVISIONAL_AUTO,1:1,APPROVABLE_CANDIDATE,"V canonical_definition과 S definition 문자열이 완전히 동일 (에이전트가 직접 대조, 동일 의미로 판단)."
임기응변,SC_V19102_B102_019,임기응변,명사,그때그때 처한 사태에 맞추어 즉각 그 자리에서 결정하거나 처리함.,3375,임기응변,명사,"그때그때 처한 사태에 맞추어 즉각 그 자리에서 결정하거나 처리
함.",momo-textbook,2,3,PROVISIONAL_AUTO,1:1,APPROVABLE_CANDIDATE,CHAR_JACCARD=0.96 - 문자열은 다르지만 에이전트가 두 정의를 직접 대조한 결과 같은 의미의 패러프레이즈로 판단 (세부 근거는 보고서 본문 표 참고).
자초지종,SC_V19103_B103_032,자초지종,명사,처음부터 끝까지의 과정.,3324,자초지종,명사,처음부터 끝까지의 과정.,momo-textbook,1,3,PROVISIONAL_AUTO,1:1,APPROVABLE_CANDIDATE,"V canonical_definition과 S definition 문자열이 완전히 동일 (에이전트가 직접 대조, 동일 의미로 판단)."
잿빛,SC_V19105_B105_038,잿빛,명사,재의 빛깔과 같이 흰빛을 띤 검은빛.,3504,잿빛,명사,"검은빛과 흰빛의 중간으로, 재의 빛깔과 같은 빛.",momo-textbook,0,2,REVIEW_BOUNDARY,1:1,APPROVABLE_CANDIDATE,CHAR_JACCARD=0.58 - 문자열은 다르지만 에이전트가 두 정의를 직접 대조한 결과 같은 의미의 패러프레이즈로 판단 (세부 근거는 보고서 본문 표 참고).
지체하다,SC_V19112_B112_033,지체하다,동사,때를 늦추거나 질질 끌다.,3590,지체하다,동사,때를 늦추거나 질질 끌다.,momo-textbook,1,1,PROVISIONAL_AUTO,1:1,APPROVABLE_CANDIDATE,"V canonical_definition과 S definition 문자열이 완전히 동일 (에이전트가 직접 대조, 동일 의미로 판단)."
진수성찬,SC_V19113_B113_017,진수성찬,명사,푸짐하게 잘 차린 맛있는 음식.,3232,진수성찬,명사,푸짐하게 잘 차린 귀하고 맛있는 음식.,momo-textbook,0,1,PROVISIONAL_AUTO,1:1,APPROVABLE_CANDIDATE,CHAR_JACCARD=0.88 - 문자열은 다르지만 에이전트가 두 정의를 직접 대조한 결과 같은 의미의 패러프레이즈로 판단 (세부 근거는 보고서 본문 표 참고).
짐작하다,SC_V1911_B011_029,짐작하다,동사,사정이나 형편 따위를 어림잡아 헤아리다.,3534,짐작하다,동사,사정이나 형편 등을 어림잡아 생각하다.,momo-textbook,0,0,PROVISIONAL_AUTO,1:1,APPROVABLE_CANDIDATE,CHAR_JACCARD=0.57 - 문자열은 다르지만 에이전트가 두 정의를 직접 대조한 결과 같은 의미의 패러프레이즈로 판단 (세부 근거는 보고서 본문 표 참고).
집념,SC_V19113_B113_048,집념,명사,한 가지 일에 매달려 마음을 쏟음. 또는 그 마음이나 생각.,3248,집념,명사,한 가지 일에만 매달려 마음을 쏟음. 또는 그 마음이나 생각.,momo-textbook,0,3,PROVISIONAL_AUTO,1:1,APPROVABLE_CANDIDATE,CHAR_JACCARD=0.95 - 문자열은 다르지만 에이전트가 두 정의를 직접 대조한 결과 같은 의미의 패러프레이즈로 판단 (세부 근거는 보고서 본문 표 참고).
째려보다,SC_V19114_B114_021,째려보다,동사,못마땅하여 매서운 눈초리로 흘겨보다.,3625,째려보다,동사,못마땅하여 매서운 눈초리로 흘겨보다.,momo-textbook,2,1,PROVISIONAL_AUTO,1:1,APPROVABLE_CANDIDATE,"V canonical_definition과 S definition 문자열이 완전히 동일 (에이전트가 직접 대조, 동일 의미로 판단)."
채비,SC_V19115_B115_037,채비,명사,"어떤 일이 되기 위하여 필요한 물건, 자세 따위가 미리 갖추어져 차려지거나 그렇게 되게 함. 또는 그 물건이나 자세.",3301,채비,명사,어떤 일이 되기 위하여 필요한 물건 또는 자세,momo-textbook,1,3,PROVISIONAL_AUTO,1:1,APPROVABLE_CANDIDATE,CHAR_JACCARD=0.51 - 문자열은 다르지만 에이전트가 두 정의를 직접 대조한 결과 같은 의미의 패러프레이즈로 판단 (세부 근거는 보고서 본문 표 참고).
측은하다,SC_V19119_B119_041,측은하다,형용사,가엾고 불쌍하다.,3583,측은하다,형용사,가엾고 불쌍하다.,momo-textbook,1,3,PROVISIONAL_AUTO,1:1,APPROVABLE_CANDIDATE,"V canonical_definition과 S definition 문자열이 완전히 동일 (에이전트가 직접 대조, 동일 의미로 판단)."
칭호,SC_V19120_B120_045,칭호,명사,어떠한 뜻으로 일컫는 이름.,3184,칭호,명사,어떠한 뜻으로 일컫는 이름.,momo-textbook,1,3,PROVISIONAL_AUTO,1:1,APPROVABLE_CANDIDATE,"V canonical_definition과 S definition 문자열이 완전히 동일 (에이전트가 직접 대조, 동일 의미로 판단)."
터득하다,SC_V19123_B123_034,터득하다,동사,깊이 생각하여 이치를 깨달아 알아내다.,3303,터득하다,동사,깊이 생각하여 이치를 깨달아 알아내다.,momo-textbook,1,1,PROVISIONAL_AUTO,1:1,APPROVABLE_CANDIDATE,"V canonical_definition과 S definition 문자열이 완전히 동일 (에이전트가 직접 대조, 동일 의미로 판단)."
투덜거리다,SC_V19124_B124_045,투덜거리다,동사,남이 알아듣기 어려울 정도의 낮은 목소리로 자꾸 불평을 하다. ‘두덜거리다’보다 거센 느낌을 준다.,3489,투덜거리다,동사,남이 알아듣기 어려울 정도로 작고 낮은 목소리로 자꾸 불평을 하다.,momo-textbook,0,1,REVIEW_BOUNDARY,1:1,APPROVABLE_CANDIDATE,CHAR_JACCARD=0.67 - 문자열은 다르지만 에이전트가 두 정의를 직접 대조한 결과 같은 의미의 패러프레이즈로 판단 (세부 근거는 보고서 본문 표 참고).
파멸,SC_V19125_B125_040,파멸,명사,파괴되어 없어짐.,3406,파멸,명사,파괴 되어 없어짐.,momo-textbook,2,1,PROVISIONAL_AUTO,1:1,APPROVABLE_CANDIDATE,CHAR_JACCARD=1.00 - 문자열은 다르지만 에이전트가 두 정의를 직접 대조한 결과 같은 의미의 패러프레이즈로 판단 (세부 근거는 보고서 본문 표 참고).
평론,SC_V19126_B126_043,평론,명사,"사물의 가치, 우열, 선악 따위를 평가하여 논함. 또는 그런 글.",3007,평론,명사,"작품이나 특정 대상에 대한 분석을 바탕으로 작품이나 대상의 가
치를 판단하고 평가하는 글",momo-textbook,1,3,REVIEW_BOUNDARY,1:1,AMBIGUOUS_SENSE,"V definition은 일반적 '평가하여 논함'(대상 제한 없음), S definition은 '작품이나 특정 대상에 대한 분석을 바탕으로 한' 글로 범위가 더 좁음(문예비평에 가까운 하위 의미로 보임). 같은 표제어의 넓은 뜻과 좁은 하위 뜻일 가능성이 있어 자동 승인하지 않음."
푸대접,SC_V19128_B128_001,푸대접,명사,정성을 들이지 않고 아무렇게나 하는 대접.,3681,푸대접,명사,정성을 들이지 않고 아무렇게나 하는 대접.,momo-textbook,2,2,REVIEW_BOUNDARY,1:1,APPROVABLE_CANDIDATE,"V canonical_definition과 S definition 문자열이 완전히 동일 (에이전트가 직접 대조, 동일 의미로 판단)."
품앗이,SC_V19128_B128_020,품앗이,명사,힘든 일을 서로 거들어 주면서 품을 지고 갚고 하는 일.,3143,품앗이,명사,힘든 일을 서로 거들어 주기 위해 돌아가며 하는 일.,momo-textbook,0,3,PROVISIONAL_AUTO,1:1,APPROVABLE_CANDIDATE,CHAR_JACCARD=0.54 - 문자열은 다르지만 에이전트가 두 정의를 직접 대조한 결과 같은 의미의 패러프레이즈로 판단 (세부 근거는 보고서 본문 표 참고).
풍채,SC_V19128_B128_033,풍채,명사,드러나 보이는 사람의 겉모양.,3305,풍채,명사,드러나 보이는 사람의 겉모양.,momo-textbook,1,3,PROVISIONAL_AUTO,1:1,APPROVABLE_CANDIDATE,"V canonical_definition과 S definition 문자열이 완전히 동일 (에이전트가 직접 대조, 동일 의미로 판단)."
핀잔,SC_V19129_B129_011,핀잔,명사,맞대어 놓고 언짢게 꾸짖거나 비꼬아 꾸짖는 일.,3058,핀잔,명사,맞대어 놓고 언짢게 꾸짖거나 비꼬아 꾸짖는 일. (꾸중.),momo-textbook,2,2,REVIEW_BOUNDARY,1:1,APPROVABLE_CANDIDATE,CHAR_JACCARD=0.86 - 문자열은 다르지만 에이전트가 두 정의를 직접 대조한 결과 같은 의미의 패러프레이즈로 판단 (세부 근거는 보고서 본문 표 참고).
하소연하다,SC_V19129_B129_040,하소연하다,동사,"억울한 일이나 잘못된 일, 딱한 사정 따위를 말하다.",3642,하소연하다,동사,"억울한 일이나 잘못된 일, 딱한 사정 따위를 말하다.",momo-textbook,2,3,PROVISIONAL_AUTO,1:1,APPROVABLE_CANDIDATE,"V canonical_definition과 S definition 문자열이 완전히 동일 (에이전트가 직접 대조, 동일 의미로 판단)."
한사코,SC_V19130_B130_025,한사코,부사,죽기로 기를 쓰고.,3581,한사코,부사,죽기로 기를 쓰고,momo-textbook,1,2,REVIEW_BOUNDARY,1:1,APPROVABLE_CANDIDATE,CHAR_JACCARD=0.88 - 문자열은 다르지만 에이전트가 두 정의를 직접 대조한 결과 같은 의미의 패러프레이즈로 판단 (세부 근거는 보고서 본문 표 참고).
한솥밥,SC_V19130_B130_026,한솥밥,명사,같은 솥에서 푼 밥.,3539,한솥밥,명사,같은 솥에서 푼 밥.,momo-textbook,0,3,PROVISIONAL_AUTO,1:1,APPROVABLE_CANDIDATE,"V canonical_definition과 S definition 문자열이 완전히 동일 (에이전트가 직접 대조, 동일 의미로 판단)."
한탄하다,SC_V19130_B130_039,한탄하다,동사,원통하거나 뉘우치는 일이 있을 때 한숨을 쉬며 탄식하다.,3319,한탄하다,동사,원통하거나 뉘우치는 일이 있을 때 한숨을 쉬며 탄식하다.,momo-textbook,1,3,PROVISIONAL_AUTO,1:1,APPROVABLE_CANDIDATE,"V canonical_definition과 S definition 문자열이 완전히 동일 (에이전트가 직접 대조, 동일 의미로 판단)."
해어지다,SC_V19131_B131_027,해어지다,동사,닳아서 떨어지다.,3705,해어지다,동사,닳아서 구멍이 나거나 찢어지다.,momo-textbook,0,2,REVIEW_BOUNDARY,1:1,APPROVABLE_CANDIDATE,CHAR_JACCARD=0.53 - 문자열은 다르지만 에이전트가 두 정의를 직접 대조한 결과 같은 의미의 패러프레이즈로 판단 (세부 근거는 보고서 본문 표 참고).
헛간,SC_V19132_B132_039,헛간,명사,막 쓰는 물건을 쌓아 두는 광. 흔히 문짝이 없이 한 면이 터져 있다.,3503,헛간,명사,막 쓰는 물건을 쌓아 두는 창고.,momo-textbook,0,3,PROVISIONAL_AUTO,1:1,APPROVABLE_CANDIDATE,CHAR_JACCARD=0.42 - 문자열은 다르지만 에이전트가 두 정의를 직접 대조한 결과 같은 의미의 패러프레이즈로 판단 (세부 근거는 보고서 본문 표 참고).
형체,SC_V19133_B133_028,형체,명사,물건의 생김새나 그 바탕이 되는 몸체.,3527,형체,명사,물체의 생긴 모양이나 그 바탕이 되는 몸체.,momo-textbook,0,1,PROVISIONAL_AUTO,1:1,APPROVABLE_CANDIDATE,CHAR_JACCARD=0.70 - 문자열은 다르지만 에이전트가 두 정의를 직접 대조한 결과 같은 의미의 패러프레이즈로 판단 (세부 근거는 보고서 본문 표 참고).
호주머니,SC_V19133_B133_044,호주머니,명사,"옷의 일정한 곳에 헝겊을 달거나 옷의 한 부분에 헝겊을 덧대어 돈, 소지품 따위를 넣도록 만든 부분.",3484,호주머니,명사,옷에 천 등을 덧대어 돈이나 물건 등을 넣을 수 있도록 만든 부분.,momo-textbook,0,2,REVIEW_BOUNDARY,1:1,APPROVABLE_CANDIDATE,CHAR_JACCARD=0.42 - 문자열은 다르지만 에이전트가 두 정의를 직접 대조한 결과 같은 의미의 패러프레이즈로 판단 (세부 근거는 보고서 본문 표 참고).
혼비백산,SC_V19134_B134_003,혼비백산,명사,"혼백이 어지러이 흩어진다는 뜻으로, 몹시 놀라 넋을 잃음을 이르는 말.",3015,혼비백산,명사,몹시 놀라 넋을 잃음을 이르는. 말,momo-textbook,1,3,PROVISIONAL_AUTO,1:N,MULTIPLE_LINKS,"cardinality=1:N (s_rows_for_this_headword=2, v_rows_for_this_headword=1) - 단일 nullable literacy_term_id 컬럼 1개로는 이 headword의 모든 literacy_term_id를 동시에 표현 못함."
혼비백산,SC_V19134_B134_003,혼비백산,명사,"혼백이 어지러이 흩어진다는 뜻으로, 몹시 놀라 넋을 잃음을 이르는 말.",7306,혼비백산,,"혼백이 어지러이 흩어진다는 뜻으로, 몹시 놀라 넋을 잃음을 이르는 말.",sajaseongeo-pdf,2,3,PROVISIONAL_AUTO,1:N,MULTIPLE_LINKS,"cardinality=1:N (s_rows_for_this_headword=2, v_rows_for_this_headword=1) - 단일 nullable literacy_term_id 컬럼 1개로는 이 headword의 모든 literacy_term_id를 동시에 표현 못함."
흐느끼다,SC_V19136_B136_033,흐느끼다,동사,몹시 서럽거나 감격에 겨워 흑흑 소리를 내며 울다.,3217,흐느끼다,동사,몹시 슬프거나 감격에 겨워 흑흑 소리를 내며 울다.,momo-textbook,0,1,PROVISIONAL_AUTO,1:1,APPROVABLE_CANDIDATE,CHAR_JACCARD=0.83 - 문자열은 다르지만 에이전트가 두 정의를 직접 대조한 결과 같은 의미의 패러프레이즈로 판단 (세부 근거는 보고서 본문 표 참고).
흐뭇하다,SC_V1914_B014_016,흐뭇하다,형용사,마음에 흡족하여 매우 만족스럽다.,3118,흐뭇하다,형용사,마음에 들어 매우 만족스럽다.,momo-textbook,0,0,PROVISIONAL_AUTO,1:1,APPROVABLE_CANDIDATE,CHAR_JACCARD=0.71 - 문자열은 다르지만 에이전트가 두 정의를 직접 대조한 결과 같은 의미의 패러프레이즈로 판단 (세부 근거는 보고서 본문 표 참고).
희귀하다,SC_V19137_B137_016,희귀하다,형용사,드물어서 특이하거나 매우 귀하다.,3270,희귀하다,형용사,드물어서 특이하거나 매우 귀하다.,momo-textbook,1,1,PROVISIONAL_AUTO,1:1,APPROVABLE_CANDIDATE,"V canonical_definition과 S definition 문자열이 완전히 동일 (에이전트가 직접 대조, 동일 의미로 판단)."
희한하다,SC_V1914_B014_024,희한하다,형용사,매우 드물거나 신기하다.,3226,희한하다,형용사,매우 드물거나 신기하다.,momo-textbook,0,0,PROVISIONAL_AUTO,1:1,APPROVABLE_CANDIDATE,"V canonical_definition과 S definition 문자열이 완전히 동일 (에이전트가 직접 대조, 동일 의미로 판단)."
