group,is_S,lemma,pos,literacy_source,literacy_term_id,canonical_definition,student_definition,example_sentence,example_target_form,subject_category,note_week,reuse_check,final_classification,caution,hold_reason,content_id,vocab_level,level_status
L5_CANDIDATE,False,대등,명사,V(schemareading-tooldict),4868,서로 견주어 높고 낮음이나 낫고 못함이 없이 비슷함.,서로 비교했을 때 높고 낮음이나 잘하고 못함의 차이가 없이 비슷한 것,두 팀의 실력은 대등해서 누가 이길지 예측하기 어려웠다.,대등해서,,,"REUSE=0 (exact lemma match against 5,772 existing vocabulary_contents rows incl. L4 49) confirmed via phase14 reuse_check.py",NEW_PRIVATE_LOADABLE,,,SR_L5CORE_4868,5,REVIEW_BOUNDARY
L5_CANDIDATE,False,사후,명사,V(schemareading-tooldict),4920,일이 끝난 뒤. 또는 일을 끝낸 뒤.,어떤 일이 다 끝난 뒤,사고가 난 뒤에는 사후 대책을 마련하는 것이 중요하다.,사후,,,"REUSE=0 (exact lemma match against 5,772 existing vocabulary_contents rows incl. L4 49) confirmed via phase14 reuse_check.py",NEW_PRIVATE_LOADABLE,기존 vocabulary_contents에는 없지만 뜻이 반대인 '향후'(앞으로)와 글자(뒤 '후')를 공유해 혼동 가능 - 향후는 이번 배치에 없음.,,SR_L5CORE_4920,5,REVIEW_BOUNDARY
L5_CANDIDATE,False,본론,명사,V(schemareading-tooldict),4904,말이나 글에서 주장이 있는 부분.,말이나 글에서 하고 싶은 주장이나 중심 내용을 담은 부분,"서론에서 문제를 제기한 뒤, 본론에서 자신의 주장을 자세히 설명했다.",본론에서,,,"REUSE=0 (exact lemma match against 5,772 existing vocabulary_contents rows incl. L4 49) confirmed via phase14 reuse_check.py",NEW_PRIVATE_LOADABLE,,,SR_L5CORE_4904,5,REVIEW_BOUNDARY
L5_CANDIDATE,False,논술,명사,V(schemareading-tooldict),4859,어떤 것에 관하여 의견을 논리적으로 서술함. 또는 그런 서술.,어떤 주제에 대한 자신의 의견을 논리적으로 밝혀 쓰는 것,그는 환경 문제에 대한 논술을 써서 상을 받았다.,논술을,,,"REUSE=0 (exact lemma match against 5,772 existing vocabulary_contents rows incl. L4 49) confirmed via phase14 reuse_check.py",NEW_PRIVATE_LOADABLE,,,SR_L5CORE_4859,5,REVIEW_BOUNDARY
L5_CANDIDATE,False,부가,명사,V(schemareading-tooldict),4906,주된 것에 덧붙임.,주된 것에 다른 것을 더 덧붙이는 것,기본 요금에 부가 서비스 비용이 추가로 붙었다.,부가,,,"REUSE=0 (exact lemma match against 5,772 existing vocabulary_contents rows incl. L4 49) confirmed via phase14 reuse_check.py",NEW_PRIVATE_LOADABLE,,,SR_L5CORE_4906,5,REVIEW_BOUNDARY
L5_CANDIDATE,False,성향,명사,V(schemareading-tooldict),4934,성질에 따른 경향.,타고난 성질에 따라 나타나는 행동이나 생각의 경향,그는 위험을 피하려는 성향이 강한 편이다.,성향이,,,"REUSE=0 (exact lemma match against 5,772 existing vocabulary_contents rows incl. L4 49) confirmed via phase14 reuse_check.py",NEW_PRIVATE_LOADABLE,"기존 vocabulary_contents의 L4 '지향'(4808, 방향을 잡아 나아감)과 끝 글자 '향'을 공유하고 의미도 '경향/방향' 개념으로 인접해 혼동 가능 - 유추/유사급의 낮은 수준 주의.",,SR_L5CORE_4934,5,REVIEW_BOUNDARY
D_new_V,False,가변,명사,V(schemareading-tooldict),4834,사물의 모양이나 성질이 바뀌거나 달라질 수 있음. 또는 그런 사물의 모양이나 성질을 바꾸거나 달라지게 할 수 있음.,사물의 모양이나 성질이 상황에 따라 바뀌거나 달라질 수 있는 것,환율은 여러 요인에 따라 오르내리는 가변적인 수치이다.,가변적인,,,"REUSE=0 (exact lemma match against 5,772 existing vocabulary_contents rows incl. L4 49) confirmed via phase14 reuse_check.py",NEW_PRIVATE_LOADABLE,"phase13에서 HOLD된 '가변성'(자원 관련 S 콘텐츠, 이번 배치와 무관)과 어근은 같으나 별개 표제어·별개 term_id. 반의어 '불변'은 이번 배치에 포함하지 않음.",,SR_L5CORE_4834,5,REVIEW_BOUNDARY
D_new_V,False,가치관,명사,V(schemareading-tooldict),4835,가치에 대한 관점. 인간이 자기를 포함한 세계나 그 속의 사상에 대하여 가지는 평가의 근본적 태도이다.,"무엇이 옳고 그른지, 중요한지 아닌지를 판단하는 자기만의 기준이나 관점",청소년기에는 자신만의 가치관을 세워 나가는 것이 중요하다.,가치관을,,,"REUSE=0 (exact lemma match against 5,772 existing vocabulary_contents rows incl. L4 49) confirmed via phase14 reuse_check.py",NEW_PRIVATE_LOADABLE,,,SR_L5CORE_4835,5,REVIEW_BOUNDARY
D_new_V,False,간략,명사,V(schemareading-tooldict),4836,손쉽고 간단함.,손쉽고 간단한 것,발표 내용을 간략하게 정리해서 발표했다.,간략하게,,,"REUSE=0 (exact lemma match against 5,772 existing vocabulary_contents rows incl. L4 49) confirmed via phase14 reuse_check.py",NEW_PRIVATE_LOADABLE,,,SR_L5CORE_4836,5,REVIEW_BOUNDARY
D_new_V,False,감안,명사,V(schemareading-tooldict),4837,여러 사정을 참고하여 생각함.,여러 사정을 참고하여 생각에 넣는 것,날씨가 좋지 않은 점을 감안해서 일정을 미루기로 했다.,감안해서,,,"REUSE=0 (exact lemma match against 5,772 existing vocabulary_contents rows incl. L4 49) confirmed via phase14 reuse_check.py",NEW_PRIVATE_LOADABLE,,,SR_L5CORE_4837,5,REVIEW_BOUNDARY
D_new_V,False,개관,명사,V(schemareading-tooldict),4838,전체를 대강 살펴봄. 또는 그런 것.,전체를 대강 훑어보는 것,이 책의 1장은 한국 역사 전체를 개관하는 내용으로 시작한다.,개관하는,,,"REUSE=0 (exact lemma match against 5,772 existing vocabulary_contents rows incl. L4 49) confirmed via phase14 reuse_check.py",NEW_PRIVATE_LOADABLE,'개괄'(이번 배치에 포함)과 뜻이 비슷해(둘 다 '대강 살펴봄/추려냄') 동의어에 가까운 혼동 가능 - 반의어 관계는 아님.,,SR_L5CORE_4838,5,REVIEW_BOUNDARY
D_new_V,False,개괄,명사,V(schemareading-tooldict),4839,중요한 내용이나 줄거리를 대강 추려 냄.,중요한 내용이나 줄거리를 대강 간추려서 정리하는 것,선생님은 수업을 시작하며 오늘 배울 내용을 개괄해서 설명했다.,개괄해서,,,"REUSE=0 (exact lemma match against 5,772 existing vocabulary_contents rows incl. L4 49) confirmed via phase14 reuse_check.py",NEW_PRIVATE_LOADABLE,'개관'과 뜻이 비슷함(위 항목 참고).,,SR_L5CORE_4839,5,REVIEW_BOUNDARY
D_new_V,False,거시,명사,V(schemareading-tooldict),4840,어떤 대상을 전체적으로 크게 봄.,어떤 대상을 세세한 부분이 아니라 전체적으로 크게 보는 것,경제를 공부할 때는 개인의 소비뿐 아니라 거시 경제 지표도 살펴봐야 한다.,거시,,,"REUSE=0 (exact lemma match against 5,772 existing vocabulary_contents rows incl. L4 49) confirmed via phase14 reuse_check.py",NEW_PRIVATE_LOADABLE,"반의어 '미시'는 이번 배치에 포함하지 않음(둘은 교육상 대비어로 함께 배우는 것이 자연스러우나, 이번 세션은 거시만 선정).",,SR_L5CORE_4840,5,REVIEW_BOUNDARY
D_new_V,False,검정,명사,V(schemareading-tooldict),4841,일정한 규정에 따라 자격이나 조건을 검사하여 결정함.,,,,,,"REUSE=0 (exact lemma match against 5,772 existing vocabulary_contents rows incl. L4 49) confirmed via phase14 reuse_check.py",HOLD,"'검정'은 색깔을 뜻하는 기초 어휘(검정=black)가 압도적으로 더 흔한 동형이의어다. literacy.db에는 '자격 검사' 뜻 1개 행만 있으나, 탈맥락 정의 매칭 퀴즈에서 학생이 '검정'을 보면 거의 확실히 '검은색'을 먼저 떠올릴 위험이 phase13의 '정상'(제대로인 상태 vs 산 정상) 사례보다 훨씬 크다고 판단. phase13은 1개 의미만 저장된 경우 배치 유지했지만, 이번은 경쟁 의미의 압도적 우세를 근거로 개별 HOLD.",동형이의어 위험: '검정(색)'이 압도적으로 우세한 일상 의미라 탈맥락 정의 매칭 시 혼동 가능성이 매우 높음(literacy.db 저장 의미는 '자격 검사'뿐).,,5,
D_new_V,False,계승,명사,V(schemareading-tooldict),4843,"조상의 전통이나 문화유산, 업적 따위를 물려받아 이어 나감.","전통이나 문화유산, 업적 등을 물려받아 이어 나가는 것",그는 전통 도자기 기술을 계승한 장인이다.,계승한,,,"REUSE=0 (exact lemma match against 5,772 existing vocabulary_contents rows incl. L4 49) confirmed via phase14 reuse_check.py",NEW_PRIVATE_LOADABLE,,,SR_L5CORE_4843,5,REVIEW_BOUNDARY
D_new_V,False,계통,명사,V(schemareading-tooldict),4844,일정한 체계에 따라 서로 관련되어 있는 부분들의 통일적 조직.,일정한 체계에 따라 서로 관련된 부분들이 이루는 하나의 조직이나 줄기,생물은 진화의 계통에 따라 분류할 수 있다.,계통에,,,"REUSE=0 (exact lemma match against 5,772 existing vocabulary_contents rows incl. L4 49) confirmed via phase14 reuse_check.py",NEW_PRIVATE_LOADABLE,,,SR_L5CORE_4844,5,REVIEW_BOUNDARY
D_new_V,False,광범위,명사,V(schemareading-tooldict),4845,범위가 넓음. 또는 넓은 범위.,범위가 넓은 것,이번 조사는 전국을 대상으로 한 광범위한 조사였다.,광범위한,,,"REUSE=0 (exact lemma match against 5,772 existing vocabulary_contents rows incl. L4 49) confirmed via phase14 reuse_check.py",NEW_PRIVATE_LOADABLE,,,SR_L5CORE_4845,5,REVIEW_BOUNDARY
D_new_V,False,구축,명사,V(schemareading-tooldict),4846,어떤 시설물을 쌓아 올려 만듦.,어떤 시설이나 체계를 쌓아 올려 만드는 것,회사는 새로운 물류 시스템을 구축했다.,구축했다,,,"REUSE=0 (exact lemma match against 5,772 existing vocabulary_contents rows incl. L4 49) confirmed via phase14 reuse_check.py",NEW_PRIVATE_LOADABLE,"'구현'(이번 배치 포함)과 '무언가를 만들어낸다'는 점에서 뜻이 비슷해 실제로도 자주 혼용되는 표현 - 구축=기반/체계를 쌓아 만듦, 구현=생각·계획을 실제로 나타나게 함으로 구분 필요.",,SR_L5CORE_4846,5,REVIEW_BOUNDARY
D_new_V,False,구현,명사,V(schemareading-tooldict),4847,어떤 내용이 구체적인 사실로 나타나게 함.,생각이나 계획을 구체적인 현실로 나타나게 하는 것,이 프로그램은 사용자의 아이디어를 실제 화면으로 구현해 준다.,구현해,,,"REUSE=0 (exact lemma match against 5,772 existing vocabulary_contents rows incl. L4 49) confirmed via phase14 reuse_check.py",NEW_PRIVATE_LOADABLE,'구축'과 혼동 가능(위 항목 참고).,,SR_L5CORE_4847,5,REVIEW_BOUNDARY
D_new_V,False,국면,명사,V(schemareading-tooldict),4848,어떤 일이 벌어진 장면이나 형편.,어떤 일이 벌어지고 있는 장면이나 상황,협상이 새로운 국면으로 접어들었다.,국면으로,,,"REUSE=0 (exact lemma match against 5,772 existing vocabulary_contents rows incl. L4 49) confirmed via phase14 reuse_check.py",NEW_PRIVATE_LOADABLE,,,SR_L5CORE_4848,5,REVIEW_BOUNDARY
D_new_V,False,급진,명사,V(schemareading-tooldict),4849,서둘러 급히 나아감.,서두르고 급하게 목표를 향해 나아가는 것,그는 천천히 바꾸기보다 급진적인 개혁을 주장했다.,급진적인,,,"REUSE=0 (exact lemma match against 5,772 existing vocabulary_contents rows incl. L4 49) confirmed via phase14 reuse_check.py",NEW_PRIVATE_LOADABLE,,,SR_L5CORE_4849,5,REVIEW_BOUNDARY
D_new_V,False,난점,명사,V(schemareading-tooldict),4854,곤란한 점.,일을 하는 데 어려움이 있는 부분,이 계획에는 예산 확보라는 난점이 있다.,난점이,,,"REUSE=0 (exact lemma match against 5,772 existing vocabulary_contents rows incl. L4 49) confirmed via phase14 reuse_check.py",NEW_PRIVATE_LOADABLE,,,SR_L5CORE_4854,5,REVIEW_BOUNDARY
D_new_V,False,내면,명사,V(schemareading-tooldict),4855,물건의 안쪽.,,,,,,"REUSE=0 (exact lemma match against 5,772 existing vocabulary_contents rows incl. L4 49) confirmed via phase14 reuse_check.py",HOLD,"literacy.db 저장 정의(표준국어대사전 1번 뜻 '물건의 안쪽')는 실제 독서·문학 지문에서 압도적으로 자주 쓰이는 2번 뜻('사람의 정신이나 마음의 작용', 예: 인물의 내면 묘사, 내면의 갈등)을 담고 있지 않다. phase13의 '가변성' HOLD와 같은 유형의 문제(저장된 정의가 학생이 실제로 접할 뜻과 다름)로 판단해 개별 HOLD.",의미 불일치: literacy.db에 저장된 뜻('물건의 안쪽')이 독서 지문에서 실제로 쓰이는 지배적 의미(사람의 정신·마음)를 담지 못함.,,5,
D_new_V,False,내재,명사,V(schemareading-tooldict),4856,어떤 사물이나 범위의 안에 들어 있음. 또는 그런 존재.,어떤 것 안에 원래부터 들어 있는 것,이 정책에는 처음부터 문제가 내재되어 있었다.,내재되어,,,"REUSE=0 (exact lemma match against 5,772 existing vocabulary_contents rows incl. L4 49) confirmed via phase14 reuse_check.py",NEW_PRIVATE_LOADABLE,,,SR_L5CORE_4856,5,REVIEW_BOUNDARY
D_new_V,False,논거,명사,V(schemareading-tooldict),4857,"어떤 이론이나 논리, 논설 따위의 근거.",주장이나 이론을 뒷받침하는 근거,그는 자신의 주장에 대한 논거를 명확히 제시했다.,논거를,,,"REUSE=0 (exact lemma match against 5,772 existing vocabulary_contents rows incl. L4 49) confirmed via phase14 reuse_check.py",NEW_PRIVATE_LOADABLE,,,SR_L5CORE_4857,5,REVIEW_BOUNDARY
D_new_V,False,논리적,명사,V(schemareading-tooldict),4858,논리에 맞는 것.,생각이나 말이 앞뒤가 맞고 이치에 맞는 것,그는 감정적으로 말하지 않고 논리적으로 설명했다.,논리적으로,,,"REUSE=0 (exact lemma match against 5,772 existing vocabulary_contents rows incl. L4 49) confirmed via phase14 reuse_check.py",NEW_PRIVATE_LOADABLE,,,SR_L5CORE_4858,5,REVIEW_BOUNDARY
D_new_S_sci,True,연약권,명사,S(schemareading-schema),6494,딱딱한 암석권 아래로 평균 지하 100km 부근의 부드러운 부분.,"단단한 암석권 아래, 땅속 약 100km 부근에 있는 비교적 부드러운 부분",판은 그 아래에 있는 연약권 위를 천천히 움직인다.,연약권,과학,소분류: 판구조론 / 주차: 1주차,"REUSE=0 (exact lemma match against 5,772 existing vocabulary_contents rows incl. L4 49) confirmed via phase14 reuse_check.py",NEW_PRIVATE_LOADABLE,,,SR_L5CORE_6494,5,REVIEW_BOUNDARY
D_new_S_sci,True,맨틀,명사,S(schemareading-schema),6495,지구를 구성하는 층서 중 지각과 외핵 사이에 분포하는 영역.,지구 내부에서 지각과 외핵 사이에 있는 두꺼운 층,"지구 내부는 지각, 맨틀, 외핵, 내핵의 순서로 이루어져 있다.",맨틀,과학,소분류: 판구조론 / 주차: 1주차,"REUSE=0 (exact lemma match against 5,772 existing vocabulary_contents rows incl. L4 49) confirmed via phase14 reuse_check.py",NEW_PRIVATE_LOADABLE,,,SR_L5CORE_6495,5,REVIEW_BOUNDARY
D_new_S_sci,True,발산형 경계,명사,S(schemareading-schema),6498,지구를 구성하는 판이 생성되어 멀어지는 부분 . 맨틀 대류에 의한 판 이동 시 갈라지는 부분.,두 판이 서로 멀어지면서 그 사이에 새로운 판이 만들어지는 경계,대서양 중앙 해령은 두 판이 멀어지는 발산형 경계의 대표적인 예이다.,발산형 경계,과학,소분류: 판구조론 / 주차: 1주차,"REUSE=0 (exact lemma match against 5,772 existing vocabulary_contents rows incl. L4 49) confirmed via phase14 reuse_check.py",NEW_PRIVATE_LOADABLE,'수렴형 경계'(이번 배치 포함)와 짝을 이루는 대비 개념 - 교육상 함께 배우는 것이 자연스러우나 출제 시 방향(멀어짐/충돌) 구분 필요.,,SR_L5CORE_6498,5,REVIEW_BOUNDARY
D_new_S_sci,True,해령,명사,S(schemareading-schema),6499,깊은 바다에 있는 길고 좁은 산맥 모양의 솟아오른 부분.,깊은 바다 밑에 길게 이어진 산맥처럼 솟아오른 지형,해령에서는 새로운 해양 지각이 만들어진다.,해령에서,과학,소분류: 판구조론 / 주차: 1주차,"REUSE=0 (exact lemma match against 5,772 existing vocabulary_contents rows incl. L4 49) confirmed via phase14 reuse_check.py",NEW_PRIVATE_LOADABLE,"'해구'(이번 배치 포함, 움푹 파인 지형)와 높낮이가 반대인 지형 개념 - 글자도 '해'로 시작해 혼동 가능, 출제 시 구분 필요.",,SR_L5CORE_6499,5,REVIEW_BOUNDARY
D_new_S_sci,True,열곡,명사,S(schemareading-schema),6500,확장이 일어나는 부분에서 두 개의 단층 사이에 생성된 골짜기.,땅이 양쪽으로 벌어지면서 두 단층 사이에 생긴 좁고 긴 골짜기,해령의 한가운데에는 열곡이라는 좁은 골짜기가 있다.,열곡,과학,소분류: 판구조론 / 주차: 1주차,"REUSE=0 (exact lemma match against 5,772 existing vocabulary_contents rows incl. L4 49) confirmed via phase14 reuse_check.py",NEW_PRIVATE_LOADABLE,,,SR_L5CORE_6500,5,REVIEW_BOUNDARY
D_new_S_sci,True,수렴형 경계,명사,S(schemareading-schema),6501,두 개의 판이 서로 충돌하여 그림과 같이 맨틀의 대류가 하강하는 곳으로 해양 지각이 연약권 밑으로 밀려 들어가기 때문에 해양 지각이 소실되는 경계.,두 판이 서로 부딪쳐서 한쪽이 다른 쪽 밑으로 밀려 들어가는 경계,일본 부근은 두 판이 부딪치는 수렴형 경계에 속해 지진이 잦다.,수렴형 경계,과학,소분류: 판구조론 / 주차: 1주차,"REUSE=0 (exact lemma match against 5,772 existing vocabulary_contents rows incl. L4 49) confirmed via phase14 reuse_check.py",NEW_PRIVATE_LOADABLE,'발산형 경계'와 짝을 이루는 대비 개념(위 항목 참고).,,SR_L5CORE_6501,5,REVIEW_BOUNDARY
D_new_S_sci,True,해구,명사,S(schemareading-schema),6502,"심해저에서 움푹 들어간 좁고 긴 곳으로, 급사면에 둘러싸인 해저지형.",깊은 바다 밑바닥이 좁고 길게 움푹 파인 지형,태평양의 마리아나 해구는 세계에서 가장 깊은 곳이다.,해구는,과학,소분류: 판구조론 / 주차: 1주차,"REUSE=0 (exact lemma match against 5,772 existing vocabulary_contents rows incl. L4 49) confirmed via phase14 reuse_check.py",NEW_PRIVATE_LOADABLE,'해령'과 혼동 가능(위 항목 참고).,,SR_L5CORE_6502,5,REVIEW_BOUNDARY
D_new_S_sci,True,열점,명사,S(schemareading-schema),6508,맨틀 깊은 곳에서 기둥 모양으로 올라오는 물질의 흐름이 지표에서 화산이나 융기로서 나타난 지점.,맨틀 깊은 곳에서 뜨거운 물질이 기둥처럼 솟아올라 화산 활동이 일어나는 지점,하와이 화산섬들은 열점 위를 판이 이동하면서 만들어졌다.,열점,과학,소분류: 판구조론 / 주차: 1주차,"REUSE=0 (exact lemma match against 5,772 existing vocabulary_contents rows incl. L4 49) confirmed via phase14 reuse_check.py",NEW_PRIVATE_LOADABLE,,,SR_L5CORE_6508,5,REVIEW_BOUNDARY
D_new_S_sci,True,광물,명사,S(schemareading-schema),6509,천연으로 나며 질이 고르고 화학적 조성(組成)이 일정한 물질.,자연적으로 생기며 성분이 일정한 고체 물질,이 암석에는 여러 종류의 광물이 섞여 있다.,광물이,과학,소분류: 지구 구성 물질 / 주차: 2주차,"REUSE=0 (exact lemma match against 5,772 existing vocabulary_contents rows incl. L4 49) confirmed via phase14 reuse_check.py",NEW_PRIVATE_LOADABLE,,,SR_L5CORE_6509,5,REVIEW_BOUNDARY
D_new_S_sci,True,결정형,명사,S(schemareading-schema),6510,결정이 나타내는 겉모양.,광물의 결정이 가지는 겉모양이나 형태,같은 광물이라도 자라는 환경에 따라 결정형이 다르게 나타난다.,결정형이,과학,소분류: 지구 구성 물질 / 주차: 2주차,"REUSE=0 (exact lemma match against 5,772 existing vocabulary_contents rows incl. L4 49) confirmed via phase14 reuse_check.py",NEW_PRIVATE_LOADABLE,,,SR_L5CORE_6510,5,REVIEW_BOUNDARY
D_new_S_sci,True,쪼개짐,명사,S(schemareading-schema),6513,결합력이 약한 방향이나 특정한 면을 따라 광물이 쉽게 쪼개지는 성질.,광물이 일정한 방향이나 면을 따라 매끈하게 쪼개지는 성질,운모는 얇은 판 모양으로 쪼개짐이 잘 일어나는 광물이다.,쪼개짐이,과학,소분류: 지구 구성 물질 / 주차: 2주차,"REUSE=0 (exact lemma match against 5,772 existing vocabulary_contents rows incl. L4 49) confirmed via phase14 reuse_check.py",NEW_PRIVATE_LOADABLE,'깨짐'(이번 배치 포함)과 짝을 이루는 대비 개념(광물이 매끈하게 갈라지는지/울퉁불퉁하게 갈라지는지) - 출제 시 구분 필요.,,SR_L5CORE_6513,5,REVIEW_BOUNDARY
D_new_S_sci,True,깨짐,명사,S(schemareading-schema),6514,"광물이 힘을 받아 깨질 때 일정한 방향으로 쪼개지지 않아, 그 깨진 면이 평탄하지 않은 것.","광물이 힘을 받아 깨질 때, 일정한 방향 없이 울퉁불퉁하게 깨지는 성질",석영은 쪼개짐이 없고 깨짐만 나타나는 광물이다.,깨짐,과학,소분류: 지구 구성 물질 / 주차: 2주차,"REUSE=0 (exact lemma match against 5,772 existing vocabulary_contents rows incl. L4 49) confirmed via phase14 reuse_check.py",NEW_PRIVATE_LOADABLE,'쪼개짐'과 짝을 이루는 대비 개념(위 항목 참고). '깨짐' 자체가 일반적으로도 쓰이는 평범한 단어라 정의를 광물학적 의미로 한정해서 제시해야 함.,,SR_L5CORE_6514,5,REVIEW_BOUNDARY
D_new_S_soc,True,사회구조,명사,S(schemareading-schema),5531,"일정한 사회관계에서, 지위와 역할에 따라 상호 의존적으로 관계하는 개인이 행동할 수 있는 범위나 행동 양식을 정하여 주는 사회적 정의나 틀.",사람들이 사회 속에서 맡은 지위와 역할에 따라 서로 관계를 맺는 짜임새,산업화가 진행되면서 사회구조도 크게 변화하였다.,사회구조도,사회,소분류: 인간과 사회 / 주차: 1주차,"REUSE=0 (exact lemma match against 5,772 existing vocabulary_contents rows incl. L4 49) confirmed via phase14 reuse_check.py",NEW_PRIVATE_LOADABLE,,,SR_L5CORE_5531,5,REVIEW_BOUNDARY
D_new_S_soc,True,사회제도,명사,S(schemareading-schema),5532,"한 사회에 의하여 지지되고 있는 조직화된 행위 양식. 경제, 법률, 종교, 도덕, 관습 따위의 규범으로 이루어진다.",한 사회가 인정하고 지켜 나가는 조직적인 규칙이나 체계,결혼과 가족은 대표적인 사회제도 중 하나이다.,사회제도,사회,소분류: 인간과 사회 / 주차: 1주차,"REUSE=0 (exact lemma match against 5,772 existing vocabulary_contents rows incl. L4 49) confirmed via phase14 reuse_check.py",NEW_PRIVATE_LOADABLE,,,SR_L5CORE_5532,5,REVIEW_BOUNDARY
D_new_S_soc,True,정주환경,명사,S(schemareading-schema),5536,"인간이 생명을 유지하고 행복한 삶을 누리기 위해서는 일정한 공간에 자리 잡고 살아갈 수 있는 다양한 주변환경이 필요한데, 이를 정주환경이라고 한다.",사람이 일정한 곳에 자리 잡고 살아가는 데 필요한 주변 환경,쾌적한 정주환경을 만들기 위해 공원과 편의 시설이 늘어나고 있다.,정주환경을,사회,소분류: 인간과 사회 / 주차: 1주차,"REUSE=0 (exact lemma match against 5,772 existing vocabulary_contents rows incl. L4 49) confirmed via phase14 reuse_check.py",NEW_PRIVATE_LOADABLE,,,SR_L5CORE_5536,5,REVIEW_BOUNDARY
D_new_S_soc,True,인간중심주의 자연관,명사,S(schemareading-schema),5542,인간과 자연과의 관계에서 인간을 가장 가치 있는 존재로 여기고 인간의 이익이나 행복을 우선시하는 관점.,"인간을 가장 소중한 존재로 보고, 인간의 이익을 자연보다 앞세워 자연을 바라보는 관점",인간중심주의 자연관은 자연을 인간을 위한 자원으로 여기는 경향이 있다.,인간중심주의 자연관,사회,소분류: 자연환경과 인간 / 주차: 2주차,"REUSE=0 (exact lemma match against 5,772 existing vocabulary_contents rows incl. L4 49) confirmed via phase14 reuse_check.py",NEW_PRIVATE_LOADABLE,'생태중심주의 자연관'(이번 배치 포함)과 뜻이 반대되는 짝 개념이며 끝부분('~주의 자연관')이 동일해 혼동 가능 - 교과서에서도 대비해서 함께 가르치는 개념이라 출제 시 두 관점을 명확히 구분해야 함.,,SR_L5CORE_5542,5,REVIEW_BOUNDARY
D_new_S_soc,True,생태중심주의 자연관,명사,S(schemareading-schema),5543,"인간과 자연과의 관계에서, 인간을 자연의 일부분으로 간주하고 인간을 포함한 자연 전체의 균형과 안정을 중시하는 관점.","인간을 자연의 한 부분으로 보고, 자연 전체의 균형을 소중히 여기는 관점",생태중심주의 자연관에서는 인간도 자연의 일부라고 본다.,생태중심주의 자연관에서는,사회,소분류: 자연환경과 인간 / 주차: 2주차,"REUSE=0 (exact lemma match against 5,772 existing vocabulary_contents rows incl. L4 49) confirmed via phase14 reuse_check.py",NEW_PRIVATE_LOADABLE,'인간중심주의 자연관'과 혼동 가능(위 항목 참고).,,SR_L5CORE_5543,5,REVIEW_BOUNDARY
D_new_S_soc,True,생태도시,명사,S(schemareading-schema),5546,사람과 자연 또는 환경이 서로 조화되며 공생할 수 있는 체계를 갖춘 도시.,사람과 자연이 서로 어우러져 함께 살아갈 수 있도록 만든 도시,그 도시는 태양광 에너지를 활용하는 생태도시로 유명하다.,생태도시로,사회,소분류: 자연환경과 인간 / 주차: 2주차,"REUSE=0 (exact lemma match against 5,772 existing vocabulary_contents rows incl. L4 49) confirmed via phase14 reuse_check.py",NEW_PRIVATE_LOADABLE,,,SR_L5CORE_5546,5,REVIEW_BOUNDARY
D_new_S_soc,True,슬로시티,명사,S(schemareading-schema),5547,자연 친화적 환경에서 지역 고유의 전통을 살리고 양질의 삶을 누리면서 인간다움을 되찾고자 하는 사회 운동.,자연과 지역의 전통을 살리면서 느리지만 여유 있는 삶을 추구하는 도시 운동,이 마을은 슬로시티로 지정된 뒤 관광객이 늘었다.,슬로시티로,사회,소분류: 자연환경과 인간 / 주차: 2주차,"REUSE=0 (exact lemma match against 5,772 existing vocabulary_contents rows incl. L4 49) confirmed via phase14 reuse_check.py",NEW_PRIVATE_LOADABLE,,,SR_L5CORE_5547,5,REVIEW_BOUNDARY
D_new_S_soc,True,녹색소비,명사,S(schemareading-schema),5550,환경친화적인 제품을 구매하고 이를 환경친화적으로 사용하는 일.,환경에 도움이 되는 제품을 사고 환경을 생각하며 사용하는 것,일회용품 대신 다회용품을 사용하는 것도 녹색소비의 한 방법이다.,녹색소비의,사회,소분류: 자연환경과 인간 / 주차: 2주차,"REUSE=0 (exact lemma match against 5,772 existing vocabulary_contents rows incl. L4 49) confirmed via phase14 reuse_check.py",NEW_PRIVATE_LOADABLE,,,SR_L5CORE_5550,5,REVIEW_BOUNDARY
D_new_S_soc,True,도시화,명사,S(schemareading-schema),5551,"인구가 도시 지역으로 집중되는 과정으로, 도시적 생활 양식으로의 변화를 말한다.",인구가 도시로 몰리면서 도시적인 생활 방식으로 바뀌어 가는 과정,산업이 발달하면서 도시화가 빠르게 진행되었다.,도시화가,사회,소분류: 생활공간과 인간 / 주차: 3주차,"REUSE=0 (exact lemma match against 5,772 existing vocabulary_contents rows incl. L4 49) confirmed via phase14 reuse_check.py",NEW_PRIVATE_LOADABLE,,,SR_L5CORE_5551,5,REVIEW_BOUNDARY
D_new_S_soc,True,교외화,명사,S(schemareading-schema),5552,"대도시로 인구와 산업 및 각종 기능이 집중됨에 따라 발생하는 문제점을 해소시키기 위하여 주거지나 공장이 도시 외곽으로 이주, 확산되는 현상을 말한다.",도시가 복잡해지면서 사람들이 사는 곳과 공장이 도시 바깥쪽으로 옮겨 가는 현상,집값이 오르자 교외화 현상이 나타나 사람들이 도시 외곽으로 이사했다.,교외화,사회,소분류: 생활공간과 인간 / 주차: 3주차,"REUSE=0 (exact lemma match against 5,772 existing vocabulary_contents rows incl. L4 49) confirmed via phase14 reuse_check.py",NEW_PRIVATE_LOADABLE,"'도시화'와 방향이 반대되는 짝 개념(도시화=집중, 교외화=확산) - 교과서에서 함께 배우는 대비 개념, 출제 시 방향 구분 필요.",,SR_L5CORE_5552,5,REVIEW_BOUNDARY
D_new_S_soc,True,도시문제,명사,S(schemareading-schema),5553,"도시의 구조적 불균형에서 비롯되는 도시생활의 사회적 장애 또는 사회적 곤란. 구체적으로는 인구집중에서 야기되는 실업·빈곤·전염·질병 등을 비롯하여 주택난·교통난·급수난·청소문제와 같은 예로, 각종 공해 ·재해 ·사고 등의 발생, 공공시설 부족에 의한 생활환경의 악화, 나아가서 도시 특유의 범죄 ·마약중독 ·정신병과 같은 병리현상 등이다.","인구가 도시에 집중되면서 생기는 교통, 주택, 환경 등의 여러 어려움",교통 혼잡과 주택 부족은 대표적인 도시문제이다.,도시문제이다,사회,소분류: 생활공간과 인간 / 주차: 3주차,"REUSE=0 (exact lemma match against 5,772 existing vocabulary_contents rows incl. L4 49) confirmed via phase14 reuse_check.py",NEW_PRIVATE_LOADABLE,,,SR_L5CORE_5553,5,REVIEW_BOUNDARY
D_new_S_soc,True,인구공동화,명사,S(schemareading-schema),5554,도시 내부의 도심(都心)에서 주간 인구는 많지만 상주 인구는 감소하는 현상.,"도심에 낮에는 일하는 사람이 많지만, 밤에는 사는 사람이 줄어드는 현상",도심의 땅값이 오르면서 인구공동화 현상이 심해졌다.,인구공동화,사회,소분류: 생활공간과 인간 / 주차: 3주차,"REUSE=0 (exact lemma match against 5,772 existing vocabulary_contents rows incl. L4 49) confirmed via phase14 reuse_check.py",NEW_PRIVATE_LOADABLE,,,SR_L5CORE_5554,5,REVIEW_BOUNDARY
