idiom_id,headword,hanja,meaning,level_min
1,가렴주구,苛斂誅求,"세금을 가혹하게 거두어들이고, 무리하게 재물을 빼앗음.",10
2,가인박명,佳人薄命,미인은 불행하거나 병약하여 요절하는 일이 많음,9
3,각고면려,刻苦勉勵,"몸과 마음을 다하여, 무척 애를 쓰면서 부지런히 노력함.",10
5,각골지통,刻骨之痛,뼈에 사무칠 만큼 원통함. 또는 그런 일.,10
6,각골통한,刻骨痛恨,뼈에 사무칠 만큼 원통하고 한스 러움. 또는 그런 일.,10
7,각주구검,刻舟求劍,"빠뜨린 자리를 표시해 두었다가 배가 정박한 뒤에 칼을 찾으려 했다는 고사 (故事)에서, 미련하고 융통성이 없음의 비유.",7
9,간담상조,肝膽相照,서로 속마음을 털어놓고 친하게 사귐.,9
11,감탄고토,甘呑苦吐,"달면 삼키고 쓰면 뱉는다는 뜻으로, 자신의 비위에 따라서 사리의 옳고 그름 을 판단함을 이르는 말.",7
12,갑론을박,甲論乙駁,여러 사람이 서로 자신의 주장을 내세우며 상대편의 주장을 반박함.,7
13,강구연월,康衢煙月,태평한 시대의 큰 길거리의 평화로운 풍경.,10
14,개과천선,改過遷善,지난날의 잘못이나 허물을 고쳐 올바르고 착하게 됨.,5
15,격세지감,隔世之感,다른 세대를 만난 것처럼 몹시 달라진 느낌. 격세감.,7
16,견강부회,牽强附會,이치에 맞지 않는 말을 억지로 끌어 붙여 자기에게 유리하게 함.,10
17,견리사의,見利思義,"눈앞에 이익이 보일 때, 의리를 생각함.",10
24,경거망동,輕擧妄動,경솔하여 생각 없이 망령되게 행동함.,7
26,고립무원,孤立無援,고립되어 구원을 받을 데가 없음.,7
28,고진감래,苦盡甘來,"쓴 것이 다하면 단 것이 온다는 뜻으로, 고생 끝에 즐거움이 옴을 이르는 말.",5
30,과대망상,誇大妄想,사실보다 과장하여 터무니없는 헛된 생각을 하는 증상.,7
33,괄목상대,刮目相對,눈을 비비고 다시 본다는 뜻으로 남의 학식이나 재주가 생 각보다 부쩍 진보한 것을 이르는 말.,7
34,광음여류,光陰如流,세월이 가는 것이 물의 흐름처럼 빠름.,10
35,교언영색,巧言令色,아첨하는 말과 알랑거리는 태도.,9
36,구밀복검,口蜜腹劍,"다는 뜻으로, 말로는 친한 체하나 속으로는 해칠 생각을 가짐을 이르는 말.",9
38,구우일모,九牛一毛,"아홉 마리의 소 가운데 박힌 하나의 털이란 뜻으로, 매우 많은 것 가운데 극히 적은 수를 이르 는 말.",7
39,군웅할거,群雄割據,많은 영웅들이 서로 한 지방씩을 차지하여 세력을 다툼.,9
40,권불십년,權不十年,"권세는 십 년을 가지 못한다는 뜻으로, 아무리 높은 권세라도 오래가지 못함을 이르는 말.",7
41,권토중래,捲土重來,어떤 일에 실패한 뒤에 힘을 가다듬어 다시 그 일에 착수함을 비유하여 이르는 말.,9
42,근묵자흑,近墨者黑,"먹을 가까이하는 사람은 검어진다는 뜻으로, 나쁜 사람과 가까이 지내면 나쁜 버릇에 물들기 쉬움을 비유적으로 이르는 말.",5
46,금의환향,錦衣還鄕,"비단옷을 입고 고향에 돌아온다는 뜻으로, 출세를 하여 고향에 돌아가거나 돌아옴을 비유적으로 이르는 말.",7
47,기고만장,氣高萬丈,"1. 펄펄 뛸 만큼 대단히 성이 남. 2. 일이 뜻대로 잘될 때, 우쭐하여 뽐내는 기세가 대단함.",5
48,기사회생,起死回生,거의 죽을 뻔하다가 도로 살아남.,5
49,기호지세,騎虎之勢,"호랑이를 타고 달리는 형세라는 뜻으로, 이미 시작한 일을 중도에서 그만둘 수 없는 경우를 비유적으로 이르는 말.",7
51,내우외환,內憂外患,나라 안팎의 여러 가지 어려움.,9
52,노심초사,勞心焦思,몹시 마음을 쓰며 애를 태움.,7
53,능소능대,能小能大,모든 일에 두루 능함.,9
55,다다익선,多多益善,많으면 많을수록 더욱 좋음,5
56,당랑거철,螳螂拒轍,"제 역량을 생각하지 않고, 강한 상대나 되지 않을 일에 덤벼드는 무모한 행동거지를 비유적으로 이르는 말",7
57,대경실색,大驚失色,몹시 놀라 얼굴빛이 하얗게 질림.,7
58,독야청청,獨也靑靑,남들이 모두 절개를 꺾는 상황 속에서도 홀로 절개를 굳세게 지키고 있음을 비유적으로 이르는 말.,9
59,동가홍상,同價紅裳,"같은 값이면 다홍치마라는 뜻으로, 같은 값이면 좋은 물건을 가짐을 이르는 말.",7
60,동문서답,東問西答,물음과는 전혀 상관없는 엉뚱한 대답.,5
61,동병상련,同病相憐,"같 은 병을 앓는 사람끼리 서로 가엾게 여긴다는 뜻으로, 어려운 처지에 있는 사람끼리 서로 가엾게 여김을 이르는 말.",7
62,동분서주,東奔西走,"동쪽으로 뛰고 서쪽으로 뛴다는 뜻으로, 사방으로 이리저리 몹시 바 쁘게 돌아다님을 이르는 말.",7
63,동상이몽,同床異夢,"같은 자리에 자면서 다른 꿈을 꾼다는 뜻 으로, 겉으로는 같이 행동하면서도 속으로는 각각 딴생각을 하고 있음을 이르는 말.",5
64,두문불출,杜門不出,1. 집에만 있고 바깥출입을 아니함. 2. 집에서 은거하면서 관직에 나가지 아니하거나 사회의 일 을 하지 아니함을 비유적으로 이르는 말.,7
65,마이동풍,馬耳東風,"뜻으로, 남의 말을 귀담아듣지 아니하고 지나쳐 흘려 버림을 이르는 말.",5
66,막무가내,莫無可奈,도무지 융통성이 없고 고집이 세어 어찌할 수 없음,3
69,만사휴의,萬事休矣,것이 끝장났다’·‘모든 일이 전혀 가망 없다’의 뜻.,10
70,만시지탄,晩時之歎,시기에 늦어 기회를 놓쳤음을 안타까워하는 탄식.,9
71,망양지탄,亡羊之歎,"갈림길이 매우 많아 잃어버린 양을 찾을 길이 없음을 탄식한다는 뜻으로, 학문의 길이 여러 갈래여서 한 갈래의 진리도 얻기 어려움을 이르는 말.",10
72,망연자실,茫然自失,멍하니 정신을 잃음.,7
73,망운지정,望雲之情,"구름을 바라보며 그리워한다는 뜻으로, ①타향에서 고향에 계신 부모를 생 각함 ②멀리 떠나온 자식이 어버이를 사모하여 그리는 정",10
74,맥수지탄,麥秀之嘆,고국의 멸망을 한탄함을 이르는 말.,10
75,면종복배,面從腹背,겉으로는 복종하는 체하면서 내심으로는 배반함.,9
76,멸사봉공,滅私奉公,사를 버리고 공을 위하여 힘써 일함.,7
77,명재경각,命在頃刻,거의 죽게 되어 곧 숨이 끊어질 지경에 이름.,9
79,목불인견,目不忍見,눈앞에 벌어진 상황 따위를 눈 뜨고는 차마 볼 수 없음.,9
80,무위도식,無爲徒食,하는 일 없이 놀고먹음.,9
81,무위자연,無爲自然,자연에 맡겨 덧없는 행동은 하지 않음.,10
83,물아일체,物我一體,"외물(外物)과 자아, 객관과 주관, 또는 물질계와 정신계가 어울려 하나가 됨.",10
84,반신반의,半信半疑,얼마쯤 믿으면서도 한편으로는 의심함.,5
85,방약무인,傍若無人,곁에 사람이 없는 것처럼 아무 거리낌 없 이 함부로 말하고 행동하는 태도가 있음.,7
86,백가쟁명,百家爭鳴,"학설이나 주장을 자유롭게 발표하여, 논쟁하고 토론하는 일.",10
87,백골난망,白骨難忘,"죽어서 백골이 되어도 잊을 수 없다는 뜻으로, 남에게 큰 은덕을 입었을 때 고마움의 뜻으로 이르는 말.",7
88,백년하청,百年河淸,아무리 오랜 시일이 지나도 어떤 일이 이루어지기 어려움을 이르는 말.,9
89,백아절현,伯牙絶絃,"죽음을 슬퍼함. 중국 춘추 시대에 백아(伯牙)는 거문고를 매우 잘 탔고 그 의 벗 종자기(鍾子期)는 그 거문고 소리를 잘 들었는데, 종자기가 죽어 그 거문고 소리를 들을 사람이 없게 되자 백아가 절망하여 거문고 줄을 끊어 버리고 다시는 거문고를 타지 않았다는 데서 유래한다.",7
92,부화뇌동,附和雷同,줏대 없이 남의 의견에 따라 움직임.,9
93,분기탱천,憤氣撐天,분한 마음이 하늘을 찌를 듯 격렬하게 북받쳐 오름,7
96,비분강개,悲憤慷慨,슬프고 분하여 의분이 북받침.,9
97,비일비재,非一非再,한두 번이 아니고 많음.,7
98,사고무친,四顧無親,의지할 만한 사람이 아무도 없음.,5
99,사면초가,四面楚歌,"아무에게도 도움을 받지 못하는, 외롭고 곤란한 지경에 빠진 형편을 이르는 말.",5
101,사필귀정,事必歸正,모든 일은 반드시 바른길로 돌아 감.,5
102,삼고초려,三顧草廬,인재를 맞아들이기 위해 참을성 있게 노력한다는 말,5
103,삼십육계,三十六計,달아나는 것이 상책임을 나타내는 말.,5
104,상전벽해,桑田碧海,"뽕나무밭이 변하여 푸른 바다가 된다는 뜻으로, 세상일의 변천이 심 함을 비유적으로 이르는 말",7
105,새옹지마,塞翁之馬,인생의 길흉화복은 변화가 많아서 예측하 기가 어렵다는 말.,5
107,서절구투,鼠竊狗偸,"쥐나 개처럼 몰래 물건을 훔친다는 뜻으로, ‘좀도둑’을 이르는 말.",10
108,선견지명,先見之明,어떤 일이 일어나기 전에 미리 앞을 내다보고 아는 지혜.,5
109,선풍도골,仙風道骨,"란 뜻으로, 뛰어나게 고아한 풍채를 이르는 말.",10
110,설상가상,雪上加霜,"눈 위에 서리가 덮인다는 뜻으로, 난처한 일이나 불행한 일이 잇따라 일어남을 이르는 말.",5
111,설왕설래,說往說來,서로 변론을 주고받으며 옥신각신함. 또는 말이 오고 감.,7
113,소탐대실,小貪大失,작은 것을 탐내다가 큰 것을 잃음.,5
115,수구초심,首丘初心,"여우가 죽을 때에 머리를 자기가 살던 굴 쪽으로 둔다는 뜻 으로, 고향을 그리워하는 마음을 이르는 말).",9
116,수수방관,袖手傍觀,"팔짱을 끼고 보고만 있다는 뜻으로, 간섭하거나 거들지 아니하고 그대로 버려둠을 이 르는 말. ‘내버려 둠’, ‘보고만 있음’으로 순화.",7
119,수주대토,守株待兎,한 가지 일에만 얽매여 발전을 모르는 어리석은 사람을 비유적으로 이르는 말.,7
120,순망치한,脣亡齒寒,"입술이 없으면 이가 시리다는 뜻으로, 서로 이해관계가 밀접한 사이에 어느 한쪽이 망 하면 다른 한쪽도 그 영향을 받아 온전하기 어려움을 이르는 말.",7
122,시시비비,是是非非,1. 여러 가지의 잘잘못. 2. 옳고 그름을 따지며 다툼.,7
123,식자우환,識字憂患,학식이 있는 것이 오히려 근심을 사게 됨.,9
124,십장홍진,十丈紅塵,"열 길이나 되는 붉은 먼지, 어수선한 속세",10
127,안하무인,眼下無人,"눈 아래에 사람이 없다는 뜻으로, 방자하고 교만하여 다른 사람을 업신여김을 이르는 말.",7
128,암중모색,暗中摸索,1. 물건 따위를 어둠 속에서 더듬어 찾음. 2. 어림으로 무엇을 알아내거나 찾아내려 함. 3. 은 밀한 가운데 일의 실마리나 해결책을 찾아내려 함.,9
130,양자택일,兩者擇一,둘 중에서 하나를 고름.,5
135,여필종부,女必從夫,아내는 반드시 남편을 따라야 한다는 말.,10
136,연목구어,緣木求魚,"나무에 올라가서 물고기를 구한다 는 뜻으로, 도저히 불가능한 일을 굳이 하려 함을 비유적으로 이르는 말.",9
137,오리무중,五里霧中,"오 리나 되는 짙은 안개 속에 있다는 뜻으로, 무슨 일에 대하여 방향이나 갈 피를 잡을 수 없음을 이르는 말",5
139,오불관언,吾不關焉,나는 상관하지 않음. 또는 그러한 태도.,10
140,오월동주,吳越同舟,서로 적의를 품은 사람들이 한자리에 있게 된 경우나 서로 협력하여 야 하는 상황을 비유적으로 이르는 말.,9
141,온고지신,溫故知新,옛것을 익히고 그것을 미루어서 새것을 앎.,5
142,와신상담,臥薪嘗膽,원수를 갚거나 마음먹은 일을 이루기 위하여 온갖 어려움과 괴로움을 참고 견디다.,7
143,요지부동,搖之不動,흔들어도 꼼짝하지 않음.,7
145,유구무언,有口無言,"입은 있어도 말은 없다는 뜻으로, 변명할 말이 없거나 변명 을 못함을 이르는 말.",7
146,유방백세,流芳百世,꽃다운 이름이 후세에 길이 전함.,10
148,유유상종,類類相從,같은 무리끼리 서로 사귐,10
150,유일무이,唯一無二,오직 하나뿐이고 둘도 없음.,3
152,이구동성,異口同聲,"입은 다르나 목소리는 같다는 뜻으로, 여러 사람의 말이 한결같음을 이르는 말.",3
153,이란투석,以卵投石,"달걀로 돌을 친다는 뜻으로, 아주 약한 것으로 강한 것에 대항하려는 어리석음을 비유적으로 이르는 말",9
155,이심전심,以心傳心,마음과 마음으로 서로 뜻이 통함,5
157,이왕지사,已往之事,이미 지나간 일.,7
159,일거양득,一擧兩得,한 가지 일을 하여 두 가지 이익을 얻음.,5
161,일벌백계,一罰百戒,"한 사람을 벌주어 백 사람을 경계한다는 뜻으로, 다른 사람들에게 경각심을 불러일으키기 위하여 본보기 로 한 사람에게 엄한 처벌을 하는 일을 이르는 말.",9
163,일진일퇴,一進一退,한 번 앞으로 나아갔다 한 번 뒤로 물러섰다 함.,7
165,일편단심,一片丹心,"한 조각의 붉은 마음이라는 뜻으로, 진심에서 우러나오는 변치 아니하는 마음을 이르는 말.",5
168,자가당착,自家撞着,같은 사람의 말이나 행동이 앞뒤가 서로 맞지 아니하고 모순됨.,9
169,자격지심,自激之心,자기가 한 일에 대하여 스스로 미흡하게 여기는 마음.,7
170,자승자박,自繩自縛,자기가 한 말과 행동에 자기 자신이 옭혀 곤란하게 됨을 비유적으로 이르는 말.,7
172,자중지란,自中之亂,같은 편끼리 하는 싸움.,9
173,자포자기,自暴自棄,절망에 빠져 자신을 스스로 포기하고 돌아보지 아니함.,5
175,적반하장,賊反荷杖,"1994 2차 수능 도둑이 도리어 매를 든다는 뜻으로, 잘못한 사람이 아무 잘 못도 없는 사람을 나무람을 이르는 말.",5
176,전인미답,前人未踏,1.이제까지 그 누구도 가 보지 못함. 2.이제까지 그 누구도 손을 대어 본 일이 없음.,9
177,전전긍긍,戰戰兢兢,몹시 두려워서 벌벌 떨며 조심함,7
179,전화위복,轉禍爲福,재앙과 화난이 바뀌어 오히려 복이 됨.,5
180,절차탁마,切磋琢磨,"옥이나 돌 따위를 갈고 닦아서 빛을 낸다는 뜻으로, 부지런히 학문과 덕행을 닦음을 이르는 말.",10
181,절치부심,切齒腐心,몹 시 분하여 이를 갈며 속을 썩임.,9
182,점입가경,漸入佳境,1. 들어갈수록 점점 재미가 있음. 2. 시간이 지날수록 하는 짓이나 몰골이 더욱 꼴불견임을 비유적으로 이르는 말.,7
183,조변석개,朝變夕改,"아침저녁으로 뜯어고친다는 뜻으로, 계획이나 결정 따위를 일관성이 없이 자주 고침을 이르는 말.",10
188,중구난방,衆口難防,"뭇사람의 말을 막기가 어렵다는 뜻으로, 막기 어려울 정도로 여럿이 마구 지껄임을 이르는 말. ‘마구 떠듦’으로 순화.",5
190,지기지우,知己之友,자기의 속마음을 참되게 알아주는 친구.,5
191,진퇴양난,進退兩難,이러지도 저러지도 못하는 어려운 처지.,5
192,진퇴유곡,進退維谷,이러지도 저러지도 못하고 꼼짝할 수 없는 궁지.,9
193,천려일실,千慮一失,"천 번 생각에 한 번 실수라는 뜻으로, 슬기로운 사람이라도 여러 가지 생각 가운데에는 잘못되는 것이 있을 수 있음을 이르는 말.",10
195,천양지차,天壤之差,하늘과 땅 사이와 같이 엄청난 차이.,7
196,천우신조,天佑神助,하늘이 돕고 신령이 도움. 또는 그런 일.,9
199,청천벽력,靑天霹靂,"맑게 갠 하늘에서 치는 날벼락이라는 뜻으로, 뜻밖에 일어난 큰 변고나 사건 을 비유적으로 이르는 말.",5
200,청출어람,靑出於藍,"쪽에서 뽑아낸 푸른 물감이 쪽보다 더 푸르다는 뜻으로, 제자나 후배가 스승이나 선배보다 나 음을 비유적으로 이르는 말.",5
201,초록동색,草綠同色,같은 처지(處地)의 사람과 어울리거나 기우는 것.,7
203,침소봉대,針小棒大,작은 일을 크게 불리어 떠벌림.,7
205,토사구팽,兎死狗烹,"토끼가 죽으면 토끼를 잡던 사냥개도 필요 없게 되어 주인에게 삶아 먹히게 된다는 뜻으로, 필 요할 때는 쓰고 필요 없을 때는 야박하게 버리는 경우를 이르는 말.",9
207,표리부동,表裏不同,마음이 음흉하고 불량하여 겉과 속이 다름.,7
209,풍수지탄,風樹之嘆,효도를 다하지 못한 채 어버이를 여읜 자식의 슬픔을 이르 는 말.,10
210,풍찬노숙,風餐露宿,"바람을 먹고 이슬에 잠잔다는 뜻으로, 객지에서 많은 고생을 겪음을 이르는 말.",9
212,함구무언,緘口無言,입을 다물고 아무 말도 하지 아니함.,7
214,허장성세,虛張聲勢,실속은 없으면서 큰소리치거나 허세를 부림.,7
215,혈혈단신,孑孑單身,의지할 곳이 없는 외로운 홀몸.,7
216,호가호위,狐假虎威,남의 권세를 빌려 위세를 부림.,7
217,호구지책,糊口之策,가난한 살림에서 그저 겨우 먹고살아 가는 방책.,9
219,혼비백산,魂飛魄散,"혼백이 어지러이 흩어진다는 뜻으로, 몹시 놀라 넋을 잃음을 이르는 말.",5
220,환골탈태,換骨奪胎,사람이 보다 나은 방향으로 변하여 전혀 딴사람처럼 됨.,7
222,후생가외,後生可畏,"젊은 후학들을 두려워할 만하다는 뜻으로, 후진들이 선배들보다 젊고 기력이 좋아, 학문을 닦음에 따라 큰 인물이 될 수 있으므로 가히 두렵다는 말.",10
223,후안무치,厚顔無恥,뻔뻔스러워 부끄러움이 없음.,9
224,후회막급,後悔莫及,이미 잘못된 뒤에 아무리 후회하여도 다시 어찌할 수가 없음.,5
